$hessian                                                                        
        0.4647769014   0.0328483803   0.0028005849  -0.1726680879   0.0388106979
        0.0130742319  -0.0187537849   0.0197542101   0.0062760675  -0.0515071653
       -0.0121651427   0.0005588925   0.0040457441  -0.0025985227  -0.0013042706
       -0.0007311500   0.0001441909  -0.0002093918  -0.0010995692   0.0000381869
        0.0013305268  -0.0029258260  -0.0010844525   0.0003860124   0.0013166701
        0.0000383396  -0.0003547795  -0.0002675739   0.0001534013   0.0000362765
        0.0000737817  -0.0000957841  -0.0000199549   0.0005096386   0.0001620025
       -0.0001016496  -0.0005661941  -0.0002654232   0.0001119582  -0.0000719502
        0.0000465884   0.0000240572  -0.0003332360  -0.0001204145   0.0000852427
       -0.1248083146  -0.1182478615   0.0023910034  -0.0546920073   0.0329140547
       -0.0471639543  -0.0431206755   0.0094302250   0.0226811223   0.0000704070
       -0.0001123144   0.0002614773  -0.0000172558  -0.0000503353   0.0000733557
       -0.0000568258   0.0001255125  -0.0001681588   0.0008804461   0.0001219727
       -0.0006788079  -0.0001475508   0.0002612713  -0.0000801424   0.0001028042
       -0.0000775835  -0.0000167856  -0.0000700439   0.0000160164   0.0000181411
        0.0000603792   0.0000482935  -0.0000121721  -0.0000443423  -0.0000700943
        0.0000058771   0.0000447812  -0.0000254155  -0.0000047599
        0.0328483803   0.5365146475   0.0106589225   0.0205424454  -0.0690829020
       -0.0003666353   0.0463984776  -0.0288460264  -0.0116650157  -0.0258160059
        0.0070516270   0.0006132143  -0.0015549298  -0.0040854529  -0.0025233030
       -0.0003078499   0.0001306595   0.0000400467   0.0008202855   0.0016510708
        0.0007447313  -0.0011943935  -0.0000363603   0.0002059891  -0.0000067070
       -0.0001844477  -0.0000173258   0.0000333138  -0.0000637038  -0.0000067084
       -0.0000422152   0.0000066348   0.0000111457  -0.0000058217   0.0000199940
        0.0000022639   0.0000004824   0.0000133090  -0.0000015883   0.0000454178
       -0.0000172804  -0.0000089833  -0.0000974070  -0.0000578934   0.0000265439
       -0.1157418426  -0.2108246386   0.0010099960   0.0354078618  -0.1236403123
        0.1112660251   0.0105968440  -0.1078479407  -0.1102523588  -0.0002477232
       -0.0000016214  -0.0002655147  -0.0000330403   0.0000468636   0.0000862406
       -0.0000119985   0.0001146136  -0.0001380697  -0.0015559397  -0.0009792576
        0.0006021134  -0.0000153813   0.0000703067  -0.0000229676  -0.0000252187
       -0.0000017322  -0.0000037533  -0.0000115230   0.0000032964   0.0000011959
       -0.0000078391   0.0000023339   0.0000013361  -0.0000108943   0.0000052638
        0.0000015308  -0.0000067780   0.0000389493   0.0000009287
        0.0028005849   0.0106589225   0.4909834165   0.0120713081  -0.0020980373
       -0.0729947478   0.0119676825  -0.0098868569   0.0169835844  -0.0021175448
       -0.0002870911   0.0062919909   0.0000594312  -0.0012040849   0.0040840212
        0.0007249596  -0.0002052082   0.0000657242  -0.0009927813  -0.0001634870
        0.0002810473  -0.0006424372  -0.0001892991   0.0000744776   0.0000667904
       -0.0000858863  -0.0001671172   0.0000041014   0.0000019939  -0.0000053862
       -0.0000013691  -0.0000132933   0.0000191353   0.0000404151   0.0000240877
       -0.0000049367  -0.0000465547  -0.0000162507   0.0000093710   0.0000112685
       -0.0000033719   0.0000150283  -0.0000605751  -0.0000235369   0.0000103301
        0.0025734586   0.0015843813  -0.0437583547  -0.0518515872   0.1138721388
       -0.1844422493   0.0249645476  -0.1120541382  -0.2174577948  -0.0000171845
       -0.0000339634  -0.0001805486   0.0000488766   0.0001000795   0.0000492926
        0.0000820541  -0.0000881916   0.0002155982   0.0004165231   0.0001148539
        0.0000054754  -0.0000910384  -0.0000100283  -0.0000604260  -0.0000062748
        0.0000041154  -0.0000114177  -0.0000046343   0.0000020235   0.0000030400
        0.0000033605   0.0000000595  -0.0000033991  -0.0000043674  -0.0000024475
       -0.0000000086   0.0000009867   0.0000025163  -0.0000051462
       -0.1726680879   0.0205424454   0.0120713081   0.5412913249  -0.1448401446
       -0.0479915692  -0.1516608483   0.2002610532   0.0465428614  -0.1369142021
       -0.0662178294  -0.0095596892  -0.0416757785  -0.0257209103  -0.0017400472
        0.0014727876  -0.0006002290   0.0007015156   0.0036510097  -0.0015640469
       -0.0026690773  -0.0009384118   0.0007470372  -0.0006313665  -0.0059284200
       -0.0025152943   0.0009823879   0.0011639440  -0.0005463035  -0.0001796733
       -0.0003763205   0.0002111940   0.0001497679  -0.0019167051  -0.0006024752
        0.0003924846   0.0021725066   0.0009440560  -0.0004446357   0.0002284141
       -0.0002914156  -0.0000205133   0.0003626552   0.0003712604  -0.0001244554
       -0.0213375224   0.0001986708   0.0008711461  -0.0096656196   0.0082818278
       -0.0020377991  -0.0032077089   0.0068121071   0.0023075832  -0.0008275212
        0.0011491935  -0.0007972561  -0.0002824617  -0.0001051201  -0.0006236803
        0.0001488856  -0.0000359752  -0.0000197775  -0.0019553305   0.0038071034
        0.0022587790  -0.0007642495  -0.0006485345   0.0005533920  -0.0003161121
        0.0001640447   0.0000169175   0.0002524568  -0.0000460549  -0.0000582939
       -0.0002506862  -0.0001126823   0.0000526888   0.0000705881   0.0001791866
       -0.0000056018  -0.0001285861   0.0001778355   0.0000026037
        0.0388106979  -0.0690829020  -0.0020980373  -0.1448401446   0.8483816793
        0.1415404859   0.1788089578  -0.5912745782  -0.1154650396  -0.0668668667
       -0.1892532577  -0.0260648784  -0.0397036824   0.0212078604   0.0170547102
        0.0043609406  -0.0005902313  -0.0013538756  -0.0002442175  -0.0150202722
       -0.0106448948   0.0087689289   0.0000835651  -0.0027539612  -0.0064588945
       -0.0014976763   0.0016232480   0.0007948374   0.0000044075  -0.0001007635
       -0.0000111169   0.0003708871   0.0000271661  -0.0021241673  -0.0009738424
        0.0004179908   0.0024050688   0.0008613659  -0.0004720022  -0.0002069475
       -0.0002669578   0.0000165341   0.0009465618   0.0009712963  -0.0002677308
       -0.0243567697   0.0049871125   0.0030664916   0.0193656322  -0.0069105276
        0.0018987335   0.0150799825  -0.0062898511  -0.0053510799   0.0023752754
       -0.0008399655   0.0022696900  -0.0003454933  -0.0001522745  -0.0010691447
        0.0005334727  -0.0008834270   0.0011299892   0.0141966523   0.0084909933
       -0.0047106215  -0.0015067731  -0.0019844001   0.0012400752   0.0000339478
       -0.0000681162   0.0000596472   0.0003574612  -0.0001157486  -0.0000680968
       -0.0002371183  -0.0000654971   0.0000663747   0.0001008649   0.0001116586
       -0.0000073960  -0.0000370904  -0.0002013004   0.0000163858
        0.0130742319  -0.0003666353  -0.0729947478  -0.0479915692   0.1415404859
        0.2254393708   0.0416889976  -0.1180005522  -0.0925346792  -0.0112130740
       -0.0249388155  -0.0577372851  -0.0041970821   0.0048518678   0.0052916311
       -0.0002547021   0.0000303502  -0.0004619054  -0.0002335353  -0.0024479851
       -0.0037122972   0.0027384333   0.0000501307  -0.0016488819  -0.0008566595
        0.0000065761   0.0008650225   0.0001345423  -0.0000036787  -0.0001359650
       -0.0000417354   0.0000832255  -0.0000704403  -0.0002880601  -0.0001465861
        0.0000972811   0.0003007824   0.0001124479  -0.0001112768  -0.0000132069
       -0.0000372346  -0.0000775809   0.0002134658   0.0002216556  -0.0001247933
        0.0010052764  -0.0001370259   0.0001991548  -0.0236342391   0.0073488003
        0.0017989183   0.0258649002  -0.0088417113  -0.0047592866  -0.0005422399
        0.0005417630   0.0003875300  -0.0004825292  -0.0004640295  -0.0009912577
        0.0001379533   0.0000644415  -0.0000706192   0.0045266319   0.0004655266
        0.0003587910  -0.0000127115   0.0001486557   0.0007463492   0.0000438815
       -0.0000242305   0.0001260725   0.0000522585  -0.0000278802   0.0000029603
       -0.0000235044  -0.0000099330   0.0000532340   0.0000093008   0.0000180501
        0.0000099736  -0.0000058069  -0.0000376789   0.0000547274
       -0.0187537849   0.0463984776   0.0119676825  -0.1516608483   0.1788089578
        0.0416889976   0.1659201616  -0.1980000284  -0.0503989228   0.0209671235
       -0.0255142979  -0.0062248923  -0.0026854607   0.0073723529   0.0067265683
       -0.0004845899  -0.0002531443  -0.0021563924  -0.0098818939  -0.0130884519
        0.0004554791   0.0000299388  -0.0014352416  -0.0006695356   0.0009370840
        0.0003662831  -0.0000280980  -0.0003969083   0.0002900963   0.0000132986
        0.0002256504  -0.0000107976  -0.0000722744   0.0004966836   0.0000713971
       -0.0000948108  -0.0006008580  -0.0003167318   0.0001177150  -0.0001914972
        0.0000251518   0.0000176145   0.0000164646   0.0001032867   0.0000113048
        0.0039272767   0.0004105368  -0.0003214064  -0.0038885746   0.0016923038
        0.0008477943  -0.0065813474   0.0027452514   0.0006905050  -0.0008897467
       -0.0011522346   0.0001434849  -0.0000383011  -0.0003229819  -0.0001504061
        0.0002040679  -0.0003740502   0.0005200057   0.0032272459   0.0025115729
       -0.0032522087  -0.0002400553  -0.0000168039   0.0001269815   0.0002739109
       -0.0001673671   0.0000261523  -0.0000388007  -0.0000154636   0.0000130826
        0.0000820497   0.0000543337  -0.0000105033  -0.0000267809  -0.0000669689
        0.0000032835   0.0000517905  -0.0001154383   0.0000095006
        0.0197542101  -0.0288460264  -0.0098868569   0.2002610532  -0.5912745782
       -0.1180005522  -0.1980000284   0.7235842385   0.1491140509  -0.0243458421
       -0.1024614101  -0.0236217965   0.0133176113  -0.0041301287  -0.0045861701
       -0.0015098937   0.0003874662   0.0002661685  -0.0042203533   0.0045369551
        0.0060956626  -0.0042862843   0.0002377557   0.0014959766   0.0033594540
        0.0011016702  -0.0008357971  -0.0005691229   0.0000004497   0.0000517663
       -0.0000696633  -0.0002129342  -0.0000003530   0.0010822042   0.0005060711
       -0.0002073977  -0.0012871934  -0.0004673209   0.0002474026   0.0001095996
        0.0001263148  -0.0000095818  -0.0004972005  -0.0005334028   0.0001294782
       -0.0012476349   0.0008205427  -0.0001330368   0.0013023774  -0.0000372401
       -0.0012311200   0.0041004119  -0.0006049912   0.0004224054  -0.0011764116
        0.0006123920  -0.0011005956   0.0001198246  -0.0001292642   0.0006376634
       -0.0000671232   0.0002008683  -0.0002926665  -0.0066037222  -0.0049317670
        0.0023337909   0.0005813680   0.0013384985  -0.0008777458   0.0000439877
       -0.0000078878  -0.0000265567  -0.0002085653   0.0000514813   0.0000419909
        0.0001212587   0.0000416229  -0.0000309926  -0.0000699361  -0.0000599454
        0.0000089690   0.0000056145   0.0001505700  -0.0000041061
        0.0062760675  -0.0116650157   0.0169835844   0.0465428614  -0.1154650396
       -0.0925346792  -0.0503989228   0.1491140509   0.0635213375  -0.0052084980
       -0.0246940766   0.0206416968   0.0024695762  -0.0018030508  -0.0100065583
       -0.0021967715   0.0002581307   0.0000455815   0.0070601484   0.0070642019
        0.0033111957  -0.0004833864   0.0008162746   0.0013486496   0.0004745222
        0.0001766634  -0.0002800877  -0.0000883666  -0.0000356059   0.0001606184
        0.0000020122  -0.0000244335   0.0000377760   0.0001096931   0.0000677414
       -0.0000684921  -0.0001253648  -0.0000416594   0.0000808893   0.0000034702
        0.0000126287   0.0000354639  -0.0000746285  -0.0001211256   0.0000385677
       -0.0010826902   0.0003044527  -0.0007520704   0.0034072504  -0.0018767304
       -0.0009149754  -0.0011920475   0.0007068082   0.0004525036  -0.0004253916
       -0.0006434587  -0.0004664407   0.0001081430  -0.0000305230   0.0004680928
       -0.0002562919  -0.0001331850  -0.0002075874  -0.0050296120  -0.0021913255
       -0.0014043939   0.0002123506   0.0001310596  -0.0002941467  -0.0000587627
        0.0000192161  -0.0001195279  -0.0000360210   0.0000138323  -0.0000130096
        0.0000018275   0.0000023927  -0.0000455276  -0.0000062815  -0.0000033186
        0.0000012906  -0.0000048857   0.0000410951  -0.0000197509
       -0.0515071653  -0.0258160059  -0.0021175448  -0.1369142021  -0.0668668667
       -0.0112130740   0.0209671235  -0.0243458421  -0.0052084980   0.3872739375
        0.0767257445   0.0033456896  -0.0932372062   0.0249873529  -0.0160127518
       -0.0382138649   0.0094901332  -0.0089365094  -0.0360738811   0.0280202206
        0.0395107214  -0.0421931147  -0.0158072614   0.0038912785   0.0033650817
       -0.0027817653  -0.0024542419  -0.0003198457   0.0004924144  -0.0000379089
        0.0004431805  -0.0004884027  -0.0000018714   0.0022202588   0.0007819480
       -0.0004289466  -0.0022165776  -0.0009868398   0.0004227200  -0.0001653051
        0.0000848299   0.0001669947  -0.0017527433  -0.0005722425   0.0005142832
       -0.0089113845   0.0015644189   0.0008870263  -0.0005922235  -0.0013486914
       -0.0003197395   0.0000087878  -0.0016615640   0.0001778522   0.0002896395
       -0.0007049041   0.0008063359   0.0008940579  -0.0009569035   0.0013277310
       -0.0018966740   0.0040039053  -0.0055670383  -0.0031555239  -0.0054366349
        0.0012348934   0.0009324336   0.0019791186   0.0001311496   0.0006078137
       -0.0002554100  -0.0000425369  -0.0001626779   0.0000669106   0.0000340709
        0.0002775790   0.0001564072  -0.0000696726  -0.0001238182  -0.0002161848
        0.0000048889   0.0001563145  -0.0001078852  -0.0000453018
       -0.0121651427   0.0070516270  -0.0002870911  -0.0662178294  -0.1892532577
       -0.0249388155  -0.0255142979  -0.1024614101  -0.0246940766   0.0767257445
        0.3797019645   0.0585769874   0.0328950161  -0.0815924645  -0.0059286383
        0.0197097428  -0.0005225356   0.0054713102   0.0244531612   0.0003995128
       -0.0130053917  -0.0455332174  -0.0062484307   0.0040539428   0.0037675709
       -0.0026444131  -0.0023508592  -0.0005827512  -0.0001385622   0.0000581283
       -0.0000430850  -0.0002692787   0.0000858525   0.0016340829   0.0007964938
       -0.0003038827  -0.0017858528  -0.0006337313   0.0003223089   0.0002257120
       -0.0001023614   0.0000790605  -0.0019712997  -0.0011937891   0.0005371422
        0.0009974987   0.0007544635   0.0000195358  -0.0011294439  -0.0008886384
       -0.0008359632  -0.0003160848  -0.0008109238   0.0011674950  -0.0009253819
        0.0005710709  -0.0017851862  -0.0001888088   0.0004451265  -0.0004091587
        0.0015956404  -0.0016393396   0.0030905899  -0.0044419995  -0.0036057007
        0.0017727307  -0.0007400266   0.0019264015  -0.0006160838  -0.0001899008
        0.0000998104  -0.0000810628  -0.0002871961   0.0000881520   0.0000622561
        0.0001667933   0.0000503982  -0.0000412092  -0.0001656282  -0.0001192690
        0.0000238583   0.0000269838   0.0002390847  -0.0000437799
        0.0005588925   0.0006132143   0.0062919909  -0.0095596892  -0.0260648784
       -0.0577372851  -0.0062248923  -0.0236217965   0.0206416968   0.0033456896
        0.0585769874   0.0939341683  -0.0019854061  -0.0039603384  -0.0533554140
       -0.0267591822   0.0057860393  -0.0018288316   0.0407989238  -0.0146193432
       -0.0139748630   0.0027687021   0.0015063199   0.0058034982   0.0002650474
        0.0001987615   0.0003738672   0.0000364465  -0.0000162727   0.0003450613
        0.0000294212   0.0000508097  -0.0000109814  -0.0000445916  -0.0000427118
       -0.0000907301   0.0000799921   0.0000219738   0.0000939656  -0.0000316533
       -0.0000030181  -0.0000028979   0.0000768799   0.0000296390   0.0000790779
        0.0006457910  -0.0000297226   0.0010029433   0.0014153055  -0.0001225742
        0.0005279447  -0.0013190125   0.0000761585   0.0008130126   0.0001627433
       -0.0009019896   0.0005509168  -0.0002594722  -0.0000476598   0.0018115006
       -0.0027703534   0.0030697143  -0.0039523730  -0.0010401207   0.0006057753
        0.0001540719  -0.0000122137  -0.0010759352  -0.0010412719  -0.0001533199
       -0.0000402512  -0.0002431502  -0.0000028487  -0.0000009836  -0.0000233381
       -0.0000149957  -0.0000006144  -0.0000613923   0.0000056920   0.0000020899
       -0.0000258370  -0.0000117755   0.0000106068  -0.0000753505
        0.0040457441  -0.0015549298   0.0000594312  -0.0416757785  -0.0397036824
       -0.0041970821  -0.0026854607   0.0133176113   0.0024695762  -0.0932372062
        0.0328950161  -0.0019854061   0.3604560542   0.0282514988   0.0167419428
       -0.0650654114   0.0134872637  -0.0244941719  -0.0607506471  -0.0015302925
        0.0300900704  -0.0871010441  -0.0411977867   0.0017635975  -0.0119462793
       -0.0245575196  -0.0016163524   0.0018789259  -0.0015940517  -0.0001513455
       -0.0009604427   0.0003275247   0.0004739024  -0.0021863657  -0.0003660013
        0.0004341533   0.0024480187   0.0011994450  -0.0005202916   0.0007386924
       -0.0017380969   0.0002398810  -0.0044094061  -0.0016872363   0.0008649505
       -0.0002157893   0.0006691755  -0.0000744295  -0.0003621521   0.0000646726
        0.0000345434  -0.0002340373   0.0001278520  -0.0000586214   0.0033248008
       -0.0051944804   0.0087054953   0.0020080571  -0.0037120588   0.0070709149
       -0.0134879510   0.0132735362  -0.0230426271   0.0049117514  -0.0010640021
       -0.0146405328   0.0071159243   0.0186136218   0.0017279123  -0.0019794612
        0.0012696227   0.0001131034   0.0002149767  -0.0000001178  -0.0000625732
       -0.0003298351  -0.0001774281   0.0000585049  -0.0002932974   0.0001196769
        0.0000659350  -0.0002223803   0.0004611673  -0.0000704809
       -0.0025985227  -0.0040854529  -0.0012040849  -0.0257209103   0.0212078604
        0.0048518678   0.0073723529  -0.0041301287  -0.0018030508   0.0249873529
       -0.0815924645  -0.0039603384   0.0282514988   0.4914745210  -0.0137842414
        0.0100139854  -0.0821822746   0.0400826232  -0.0061436420  -0.0788754085
       -0.0206373080  -0.0225102841  -0.1954864264   0.0116536385  -0.0249749701
       -0.0107086954   0.0014147240   0.0025170652   0.0009501561  -0.0001580397
        0.0003438195   0.0006510946   0.0002835728  -0.0037856751  -0.0020426800
        0.0007491097   0.0043244810   0.0014650658  -0.0008790539  -0.0006309310
       -0.0011751215   0.0004942414   0.0016025850   0.0030221323  -0.0011199051
       -0.0014129113   0.0001115144  -0.0000121890   0.0001857033   0.0001922781
        0.0001383199   0.0004631776   0.0001265700  -0.0002397001   0.0061163157
       -0.0175216212   0.0221691813  -0.0028342484   0.0058667957  -0.0113335074
        0.0020057112  -0.0001103058   0.0009447435   0.0041290633  -0.0218578801
       -0.0288668005  -0.0032297773  -0.0243828465   0.0012945250   0.0015050800
       -0.0006752708   0.0000489124   0.0006016985  -0.0002143265  -0.0001345404
       -0.0003780414  -0.0000090569   0.0000638284  -0.0000052720   0.0001469786
        0.0000485761  -0.0001947045  -0.0001650067  -0.0001051043
       -0.0013042706  -0.0025233030   0.0040840212  -0.0017400472   0.0170547102
        0.0052916311   0.0067265683  -0.0045861701  -0.0100065583  -0.0160127518
       -0.0059286383  -0.0533554140   0.0167419428  -0.0137842414   0.4428965987
       -0.0267069065   0.0448250215  -0.1245880555   0.0309652066  -0.0577183658
       -0.1876416203  -0.0009331275   0.0007888488  -0.0487844868   0.0008941319
        0.0075860824  -0.0059683385  -0.0013129906   0.0002103452  -0.0018184090
        0.0003518820   0.0001415932   0.0000907877   0.0005225329  -0.0000143624
        0.0003657457  -0.0006204706  -0.0002897826  -0.0004317743  -0.0000117909
        0.0004004211   0.0012758867   0.0022699136   0.0008296087   0.0002277775
       -0.0005836798  -0.0000212131   0.0005644295   0.0006020388  -0.0000581796
        0.0000015054   0.0000088605   0.0000158223  -0.0000824551   0.0002531928
        0.0031231184  -0.0010013589  -0.0054405351   0.0087580285  -0.0241031883
       -0.0030541851   0.0006939741  -0.0007295601  -0.0048584680  -0.0109896805
        0.0020244441   0.0019882312   0.0122936281   0.0006674641   0.0011026583
       -0.0004609645   0.0005720179  -0.0000923195  -0.0000253396   0.0001474124
        0.0001256446   0.0000350384   0.0001926225   0.0000660788  -0.0000274407
       -0.0000277637   0.0000526603  -0.0003285594   0.0001366384
       -0.0007311500  -0.0003078499   0.0007249596   0.0014727876   0.0043609406
       -0.0002547021  -0.0004845899  -0.0015098937  -0.0021967715  -0.0382138649
        0.0197097428  -0.0267591822  -0.0650654114   0.0100139854  -0.0267069065
        0.5311272264   0.0134706965  -0.0231657375   0.0058779231   0.0011191077
        0.0094399122   0.0062347182  -0.0067588265   0.0064126543   0.0003710147
       -0.0001940531  -0.0001347270  -0.0000575418   0.0004312410   0.0000036133
        0.0002176016  -0.0000758580   0.0000076090   0.0000764730   0.0000923804
       -0.0000259770  -0.0001443754  -0.0000812734   0.0000307674  -0.0000185171
        0.0000171149  -0.0000461511  -0.0000659709   0.0000113100  -0.0000169573
       -0.0001267275   0.0000048373   0.0001040837   0.0000737560  -0.0001254913
        0.0000927023   0.0000058968  -0.0000806100  -0.0000876184  -0.0780005767
       -0.0854500705  -0.0002435440  -0.0687368256   0.0400668916   0.0637612995
       -0.2918906004   0.0083118711  -0.0029281149  -0.0005670416  -0.0004565301
        0.0001847314  -0.0005636288  -0.0018968036   0.0007921836  -0.0007717028
       -0.0007002783   0.0009932702  -0.0000109518   0.0000100033   0.0000109923
        0.0000201160   0.0000114986   0.0000011635  -0.0000007608  -0.0000037218
        0.0000023942  -0.0000272760   0.0000096391   0.0000040530
        0.0001441909   0.0001306595  -0.0002052082  -0.0006002290  -0.0005902313
        0.0000303502  -0.0002531443   0.0003874662   0.0002581307   0.0094901332
       -0.0005225356   0.0057860393   0.0134872637  -0.0821822746   0.0448250215
        0.0134706965   0.5134770565   0.0416516298  -0.0005795066   0.0052287656
       -0.0167000075   0.0020369342  -0.0331319988   0.0221991753   0.0030687817
       -0.0005277507   0.0010769357   0.0000491863  -0.0001956397   0.0002714412
        0.0001093149  -0.0001578444  -0.0000758506   0.0005152700   0.0002906955
       -0.0001243484  -0.0006617049  -0.0002301426   0.0001463926   0.0000051857
        0.0000381051  -0.0002828606  -0.0008673093  -0.0004315823  -0.0000468652
        0.0000404635   0.0000061103  -0.0000222491  -0.0000821776   0.0000232663
       -0.0000430229   0.0000332948  -0.0000147458   0.0000496520  -0.0860116115
       -0.2512916112  -0.0027936625   0.0397853180  -0.1050723310  -0.0982224926
        0.0088287360  -0.0420617643  -0.0007416954   0.0000229824   0.0008529373
       -0.0006649437  -0.0016225735  -0.0041386323   0.0031605076  -0.0002729012
       -0.0000032487   0.0003443848  -0.0000993865   0.0000216587   0.0000280254
        0.0000539241   0.0000084911   0.0000052223  -0.0000514848  -0.0000299786
        0.0000252999  -0.0000396466   0.0001170999   0.0000649985
       -0.0002093918   0.0000400467   0.0000657242   0.0007015156  -0.0013538756
       -0.0004619054  -0.0021563924   0.0002661685   0.0000455815  -0.0089365094
        0.0054713102  -0.0018288316  -0.0244941719   0.0400826232  -0.1245880555
       -0.0231657375   0.0416516298   0.4632624365  -0.0053299699   0.0046842580
       -0.0495819071  -0.0005708637   0.0099506963  -0.0013830439   0.0003508006
        0.0001848422  -0.0001139008   0.0003640129  -0.0003253313  -0.0004004162
       -0.0001871052   0.0002404999  -0.0000176196  -0.0001814276   0.0000395694
        0.0000186565   0.0003107896   0.0001514153   0.0000148017   0.0002215095
       -0.0000381369   0.0000006554  -0.0001457257  -0.0001088732   0.0000995743
       -0.0000400121  -0.0000255758  -0.0000139142   0.0000467433  -0.0000289104
        0.0000392190   0.0000049080   0.0000256298  -0.0000208230  -0.0000868425
       -0.0018152732  -0.0432154898   0.0647865043  -0.0998829400  -0.1999016832
       -0.0032200987  -0.0002580555  -0.0418021366   0.0010862649   0.0004440162
        0.0011373269   0.0004199744  -0.0000601015  -0.0006202165   0.0004385512
        0.0006544608  -0.0006112828   0.0000153713  -0.0000052454  -0.0000341047
       -0.0000355890  -0.0000136043  -0.0000376114   0.0000025057   0.0000112086
       -0.0000176824   0.0000103859   0.0000175484  -0.0000333514
       -0.0010995692   0.0008202855  -0.0009927813   0.0036510097  -0.0002442175
       -0.0002335353  -0.0098818939  -0.0042203533   0.0070601484  -0.0360738811
        0.0244531612   0.0407989238  -0.0607506471  -0.0061436420   0.0309652066
        0.0058779231  -0.0005795066  -0.0053299699   0.1793538898   0.1467977804
       -0.0855997406   0.0063595347  -0.0096060990  -0.0084606775  -0.0020354161
       -0.0003794177   0.0001298813  -0.0024467525   0.0001593961  -0.0014268258
        0.0006906259  -0.0004562102  -0.0001910045   0.0007610218  -0.0000003339
       -0.0000091906  -0.0008233058  -0.0005559646   0.0001314248  -0.0005969083
        0.0001169043   0.0001842719   0.0008385481   0.0008207753   0.0000447304
        0.0001779167  -0.0000511505  -0.0000828321   0.0000117826  -0.0001045847
        0.0001080722   0.0001753185  -0.0002008808  -0.0001431872  -0.0007164774
       -0.0000722942  -0.0001696911   0.0003153302   0.0002840401  -0.0014493651
        0.0009276007  -0.0003550689   0.0010508751  -0.0830365764  -0.1474678839
        0.0252450642  -0.0006090099  -0.0011219189  -0.0012296456  -0.0014105090
       -0.0016560303  -0.0003210856   0.0000536248  -0.0000180531  -0.0000121750
        0.0001557352   0.0001252727  -0.0000133632   0.0000310933  -0.0000855625
       -0.0000247922   0.0000999915  -0.0002584430  -0.0000287360
        0.0000381869   0.0016510708  -0.0001634870  -0.0015640469  -0.0150202722
       -0.0024479851  -0.0130884519   0.0045369551   0.0070642019   0.0280202206
        0.0003995128  -0.0146193432  -0.0015302925  -0.0788754085  -0.0577183658
        0.0011191077   0.0052287656   0.0046842580   0.1467977804   0.4524683714
        0.0690284807  -0.0059503794  -0.0477013652  -0.0286559950   0.0065899100
        0.0022417632  -0.0024868709  -0.0010882748  -0.0007811424  -0.0003799490
       -0.0002754995  -0.0006812957   0.0000078542   0.0012395933   0.0011229513
       -0.0001816836  -0.0015068425  -0.0004358590   0.0002611375   0.0007810087
        0.0005267920   0.0001442814  -0.0009047503  -0.0012134357   0.0005869227
        0.0003518391   0.0001105437   0.0000077053  -0.0003109736   0.0000474878
       -0.0001068107  -0.0000714679  -0.0000291991   0.0001680624   0.0002167273
        0.0008650706  -0.0000664364   0.0001264612   0.0001129982   0.0015931844
       -0.0005191143  -0.0003092729  -0.0000911967  -0.1554992812  -0.3243432718
        0.0270642304  -0.0014288434  -0.0010720998  -0.0031455047  -0.0015600716
        0.0007087895  -0.0005262420  -0.0001112151   0.0001507468   0.0000138324
        0.0001262446  -0.0000103989  -0.0000322219   0.0000075106  -0.0000034445
       -0.0000291456  -0.0000050854   0.0003046467   0.0000270861
        0.0013305268   0.0007447313   0.0002810473  -0.0026690773  -0.0106448948
       -0.0037122972   0.0004554791   0.0060956626   0.0033111957   0.0395107214
       -0.0130053917  -0.0139748630   0.0300900704  -0.0206373080  -0.1876416203
        0.0094399122  -0.0167000075  -0.0495819071  -0.0855997406   0.0690284807
        0.2952429344  -0.0074524688  -0.0236783931   0.0028104341   0.0040150231
        0.0008512443  -0.0007084369  -0.0007101797   0.0000638462   0.0008418382
       -0.0001856183  -0.0004968597  -0.0000221687   0.0005575294   0.0005171873
       -0.0003556593  -0.0008058910  -0.0002732972   0.0004313169   0.0003771962
        0.0002387679   0.0000603214  -0.0006966084  -0.0009819875   0.0003303710
        0.0001531579   0.0001145335  -0.0000396327   0.0000209026  -0.0000942700
       -0.0001293496  -0.0002828117   0.0002035721   0.0002240834   0.0005787653
       -0.0014955280   0.0016549097  -0.0028647131   0.0043070569  -0.0090546470
        0.0008970932  -0.0009609480   0.0014247629   0.0149036056   0.0069990910
       -0.0382740701  -0.0003409633  -0.0005213291  -0.0022452208  -0.0006575408
        0.0001242729  -0.0004574402  -0.0000662777   0.0000682955  -0.0000740438
        0.0000267462  -0.0000144967  -0.0001708772  -0.0000087673  -0.0000013691
       -0.0000539184  -0.0000160712   0.0001493381  -0.0001170628
       -0.0029258260  -0.0011943935  -0.0006424372  -0.0009384118   0.0087689289
        0.0027384333   0.0000299388  -0.0042862843  -0.0004833864  -0.0421931147
       -0.0455332174   0.0027687021  -0.0871010441  -0.0225102841  -0.0009331275
        0.0062347182   0.0020369342  -0.0005708637   0.0063595347  -0.0059503794
       -0.0074524688   0.6417715634  -0.0236473731   0.0126561380  -0.2556770124
       -0.0441956312   0.0659455514  -0.0388748007  -0.0004036489   0.0082716639
       -0.0028453584   0.0004711412   0.0002453421   0.0077007534   0.0042429330
       -0.0016836205  -0.0097294441  -0.0038861927   0.0018924667  -0.0007839391
        0.0006889182   0.0005174052  -0.0205845071  -0.0187142072   0.0060257715
       -0.0006059450   0.0000120051   0.0000272904   0.0000597202  -0.0000587995
        0.0000962686   0.0003198569  -0.0001607915  -0.0001603446   0.0001860201
        0.0011521646  -0.0014491747   0.0000305223   0.0002400880  -0.0005970151
        0.0000154840   0.0000592167   0.0006121850   0.0014375300   0.0013056685
        0.0012932330  -0.2046466799   0.1512378567  -0.0892848781   0.0009429411
       -0.0008003289  -0.0004700490  -0.0012514071  -0.0002378228   0.0002733194
        0.0011702654   0.0000902497  -0.0001366802  -0.0001683976  -0.0000385255
        0.0000468548   0.0020670395   0.0013117753   0.0004534207
       -0.0010844525  -0.0000363603  -0.0001892991   0.0007470372   0.0000835651
        0.0000501307  -0.0014352416   0.0002377557   0.0008162746  -0.0158072614
       -0.0062484307   0.0015063199  -0.0411977867  -0.1954864264   0.0007888488
       -0.0067588265  -0.0331319988   0.0099506963  -0.0096060990  -0.0477013652
       -0.0236783931  -0.0236473731   0.5964563271  -0.0985072828  -0.0445173152
       -0.0902269361   0.0222539257   0.0230840139   0.0075793557  -0.0047732679
        0.0002605269  -0.0063038611  -0.0006523093   0.0023084360   0.0038044697
       -0.0003019498  -0.0035034905  -0.0012537258   0.0006524199   0.0017210859
       -0.0053008006  -0.0001424687  -0.0414044191  -0.0215582453   0.0100376104
       -0.0000858763   0.0000071734   0.0000177426   0.0000284584  -0.0000603209
        0.0000126229   0.0000400677  -0.0000988189  -0.0000007527   0.0017625454
       -0.0030844235   0.0048091625  -0.0006617833   0.0006176189  -0.0007766534
        0.0000214246   0.0003686510  -0.0008602905   0.0019508053  -0.0031221184
       -0.0060353237   0.1597548981  -0.1977096083   0.0852857117  -0.0003703816
        0.0010851201  -0.0001545118   0.0010099711   0.0003405188  -0.0002984714
        0.0002915303  -0.0000016835  -0.0000595754  -0.0014336102  -0.0006398387
        0.0001571702  -0.0014668838   0.0013844069   0.0000919135
        0.0003860124   0.0002059891   0.0000744776  -0.0006313665  -0.0027539612
       -0.0016488819  -0.0006695356   0.0014959766   0.0013486496   0.0038912785
        0.0040539428   0.0058034982   0.0017635975   0.0116536385  -0.0487844868
        0.0064126543   0.0221991753  -0.0013830439  -0.0084606775  -0.0286559950
        0.0028104341   0.0126561380  -0.0985072828   0.1140891087   0.0366505448
        0.0156193261  -0.0399409898   0.0096190442  -0.0023757251   0.0003914514
        0.0002687054   0.0000747907   0.0056441461  -0.0039956553  -0.0009811538
        0.0007850115   0.0047731186   0.0019309100  -0.0015261330   0.0018528716
       -0.0004267640   0.0034705743   0.0052108343   0.0053882145   0.0020554161
        0.0000774477   0.0000558632   0.0000057584   0.0000914591  -0.0000531639
       -0.0000308765  -0.0002616161   0.0000408921   0.0000798182  -0.0010937529
        0.0033447661  -0.0030873825  -0.0002940280  -0.0001393952   0.0021726245
        0.0008191256  -0.0006305243   0.0003613588   0.0012516216  -0.0038405690
       -0.0039473548  -0.0686686998   0.0714985748  -0.0352129618  -0.0006163369
        0.0005504315  -0.0017688228   0.0002078363   0.0000343745   0.0000986248
       -0.0005975278  -0.0000299223  -0.0001719440   0.0000927923   0.0000495268
        0.0001583818  -0.0007358858   0.0001980638  -0.0018464562
        0.0013166701  -0.0000067070   0.0000667904  -0.0059284200  -0.0064588945
       -0.0008566595   0.0009370840   0.0033594540   0.0004745222   0.0033650817
        0.0037675709   0.0002650474  -0.0119462793  -0.0249749701   0.0008941319
        0.0003710147   0.0030687817   0.0003508006  -0.0020354161   0.0065899100
        0.0040150231  -0.2556770124  -0.0445173152   0.0366505448   0.6511688932
       -0.0174027603  -0.1107896493  -0.2028370284   0.1449073218   0.0345552891
       -0.0559590032  -0.0007161153   0.0114154976  -0.0118492131   0.0165507872
        0.0014391717   0.0103666729   0.0033541291  -0.0019656385   0.0049324540
       -0.0335270578  -0.0011988824  -0.0952611218  -0.0734716480   0.0083175095
        0.0001922176   0.0001140554  -0.0000432493  -0.0000608508   0.0000036123
       -0.0000109653  -0.0001312556   0.0000558045   0.0000258623   0.0000320497
        0.0006488238  -0.0003994001  -0.0003487783  -0.0002175105   0.0010591387
        0.0007637805   0.0001748660  -0.0007287112   0.0006074199  -0.0002646655
        0.0000165580  -0.0281813712   0.0037977009   0.0131141070   0.0046528618
       -0.0027643914  -0.0007163570  -0.0039600488  -0.0021147258   0.0023541677
       -0.0008414982  -0.0002652702   0.0001213642  -0.0044772152  -0.0019506360
        0.0026604921   0.0007883125   0.0222598502  -0.0010865055
        0.0000383396  -0.0001844477  -0.0000858863  -0.0025152943  -0.0014976763
        0.0000065761   0.0003662831   0.0011016702   0.0001766634  -0.0027817653
       -0.0026444131   0.0001987615  -0.0245575196  -0.0107086954   0.0075860824
       -0.0001940531  -0.0005277507   0.0001848422  -0.0003794177   0.0022417632
        0.0008512443  -0.0441956312  -0.0902269361   0.0156193261  -0.0174027603
        0.6462338294  -0.0047321490   0.0704202956  -0.1978432690  -0.0169762369
        0.0521097346   0.0543409022  -0.0101699350   0.0187558624  -0.0618882350
       -0.0039237216   0.0013604100   0.0023540294  -0.0002726327  -0.0865076910
       -0.0088523166   0.0178382882   0.0014134119  -0.2932228354   0.0022355568
        0.0000001250   0.0000604407  -0.0000144328  -0.0000346780  -0.0000076764
       -0.0000150715  -0.0000010293  -0.0000116128   0.0000139110   0.0002676795
        0.0000027634   0.0001193543  -0.0001435708  -0.0000015457   0.0002684088
        0.0001333875  -0.0004426188  -0.0002086532   0.0005046319   0.0001150408
        0.0001146241   0.0174163226   0.0051389876  -0.0056441924   0.0212829775
       -0.0236326916  -0.0036077067  -0.0028616447   0.0006363329   0.0005762659
       -0.0003785922   0.0006047138   0.0000547123  -0.0011468430   0.0012961179
        0.0000776986  -0.0009689708  -0.0224338711  -0.0002716976
       -0.0003547795  -0.0000173258  -0.0001671172   0.0009823879   0.0016232480
        0.0008650225  -0.0000280980  -0.0008357971  -0.0002800877  -0.0024542419
       -0.0023508592   0.0003738672  -0.0016163524   0.0014147240  -0.0059683385
       -0.0001347270   0.0010769357  -0.0001139008   0.0001298813  -0.0024868709
       -0.0007084369   0.0659455514   0.0222539257  -0.0399409898  -0.1107896493
       -0.0047321490   0.1469105777   0.0313788203  -0.0300652795  -0.0547850099
        0.0118170301   0.0005597242  -0.0043216890   0.0018257684  -0.0039312383
       -0.0061449354  -0.0027726997  -0.0009206977   0.0003568051  -0.0021911341
        0.0068735524  -0.0007827559   0.0091691335   0.0170489263  -0.0514916735
       -0.0000440148  -0.0000360602  -0.0000097210  -0.0000611891   0.0000286380
       -0.0000010410   0.0000979771  -0.0000176029  -0.0000092431  -0.0002758908
        0.0000249628  -0.0002855874   0.0003705115   0.0002166556  -0.0005836552
       -0.0003347672   0.0004930784   0.0000533457   0.0002104650   0.0001542850
        0.0000654550  -0.0064419085  -0.0031197190  -0.0010953147  -0.0001124195
        0.0000733194   0.0008751067   0.0024075455   0.0003537149   0.0074853707
        0.0003129818   0.0000565051   0.0002930279   0.0026172964   0.0004928913
        0.0078252763   0.0003465218  -0.0042314873   0.0015856423
       -0.0002675739   0.0000333138   0.0000041014   0.0011639440   0.0007948374
        0.0001345423  -0.0003969083  -0.0005691229  -0.0000883666  -0.0003198457
       -0.0005827512   0.0000364465   0.0018789259   0.0025170652  -0.0013129906
       -0.0000575418   0.0000491863   0.0003640129  -0.0024467525  -0.0010882748
       -0.0007101797  -0.0388748007   0.0230840139   0.0096190442  -0.2028370284
        0.0704202956   0.0313788203   0.6409679827   0.0126192585  -0.1068099760
       -0.3030217302  -0.0375261903   0.0534211525   0.0067387416  -0.0880276426
       -0.0025009089  -0.0052039423  -0.0002385696   0.0021112966  -0.0579338837
        0.0134592583   0.0113384392   0.0412103243   0.0587091993  -0.0072919849
       -0.0000527362  -0.0000310726   0.0000132221   0.0000190224  -0.0000177124
        0.0000112156   0.0000250645  -0.0000221441  -0.0000211980  -0.0000657485
        0.0001624253  -0.0000854030  -0.0001841885  -0.0000156621  -0.0001375210
       -0.0006088664  -0.0002604379   0.0003858494  -0.0000994209   0.0003793890
        0.0002849663  -0.0045785653  -0.0018629130   0.0014622091  -0.0508752696
       -0.0471174697   0.0017668207  -0.0243056833  -0.0045499274   0.0051905068
       -0.0001299061   0.0004194517   0.0001197199  -0.0004338554   0.0007382373
       -0.0000845880   0.0006902422  -0.0014760410   0.0014007508
        0.0001534013  -0.0000637038   0.0000019939  -0.0005463035   0.0000044075
       -0.0000036787   0.0002900963   0.0000004497  -0.0000356059   0.0004924144
       -0.0001385622  -0.0000162727  -0.0015940517   0.0009501561   0.0002103452
        0.0004312410  -0.0001956397  -0.0003253313   0.0001593961  -0.0007811424
        0.0000638462  -0.0004036489   0.0075793557  -0.0023757251   0.1449073218
       -0.1978432690  -0.0300652795   0.0126192585   0.6723408436   0.0143693173
       -0.1086100850  -0.1168506759   0.0209252716  -0.0324206369  -0.0104502139
        0.0063480768  -0.0017783984  -0.0060918429   0.0002781877   0.0113669968
        0.0000209049  -0.0023400109   0.0084001113  -0.0490581818  -0.0021201527
        0.0000132640  -0.0000120736   0.0000008709   0.0000167272   0.0000064239
        0.0000005016   0.0000039446   0.0000157659  -0.0000056918   0.0000587254
        0.0000081514  -0.0000039887   0.0001544694  -0.0000943322  -0.0001507808
       -0.0005737986  -0.0001121418   0.0013358223  -0.0003650182   0.0002399160
       -0.0000336007  -0.0021120018   0.0005178652   0.0015549912  -0.0485044593
       -0.2997047184  -0.0042841782   0.0186302597   0.0051573913  -0.0036420486
        0.0000361915  -0.0003677898  -0.0000224342   0.0000507250   0.0008183105
        0.0000081365  -0.0008761419  -0.0058956542   0.0003274186
        0.0000362765  -0.0000067084  -0.0000053862  -0.0001796733  -0.0001007635
       -0.0001359650   0.0000132986   0.0000517663   0.0001606184  -0.0000379089
        0.0000581283   0.0003450613  -0.0001513455  -0.0001580397  -0.0018184090
        0.0000036133   0.0002714412  -0.0004004162  -0.0014268258  -0.0003799490
        0.0008418382   0.0082716639  -0.0047732679   0.0003914514   0.0345552891
       -0.0169762369  -0.0547850099  -0.1068099760   0.0143693173   0.1295249358
        0.0525629645   0.0063199367  -0.0502287907  -0.0016978705   0.0174524612
       -0.0011589440   0.0016722850  -0.0003249696   0.0061670085   0.0108405481
       -0.0023471479  -0.0046638309  -0.0075210210  -0.0122526455   0.0019084555
        0.0000065775   0.0000032922  -0.0000062906   0.0000106707  -0.0000031620
        0.0000001815  -0.0000112835   0.0000114825   0.0000026950   0.0002378324
       -0.0000803273   0.0000249573   0.0002790614  -0.0000172678   0.0000978718
        0.0007568171   0.0000857061  -0.0000432316   0.0000353965   0.0000160064
       -0.0002504234  -0.0000690752   0.0003702128   0.0006824680   0.0020566508
       -0.0027155969  -0.0314252297   0.0052819212   0.0010416778  -0.0014846701
        0.0000804966  -0.0001018095   0.0001042418   0.0000682140  -0.0001478400
       -0.0000995283   0.0011354023   0.0003343029   0.0062543411
        0.0000737817  -0.0000422152  -0.0000013691  -0.0003763205  -0.0000111169
       -0.0000417354   0.0002256504  -0.0000696633   0.0000020122   0.0004431805
       -0.0000430850   0.0000294212  -0.0009604427   0.0003438195   0.0003518820
        0.0002176016   0.0001093149  -0.0001871052   0.0006906259  -0.0002754995
       -0.0001856183  -0.0028453584   0.0002605269   0.0002687054  -0.0559590032
        0.0521097346   0.0118170301  -0.3030217302  -0.1086100850   0.0525629645
        0.6468437294   0.0054529585  -0.1104822818  -0.0972768598   0.0033236119
        0.0102767440  -0.0225798623  -0.0441521162   0.0052008088   0.0414178616
        0.0074007229  -0.0084991298  -0.0260807731  -0.0311314514   0.0044230661
       -0.0000044822   0.0000084367  -0.0000109776   0.0000187468   0.0000053649
        0.0000258013   0.0000093551   0.0000088390  -0.0000224741   0.0000512634
       -0.0000426995   0.0000443485   0.0000158039   0.0000406761   0.0000341638
       -0.0001263854  -0.0003369574   0.0002424308  -0.0002239428  -0.0000737335
       -0.0001642549  -0.0005115139  -0.0000183746   0.0011348755  -0.0077325735
       -0.0050034361   0.0015907748  -0.1714729098   0.1213916925   0.0303064177
        0.0016790720  -0.0027868363  -0.0006101987  -0.0028841646   0.0032816342
        0.0019067918   0.0003696501  -0.0011400626  -0.0000130935
       -0.0000957841   0.0000066348  -0.0000132933   0.0002111940   0.0003708871
        0.0000832255  -0.0000107976  -0.0002129342  -0.0000244335  -0.0004884027
       -0.0002692787   0.0000508097   0.0003275247   0.0006510946   0.0001415932
       -0.0000758580  -0.0001578444   0.0002404999  -0.0004562102  -0.0006812957
       -0.0004968597   0.0004711412  -0.0063038611   0.0000747907  -0.0007161153
        0.0543409022   0.0005597242  -0.0375261903  -0.1168506759   0.0063199367
        0.0054529585   0.6606058049   0.0053303376  -0.0822609867  -0.3130035313
        0.0146105664  -0.0110148518  -0.0200872752   0.0021377255   0.0610775388
       -0.0513651360  -0.0125390539  -0.0321714607  -0.0333846919   0.0062730563
       -0.0000314107   0.0000012768  -0.0000019461   0.0000058463   0.0000038585
        0.0000067753   0.0000049731  -0.0000018418  -0.0000060351  -0.0000075383
       -0.0000648657   0.0000480215  -0.0000985524   0.0000518571   0.0000794070
       -0.0000503581  -0.0000663842  -0.0002074728   0.0000381988  -0.0000053216
       -0.0000941979   0.0010996751   0.0000147376  -0.0002861690  -0.0278525711
       -0.0129482379   0.0057111195   0.1205296994  -0.1606191497  -0.0272428408
        0.0011589126   0.0024307488  -0.0002350479   0.0030086328  -0.0024568355
       -0.0005674681  -0.0005292073   0.0000013583   0.0000472290
       -0.0000199549   0.0000111457   0.0000191353   0.0001497679   0.0000271661
       -0.0000704403  -0.0000722744  -0.0000003530   0.0000377760  -0.0000018714
        0.0000858525  -0.0000109814   0.0004739024   0.0002835728   0.0000907877
        0.0000076090  -0.0000758506  -0.0000176196  -0.0001910045   0.0000078542
       -0.0000221687   0.0002453421  -0.0006523093   0.0056441461   0.0114154976
       -0.0101699350  -0.0043216890   0.0534211525   0.0209252716  -0.0502287907
       -0.1104822818   0.0053303376   0.1297133333   0.0092759136  -0.0032585106
       -0.0502306460   0.0055709262   0.0087298815   0.0034088272  -0.0080925339
       -0.0017306382   0.0018448292   0.0043849351   0.0060857111  -0.0038654495
       -0.0000003730  -0.0000013568   0.0000023386   0.0000067212  -0.0000074119
       -0.0000046499  -0.0000091574   0.0000009793   0.0000055132   0.0000159454
       -0.0000142393   0.0000293426  -0.0000243010  -0.0000125636   0.0000282109
       -0.0000448764  -0.0000207563  -0.0000455234   0.0000422150   0.0000405675
        0.0000546928   0.0011368801   0.0001495039   0.0003663536   0.0009680362
        0.0008618063  -0.0000469504   0.0305194418  -0.0268071780  -0.0380385481
       -0.0005422925   0.0006214110  -0.0009243231   0.0019395017  -0.0006354633
        0.0065536924  -0.0000928666   0.0002255047   0.0000288013
        0.0005096386  -0.0000058217   0.0000404151  -0.0019167051  -0.0021241673
       -0.0002880601   0.0004966836   0.0010822042   0.0001096931   0.0022202588
        0.0016340829  -0.0000445916  -0.0021863657  -0.0037856751   0.0005225329
        0.0000764730   0.0005152700  -0.0001814276   0.0007610218   0.0012395933
        0.0005575294   0.0077007534   0.0023084360  -0.0039956553  -0.0118492131
        0.0187558624   0.0018257684   0.0067387416  -0.0324206369  -0.0016978705
       -0.0972768598  -0.0822609867   0.0092759136   0.6316271624  -0.0044359068
       -0.0998901330  -0.2452610542  -0.0597549027   0.0418234557  -0.2000364624
        0.1467764962   0.0290586507  -0.0561268833  -0.0006977507   0.0104820752
        0.0000583038   0.0000309502  -0.0000151452  -0.0000195120  -0.0000008761
        0.0000056134  -0.0000340699   0.0000209927  -0.0000041368   0.0000261029
        0.0001205172  -0.0000039986  -0.0000344012  -0.0000805767   0.0000566568
        0.0000167630  -0.0002794328   0.0002285275  -0.0003491000  -0.0002974552
       -0.0000974545   0.0000908998   0.0002448932   0.0011590860  -0.0041782014
       -0.0020882023   0.0024204143  -0.0002005039   0.0226744439   0.0004169429
       -0.0319834039  -0.0014925456   0.0061886699   0.0049481040  -0.0037618717
       -0.0004155499  -0.0038181710  -0.0019169338   0.0024620781
        0.0001620025   0.0000199940   0.0000240877  -0.0006024752  -0.0009738424
       -0.0001465861   0.0000713971   0.0005060711   0.0000677414   0.0007819480
        0.0007964938  -0.0000427118  -0.0003660013  -0.0020426800  -0.0000143624
        0.0000923804   0.0002906955   0.0000395694  -0.0000003339   0.0011229513
        0.0005171873   0.0042429330   0.0038044697  -0.0009811538   0.0165507872
       -0.0618882350  -0.0039312383  -0.0880276426  -0.0104502139   0.0174524612
        0.0033236119  -0.3130035313  -0.0032585106  -0.0044359068   0.6685247939
        0.0029802884  -0.0930855208  -0.1115951533   0.0176665079   0.0673890835
       -0.1980184555  -0.0122007808   0.0536405982   0.0552220463  -0.0105855137
        0.0000197445   0.0000197467  -0.0000046341  -0.0000200490  -0.0000067641
       -0.0000116422  -0.0000287617   0.0000012359   0.0000136804  -0.0000121938
        0.0001448335  -0.0000680223  -0.0000620173  -0.0000660812   0.0000334051
       -0.0002084934   0.0000665659  -0.0001372851  -0.0000645425  -0.0001299832
        0.0001875216  -0.0003940895   0.0004657298  -0.0001741250  -0.0009174156
        0.0014767703   0.0002326453  -0.0015916945  -0.0232368981   0.0007000613
        0.0250695186   0.0131513059  -0.0048029952   0.0213948095  -0.0249421670
       -0.0042023994  -0.0029216765   0.0007403016   0.0006468034
       -0.0001016496   0.0000022639  -0.0000049367   0.0003924846   0.0004179908
        0.0000972811  -0.0000948108  -0.0002073977  -0.0000684921  -0.0004289466
       -0.0003038827  -0.0000907301   0.0004341533   0.0007491097   0.0003657457
       -0.0000259770  -0.0001243484   0.0000186565  -0.0000091906  -0.0001816836
       -0.0003556593  -0.0016836205  -0.0003019498   0.0007850115   0.0014391717
       -0.0039237216  -0.0061449354  -0.0025009089   0.0063480768  -0.0011589440
        0.0102767440   0.0146105664  -0.0502306460  -0.0998901330   0.0029802884
        0.1415615826   0.0411692915   0.0111818380  -0.0416944138   0.0292314512
       -0.0285520099  -0.0554778882   0.0109029702   0.0002700388  -0.0039072569
       -0.0000116191  -0.0000062983   0.0000055962  -0.0000014877   0.0000041769
        0.0000009807   0.0000106100  -0.0000072129   0.0000030009  -0.0000282626
       -0.0000314368   0.0000055781  -0.0000008651   0.0000166074  -0.0000289179
       -0.0000060714   0.0000804321  -0.0000707776   0.0000605901   0.0000591365
        0.0000971330   0.0000026829  -0.0001999334  -0.0000550034   0.0024275947
        0.0001234561   0.0074987626   0.0001664926  -0.0049349284   0.0009280332
        0.0065499854   0.0005152181  -0.0021560966  -0.0007637204   0.0009097372
        0.0019626946   0.0024830410   0.0005058662   0.0081146415
       -0.0005661941   0.0000004824  -0.0000465547   0.0021725066   0.0024050688
        0.0003007824  -0.0006008580  -0.0012871934  -0.0001253648  -0.0022165776
       -0.0017858528   0.0000799921   0.0024480187   0.0043244810  -0.0006204706
       -0.0001443754  -0.0006617049   0.0003107896  -0.0008233058  -0.0015068425
       -0.0008058910  -0.0097294441  -0.0035034905   0.0047731186   0.0103666729
        0.0013604100  -0.0027726997  -0.0052039423  -0.0017783984   0.0016722850
       -0.0225798623  -0.0110148518   0.0055709262  -0.2452610542  -0.0930855208
        0.0411692915   0.4829406759  -0.0884603511  -0.0933069205  -0.0418143566
       -0.0037463001   0.0088107822  -0.0035470308   0.0005502306   0.0020717025
       -0.0000518047  -0.0000355810   0.0000175118   0.0000340221   0.0000007399
        0.0000089943   0.0000574295  -0.0000207108  -0.0000141332  -0.0000194365
       -0.0001083093   0.0000182860   0.0000075207   0.0001040846  -0.0001510793
       -0.0001022821   0.0002459015  -0.0003015461   0.0003271667   0.0002885384
        0.0001174734   0.0004163410  -0.0005750226  -0.0012862271  -0.0008517874
       -0.0003178219   0.0003126664   0.0036327678   0.0021481354  -0.0009938728
       -0.1692116442   0.1971732824   0.0359217846   0.0014674740  -0.0004277465
       -0.0009742754  -0.0011466399  -0.0002856566   0.0002426487
       -0.0002654232   0.0000133090  -0.0000162507   0.0009440560   0.0008613659
        0.0001124479  -0.0003167318  -0.0004673209  -0.0000416594  -0.0009868398
       -0.0006337313   0.0000219738   0.0011994450   0.0014650658  -0.0002897826
       -0.0000812734  -0.0002301426   0.0001514153  -0.0005559646  -0.0004358590
       -0.0002732972  -0.0038861927  -0.0012537258   0.0019309100   0.0033541291
        0.0023540294  -0.0009206977  -0.0002385696  -0.0060918429  -0.0003249696
       -0.0441521162  -0.0200872752   0.0087298815  -0.0597549027  -0.1115951533
        0.0111818380  -0.0884603511   0.4250552079   0.0233032675   0.0244311326
        0.0096937778  -0.0048671310   0.0007301017  -0.0060624749   0.0000229134
       -0.0000257007  -0.0000201021   0.0000093228   0.0000073873  -0.0000078692
       -0.0000013343   0.0000191021  -0.0000192605   0.0000027648  -0.0000132790
       -0.0000418279  -0.0000012321  -0.0000179555   0.0000440738  -0.0000397409
       -0.0000287241   0.0001287542  -0.0001994058   0.0002045901   0.0000888185
        0.0000707520   0.0000414262  -0.0003201259  -0.0005026368  -0.0017101891
       -0.0007617272   0.0004326611  -0.0009476627   0.0021013394   0.0002166487
        0.1700893703  -0.2956840123  -0.0385721580  -0.0007047915   0.0016515824
        0.0000865657   0.0011259274   0.0002551267  -0.0002230667
        0.0001119582  -0.0000015883   0.0000093710  -0.0004446357  -0.0004720022
       -0.0001112768   0.0001177150   0.0002474026   0.0000808893   0.0004227200
        0.0003223089   0.0000939656  -0.0005202916  -0.0008790539  -0.0004317743
        0.0000307674   0.0001463926   0.0000148017   0.0001314248   0.0002611375
        0.0004313169   0.0018924667   0.0006524199  -0.0015261330  -0.0019656385
       -0.0002726327   0.0003568051   0.0021112966   0.0002781877   0.0061670085
        0.0052008088   0.0021377255   0.0034088272   0.0418234557   0.0176665079
       -0.0416944138  -0.0933069205   0.0233032675   0.0445857390   0.0088243490
        0.0009021229   0.0013734097   0.0018152248  -0.0001052304   0.0047258439
        0.0000102715   0.0000064787  -0.0000080226   0.0000001970  -0.0000061554
       -0.0000049051  -0.0000156151   0.0000093770   0.0000014884   0.0000056039
        0.0000408497  -0.0000118197  -0.0000284886  -0.0000191766   0.0000430648
        0.0000169259  -0.0000678472   0.0000348686  -0.0000511103  -0.0000616046
       -0.0001093996  -0.0001926714   0.0001558878   0.0001008413   0.0002077140
        0.0000062150   0.0000341477  -0.0010700847  -0.0003900632  -0.0013703559
        0.0354411422  -0.0439849957  -0.0135757738  -0.0008362353   0.0000699974
       -0.0027468432   0.0002676503   0.0000540714   0.0001283290
       -0.0000719502   0.0000454178   0.0000112685   0.0002284141  -0.0002069475
       -0.0000132069  -0.0001914972   0.0001095996   0.0000034702  -0.0001653051
        0.0002257120  -0.0000316533   0.0007386924  -0.0006309310  -0.0000117909
       -0.0000185171   0.0000051857   0.0002215095  -0.0005969083   0.0007810087
        0.0003771962  -0.0007839391   0.0017210859   0.0018528716   0.0049324540
       -0.0865076910  -0.0021911341  -0.0579338837   0.0113669968   0.0108405481
        0.0414178616   0.0610775388  -0.0080925339  -0.2000364624   0.0673890835
        0.0292314512  -0.0418143566   0.0244311326   0.0088243490   0.6579554877
        0.0209524150  -0.1089035469  -0.3178572526  -0.0431809058   0.0562375922
       -0.0000177404  -0.0000094825   0.0000077830  -0.0000086964  -0.0000111385
       -0.0000168131  -0.0000142168  -0.0000081047   0.0000080946  -0.0000177972
        0.0000793994  -0.0000505416  -0.0000827958  -0.0000494811  -0.0000024766
       -0.0001056944   0.0001815341  -0.0002824851   0.0001651374  -0.0000300850
        0.0002393693  -0.0004982323   0.0002590511  -0.0006679067  -0.0003460435
        0.0007880613   0.0003522799   0.0009090597  -0.0015012255   0.0014001811
       -0.0062207787  -0.0006079901   0.0014105633  -0.0546199961  -0.0523399323
        0.0043094184  -0.0249450430  -0.0043293074   0.0049361430
        0.0000465884  -0.0000172804  -0.0000033719  -0.0002914156  -0.0002669578
       -0.0000372346   0.0000251518   0.0001263148   0.0000126287   0.0000848299
       -0.0001023614  -0.0000030181  -0.0017380969  -0.0011751215   0.0004004211
        0.0000171149   0.0000381051  -0.0000381369   0.0001169043   0.0005267920
        0.0002387679   0.0006889182  -0.0053008006  -0.0004267640  -0.0335270578
       -0.0088523166   0.0068735524   0.0134592583   0.0000209049  -0.0023471479
        0.0074007229  -0.0513651360  -0.0017306382   0.1467764962  -0.1980184555
       -0.0285520099  -0.0037463001   0.0096937778   0.0009021229   0.0209524150
        0.6693558889  -0.0065700015  -0.1126535552  -0.1193675267   0.0224152769
        0.0000117805   0.0000035346   0.0000007682  -0.0000088061  -0.0000063430
       -0.0000031902  -0.0000029275  -0.0000037151  -0.0000000864   0.0000112907
        0.0000614898  -0.0000094752  -0.0000164596  -0.0000256586  -0.0000522795
       -0.0000136040  -0.0000473992  -0.0000091594  -0.0000316125  -0.0000292066
        0.0000724642   0.0001038810  -0.0004354619   0.0001251105   0.0000686354
        0.0008058335   0.0000040151  -0.0009760580  -0.0060739947   0.0000086604
       -0.0022833644   0.0000897170   0.0004228325  -0.0532778607  -0.2946672043
        0.0121043252   0.0188031310   0.0050325819  -0.0037984323
        0.0000240572  -0.0000089833   0.0000150283  -0.0000205133   0.0000165341
       -0.0000775809   0.0000176145  -0.0000095818   0.0000354639   0.0001669947
        0.0000790605  -0.0000028979   0.0002398810   0.0004942414   0.0012758867
       -0.0000461511  -0.0002828606   0.0000006554   0.0001842719   0.0001442814
        0.0000603214   0.0005174052  -0.0001424687   0.0034705743  -0.0011988824
        0.0178382882  -0.0007827559   0.0113384392  -0.0023400109  -0.0046638309
       -0.0084991298  -0.0125390539   0.0018448292   0.0290586507  -0.0122007808
       -0.0554778882   0.0088107822  -0.0048671310   0.0013734097  -0.1089035469
       -0.0065700015   0.1299409148   0.0555228173   0.0082967953  -0.0499336881
        0.0000040289   0.0000022031  -0.0000001323   0.0000126165   0.0000001160
        0.0000039628  -0.0000044681   0.0000033196  -0.0000018559   0.0000461746
       -0.0000545839   0.0000711569  -0.0000173734  -0.0000082947   0.0000308342
        0.0000358704  -0.0000805280   0.0000484594  -0.0000671928   0.0000484183
       -0.0000246932   0.0005598163  -0.0004935395   0.0001684317   0.0000656922
       -0.0001718417  -0.0001293785   0.0012964062   0.0001348784   0.0066051265
        0.0015385584   0.0000897248   0.0009419632   0.0044910733   0.0117723580
       -0.0335608574   0.0048261070   0.0008494413  -0.0012314590
       -0.0003332360  -0.0000974070  -0.0000605751   0.0003626552   0.0009465618
        0.0002134658   0.0000164646  -0.0004972005  -0.0000746285  -0.0017527433
       -0.0019712997   0.0000768799  -0.0044094061   0.0016025850   0.0022699136
       -0.0000659709  -0.0008673093  -0.0001457257   0.0008385481  -0.0009047503
       -0.0006966084  -0.0205845071  -0.0414044191   0.0052108343  -0.0952611218
        0.0014134119   0.0091691335   0.0412103243   0.0084001113  -0.0075210210
       -0.0260807731  -0.0321714607   0.0043849351  -0.0561268833   0.0536405982
        0.0109029702  -0.0035470308   0.0007301017   0.0018152248  -0.3178572526
       -0.1126535552   0.0555228173   0.6700764155   0.0050865029  -0.1132486667
       -0.0000626248   0.0000139348  -0.0000001432   0.0000199897  -0.0000153663
        0.0000172273   0.0000427077  -0.0000310859  -0.0000184141   0.0001021059
       -0.0001839071   0.0002154848   0.0000590617   0.0000307059  -0.0001123209
       -0.0000283895  -0.0000796565   0.0002160745  -0.0001231860   0.0001085286
       -0.0001129155   0.0013434898  -0.0031396228   0.0002079075  -0.0028165737
        0.0032570049   0.0016936240   0.0003020977  -0.0011003614  -0.0002485247
       -0.0009849719  -0.0005592857   0.0004061602  -0.0070793892  -0.0045887127
        0.0015824215  -0.1772598001   0.1250353531   0.0283344694
       -0.0001204145  -0.0000578934  -0.0000235369   0.0003712604   0.0009712963
        0.0002216556   0.0001032867  -0.0005334028  -0.0001211256  -0.0005722425
       -0.0011937891   0.0000296390  -0.0016872363   0.0030221323   0.0008296087
        0.0000113100  -0.0004315823  -0.0001088732   0.0008207753  -0.0012134357
       -0.0009819875  -0.0187142072  -0.0215582453   0.0053882145  -0.0734716480
       -0.2932228354   0.0170489263   0.0587091993  -0.0490581818  -0.0122526455
       -0.0311314514  -0.0333846919   0.0060857111  -0.0006977507   0.0552220463
        0.0002700388   0.0005502306  -0.0060624749  -0.0001052304  -0.0431809058
       -0.1193675267   0.0082967953   0.0050865029   0.6410847648  -0.0046384751
       -0.0000550920  -0.0000225705  -0.0000036667   0.0000304832   0.0000177935
        0.0000354414   0.0000437656   0.0000088216  -0.0000449189   0.0001335500
       -0.0001119577   0.0001450744  -0.0000070740   0.0000599811  -0.0001548856
        0.0001471884  -0.0002994411   0.0002136728  -0.0000731011   0.0001112760
       -0.0002176517   0.0021778402   0.0007598166  -0.0003010292   0.0029160111
       -0.0023836112  -0.0006977172  -0.0005755785   0.0000278364   0.0000703450
        0.0016641240  -0.0002433435  -0.0002934576  -0.0271029826  -0.0118110168
        0.0055603341   0.1246241565  -0.1603297647  -0.0242502559
        0.0000852427   0.0000265439   0.0000103301  -0.0001244554  -0.0002677308
       -0.0001247933   0.0000113048   0.0001294782   0.0000385677   0.0005142832
        0.0005371422   0.0000790779   0.0008649505  -0.0011199051   0.0002277775
       -0.0000169573  -0.0000468652   0.0000995743   0.0000447304   0.0005869227
        0.0003303710   0.0060257715   0.0100376104   0.0020554161   0.0083175095
        0.0022355568  -0.0514916735  -0.0072919849  -0.0021201527   0.0019084555
        0.0044230661   0.0062730563  -0.0038654495   0.0104820752  -0.0105855137
       -0.0039072569   0.0020717025   0.0000229134   0.0047258439   0.0562375922
        0.0224152769  -0.0499336881  -0.1132486667  -0.0046384751   0.1309218317
        0.0000162985  -0.0000026028   0.0000019318   0.0000081164   0.0000023262
       -0.0000058319  -0.0000210368   0.0000083803   0.0000043843  -0.0000366520
        0.0000124951   0.0000287119  -0.0000652659  -0.0000315163   0.0000773903
        0.0000181164  -0.0000286075  -0.0001135992  -0.0000299920  -0.0000258159
        0.0000731475   0.0000658182   0.0007888045  -0.0003438946   0.0019709008
       -0.0009641186   0.0066329867  -0.0000883872   0.0002164205  -0.0000269476
        0.0003407592   0.0001032907   0.0010048851   0.0013984475   0.0009353885
       -0.0006504967   0.0280267126  -0.0245003029  -0.0377570519
       -0.1248083146  -0.1157418426   0.0025734586  -0.0213375224  -0.0243567697
        0.0010052764   0.0039272767  -0.0012476349  -0.0010826902  -0.0089113845
        0.0009974987   0.0006457910  -0.0002157893  -0.0014129113  -0.0005836798
       -0.0001267275   0.0000404635  -0.0000400121   0.0001779167   0.0003518391
        0.0001531579  -0.0006059450  -0.0000858763   0.0000774477   0.0001922176
        0.0000001250  -0.0000440148  -0.0000527362   0.0000132640   0.0000065775
       -0.0000044822  -0.0000314107  -0.0000003730   0.0000583038   0.0000197445
       -0.0000116191  -0.0000518047  -0.0000257007   0.0000102715  -0.0000177404
        0.0000117805   0.0000040289  -0.0000626248  -0.0000550920   0.0000162985
        0.1453195519   0.1364372429  -0.0021927661   0.0047915634   0.0043967944
        0.0002406971   0.0019828684   0.0008107019  -0.0008485540  -0.0000668952
       -0.0000364310   0.0000055546   0.0000099570  -0.0000068294   0.0000665331
        0.0000343529   0.0000382119  -0.0000128814  -0.0002132271  -0.0002332010
        0.0000453815  -0.0000272117   0.0001054401  -0.0000325723   0.0000186685
       -0.0000178981  -0.0000043433  -0.0000129537   0.0000072273   0.0000028659
        0.0000058402   0.0000101026  -0.0000014763  -0.0000037923  -0.0000086129
        0.0000009931   0.0000006347   0.0000197742   0.0000006492
       -0.1182478615  -0.2108246386   0.0015843813   0.0001986708   0.0049871125
       -0.0001370259   0.0004105368   0.0008205427   0.0003044527   0.0015644189
        0.0007544635  -0.0000297226   0.0006691755   0.0001115144  -0.0000212131
        0.0000048373   0.0000061103  -0.0000255758  -0.0000511505   0.0001105437
        0.0001145335   0.0000120051   0.0000071734   0.0000558632   0.0001140554
        0.0000604407  -0.0000360602  -0.0000310726  -0.0000120736   0.0000032922
        0.0000084367   0.0000012768  -0.0000013568   0.0000309502   0.0000197467
       -0.0000062983  -0.0000355810  -0.0000201021   0.0000064787  -0.0000094825
        0.0000035346   0.0000022031   0.0000139348  -0.0000225705  -0.0000026028
        0.1364372429   0.2377973567  -0.0026663558  -0.0111003119  -0.0182389953
        0.0027964518  -0.0099476024  -0.0156431874  -0.0019090147  -0.0000353793
        0.0000464340  -0.0000226611   0.0000048882  -0.0000171683   0.0000059629
        0.0000102188   0.0000162921  -0.0000120433  -0.0000756142  -0.0000088981
        0.0000362680   0.0000769030   0.0000223277  -0.0000455999  -0.0000108739
        0.0000053959   0.0000015234  -0.0000117515   0.0000021557   0.0000024887
       -0.0000010716   0.0000078968   0.0000004582  -0.0000010701  -0.0000034636
        0.0000007874   0.0000025486   0.0000107794   0.0000003851
        0.0023910034   0.0010099960  -0.0437583547   0.0008711461   0.0030664916
        0.0001991548  -0.0003214064  -0.0001330368  -0.0007520704   0.0008870263
        0.0000195358   0.0010029433  -0.0000744295  -0.0000121890   0.0005644295
        0.0001040837  -0.0000222491  -0.0000139142  -0.0000828321   0.0000077053
       -0.0000396327   0.0000272904   0.0000177426   0.0000057584  -0.0000432493
       -0.0000144328  -0.0000097210   0.0000132221   0.0000008709  -0.0000062906
       -0.0000109776  -0.0000019461   0.0000023386  -0.0000151452  -0.0000046341
        0.0000055962   0.0000175118   0.0000093228  -0.0000080226   0.0000077830
        0.0000007682  -0.0000001323  -0.0000001432  -0.0000036667   0.0000019318
       -0.0021927661  -0.0026663558   0.0450943440   0.0134422481   0.0214935167
       -0.0014821715  -0.0149984632  -0.0227646327  -0.0008790316  -0.0000211999
        0.0000079010   0.0000103632   0.0000094342  -0.0000134352   0.0000029380
        0.0000144303  -0.0000100078   0.0000222814  -0.0000091192   0.0000207321
        0.0000550913  -0.0000107635  -0.0000130057  -0.0000203641  -0.0000041061
        0.0000030432   0.0000022025   0.0000025841   0.0000000512  -0.0000008072
       -0.0000031831  -0.0000015169   0.0000019180   0.0000008885   0.0000017340
        0.0000007180  -0.0000008677   0.0000016972  -0.0000014962
       -0.0546920073   0.0354078618  -0.0518515872  -0.0096656196   0.0193656322
       -0.0236342391  -0.0038885746   0.0013023774   0.0034072504  -0.0005922235
       -0.0011294439   0.0014153055  -0.0003621521   0.0001857033   0.0006020388
        0.0000737560  -0.0000821776   0.0000467433   0.0000117826  -0.0003109736
        0.0000209026   0.0000597202   0.0000284584   0.0000914591  -0.0000608508
       -0.0000346780  -0.0000611891   0.0000190224   0.0000167272   0.0000106707
        0.0000187468   0.0000058463   0.0000067212  -0.0000195120  -0.0000200490
       -0.0000014877   0.0000340221   0.0000073873   0.0000001970  -0.0000086964
       -0.0000088061   0.0000126165   0.0000199897   0.0000304832   0.0000081164
        0.0047915634  -0.0111003119   0.0134422481   0.0615548318  -0.0419231580
        0.0550874621   0.0025422864  -0.0017181681   0.0014783980   0.0000589125
       -0.0000672046   0.0000217065   0.0000274522   0.0000296755   0.0000509183
        0.0000297486  -0.0000443767   0.0000684867   0.0001714110   0.0001691933
       -0.0001355957  -0.0001401707  -0.0000858172  -0.0000547992   0.0000067262
       -0.0000009507  -0.0000123757   0.0000109805  -0.0000019925  -0.0000030279
       -0.0000024790  -0.0000006807  -0.0000045073   0.0000045936   0.0000021400
       -0.0000029621  -0.0000032597  -0.0000226972  -0.0000094701
        0.0329140547  -0.1236403123   0.1138721388   0.0082818278  -0.0069105276
        0.0073488003   0.0016923038  -0.0000372401  -0.0018767304  -0.0013486914
       -0.0008886384  -0.0001225742   0.0000646726   0.0001922781  -0.0000581796
       -0.0001254913   0.0000232663  -0.0000289104  -0.0001045847   0.0000474878
       -0.0000942700  -0.0000587995  -0.0000603209  -0.0000531639   0.0000036123
       -0.0000076764   0.0000286380  -0.0000177124   0.0000064239  -0.0000031620
        0.0000053649   0.0000038585  -0.0000074119  -0.0000008761  -0.0000067641
        0.0000041769   0.0000007399  -0.0000078692  -0.0000061554  -0.0000111385
       -0.0000063430   0.0000001160  -0.0000153663   0.0000177935   0.0000023262
        0.0043967944  -0.0182389953   0.0214935167  -0.0419231580   0.1404146520
       -0.1288787149  -0.0037051269   0.0091438068  -0.0116880578  -0.0000249434
       -0.0000057661   0.0000197860  -0.0000003804  -0.0000144974  -0.0000079425
       -0.0000234982   0.0000274802  -0.0000328590   0.0000228356  -0.0001007766
        0.0000646154  -0.0000330853   0.0000654472   0.0000119601   0.0000113925
       -0.0000122681   0.0000041191   0.0000012868  -0.0000017969   0.0000001086
       -0.0000004458   0.0000054390   0.0000036708  -0.0000024143  -0.0000028477
        0.0000025798   0.0000008271  -0.0000052934   0.0000015792
       -0.0471639543   0.1112660251  -0.1844422493  -0.0020377991   0.0018987335
        0.0017989183   0.0008477943  -0.0012311200  -0.0009149754  -0.0003197395
       -0.0008359632   0.0005279447   0.0000345434   0.0001383199   0.0000015054
        0.0000927023  -0.0000430229   0.0000392190   0.0001080722  -0.0001068107
       -0.0001293496   0.0000962686   0.0000126229  -0.0000308765  -0.0000109653
       -0.0000150715  -0.0000010410   0.0000112156   0.0000005016   0.0000001815
        0.0000258013   0.0000067753  -0.0000046499   0.0000056134  -0.0000116422
        0.0000009807   0.0000089943  -0.0000013343  -0.0000049051  -0.0000168131
       -0.0000031902   0.0000039628   0.0000172273   0.0000354414  -0.0000058319
        0.0002406971   0.0027964518  -0.0014821715   0.0550874621  -0.1288787149
        0.2117048513  -0.0069928398   0.0150704562  -0.0271334029   0.0000260749
       -0.0000224742  -0.0000144739   0.0000261591   0.0000275784  -0.0000170614
        0.0000187220  -0.0000166879   0.0000302030  -0.0000153778   0.0000003661
        0.0000087757  -0.0000909833  -0.0000646723   0.0000620680  -0.0000016808
       -0.0000007820  -0.0000005517   0.0000033689  -0.0000012231  -0.0000007721
        0.0000003694  -0.0000003294   0.0000016784   0.0000022756  -0.0000013167
        0.0000005024  -0.0000032087  -0.0000189167   0.0000015209
       -0.0431206755   0.0105968440   0.0249645476  -0.0032077089   0.0150799825
        0.0258649002  -0.0065813474   0.0041004119  -0.0011920475   0.0000087878
       -0.0003160848  -0.0013190125  -0.0002340373   0.0004631776   0.0000088605
        0.0000058968   0.0000332948   0.0000049080   0.0001753185  -0.0000714679
       -0.0002828117   0.0003198569   0.0000400677  -0.0002616161  -0.0001312556
       -0.0000010293   0.0000979771   0.0000250645   0.0000039446  -0.0000112835
        0.0000093551   0.0000049731  -0.0000091574  -0.0000340699  -0.0000287617
        0.0000106100   0.0000574295   0.0000191021  -0.0000156151  -0.0000142168
       -0.0000029275  -0.0000044681   0.0000427077   0.0000437656  -0.0000210368
        0.0019828684  -0.0099476024  -0.0149984632   0.0025422864  -0.0037051269
       -0.0069928398   0.0482353569  -0.0162007844  -0.0259535919   0.0000269264
        0.0000319915   0.0000989454  -0.0001016068  -0.0000525441  -0.0001109999
        0.0000642807  -0.0000179890  -0.0000230394  -0.0000465380  -0.0000329174
       -0.0000182287  -0.0000527122  -0.0000192616   0.0001442832   0.0000116380
       -0.0000036339   0.0000082881   0.0000136033  -0.0000023531  -0.0000018277
       -0.0000026164  -0.0000014409   0.0000043877   0.0000079992   0.0000045177
        0.0000002584  -0.0000025910  -0.0000181481   0.0000080733
        0.0094302250  -0.1078479407  -0.1120541382   0.0068121071  -0.0062898511
       -0.0088417113   0.0027452514  -0.0006049912   0.0007068082  -0.0016615640
       -0.0008109238   0.0000761585   0.0001278520   0.0001265700   0.0000158223
       -0.0000806100  -0.0000147458   0.0000256298  -0.0002008808  -0.0000291991
        0.0002035721  -0.0001607915  -0.0000988189   0.0000408921   0.0000558045
       -0.0000116128  -0.0000176029  -0.0000221441   0.0000157659   0.0000114825
        0.0000088390  -0.0000018418   0.0000009793   0.0000209927   0.0000012359
       -0.0000072129  -0.0000207108  -0.0000192605   0.0000093770  -0.0000081047
       -0.0000037151   0.0000033196  -0.0000310859   0.0000088216   0.0000083803
        0.0008107019  -0.0156431874  -0.0227646327  -0.0017181681   0.0091438068
        0.0150704562  -0.0162007844   0.1220794030   0.1275816390   0.0000414322
       -0.0000848012  -0.0000418151   0.0000503120   0.0000764569   0.0000618622
       -0.0000480089   0.0000027806   0.0000103131   0.0000755131  -0.0000109774
       -0.0000976854  -0.0000354659   0.0000378534   0.0000097275   0.0000115894
       -0.0000139334  -0.0000074614  -0.0000009712  -0.0000012066  -0.0000002989
        0.0000003427   0.0000068433  -0.0000030578  -0.0000035789  -0.0000052360
       -0.0000005590   0.0000019064  -0.0000072944  -0.0000002439
        0.0226811223  -0.1102523588  -0.2174577948   0.0023075832  -0.0053510799
       -0.0047592866   0.0006905050   0.0004224054   0.0004525036   0.0001778522
        0.0011674950   0.0008130126  -0.0000586214  -0.0002397001  -0.0000824551
       -0.0000876184   0.0000496520  -0.0000208230  -0.0001431872   0.0001680624
        0.0002240834  -0.0001603446  -0.0000007527   0.0000798182   0.0000258623
        0.0000139110  -0.0000092431  -0.0000211980  -0.0000056918   0.0000026950
       -0.0000224741  -0.0000060351   0.0000055132  -0.0000041368   0.0000136804
        0.0000030009  -0.0000141332   0.0000027648   0.0000014884   0.0000080946
       -0.0000000864  -0.0000018559  -0.0000184141  -0.0000449189   0.0000043843
       -0.0008485540  -0.0019090147  -0.0008790316   0.0014783980  -0.0116880578
       -0.0271334029  -0.0259535919   0.1275816390   0.2488396768  -0.0000070118
       -0.0000173320  -0.0000324406  -0.0000083628   0.0000148954   0.0000784925
       -0.0000399211   0.0000084429  -0.0000261790  -0.0000781931  -0.0000233214
       -0.0000124984   0.0001052574   0.0000658243  -0.0000882201  -0.0000011222
        0.0000005170  -0.0000036978  -0.0000059959   0.0000018541   0.0000008915
       -0.0000000793  -0.0000015059   0.0000002569  -0.0000026146   0.0000027272
        0.0000006384   0.0000008996   0.0000259848   0.0000004735
        0.0000704070  -0.0002477232  -0.0000171845  -0.0008275212   0.0023752754
       -0.0005422399  -0.0008897467  -0.0011764116  -0.0004253916   0.0002896395
       -0.0009253819   0.0001627433   0.0033248008   0.0061163157   0.0002531928
       -0.0780005767  -0.0860116115  -0.0000868425  -0.0007164774   0.0002167273
        0.0005787653   0.0001860201   0.0017625454  -0.0010937529   0.0000320497
        0.0002676795  -0.0002758908  -0.0000657485   0.0000587254   0.0002378324
        0.0000512634  -0.0000075383   0.0000159454   0.0000261029  -0.0000121938
       -0.0000282626  -0.0000194365  -0.0000132790   0.0000056039  -0.0000177972
        0.0000112907   0.0000461746   0.0001021059   0.0001335500  -0.0000366520
       -0.0000668952  -0.0000353793  -0.0000211999   0.0000589125  -0.0000249434
        0.0000260749   0.0000269264   0.0000414322  -0.0000070118   0.0871726468
        0.0990087620   0.0015066945   0.0042032790   0.0091215586   0.0005921630
       -0.0157264129  -0.0306096296  -0.0008880875   0.0008311394   0.0000240386
        0.0001257711   0.0001124273   0.0002828499  -0.0001910708  -0.0001344787
       -0.0003204090   0.0000594172  -0.0000132229  -0.0000187604   0.0000121794
        0.0000057680   0.0000021772  -0.0000062954  -0.0000052059  -0.0000043370
        0.0000083583  -0.0000099687  -0.0000153297  -0.0000110339
       -0.0001123144  -0.0000016214  -0.0000339634   0.0011491935  -0.0008399655
        0.0005417630  -0.0011522346   0.0006123920  -0.0006434587  -0.0007049041
        0.0005710709  -0.0009019896  -0.0051944804  -0.0175216212   0.0031231184
       -0.0854500705  -0.2512916112  -0.0018152732  -0.0000722942   0.0008650706
       -0.0014955280   0.0011521646  -0.0030844235   0.0033447661   0.0006488238
        0.0000027634   0.0000249628   0.0001624253   0.0000081514  -0.0000803273
       -0.0000426995  -0.0000648657  -0.0000142393   0.0001205172   0.0001448335
       -0.0000314368  -0.0001083093  -0.0000418279   0.0000408497   0.0000793994
        0.0000614898  -0.0000545839  -0.0001839071  -0.0001119577   0.0000124951
       -0.0000364310   0.0000464340   0.0000079010  -0.0000672046  -0.0000057661
       -0.0000224742   0.0000319915  -0.0000848012  -0.0000173320   0.0990087620
        0.2894242929   0.0006763979  -0.0063403502  -0.0180199598  -0.0033437127
       -0.0023380917  -0.0005378629  -0.0004574587   0.0000962134   0.0003963218
        0.0005777483  -0.0004355830  -0.0005298035   0.0004324014  -0.0001822810
       -0.0000903633   0.0001316079  -0.0000184094   0.0000145064   0.0000012318
        0.0000067463   0.0000147725  -0.0000058851  -0.0000065287  -0.0000123985
        0.0000034615  -0.0000101433   0.0000767502  -0.0000010423
        0.0002614773  -0.0002655147  -0.0001805486  -0.0007972561   0.0022696900
        0.0003875300   0.0001434849  -0.0011005956  -0.0004664407   0.0008063359
       -0.0017851862   0.0005509168   0.0087054953   0.0221691813  -0.0010013589
       -0.0002435440  -0.0027936625  -0.0432154898  -0.0001696911  -0.0000664364
        0.0016549097  -0.0014491747   0.0048091625  -0.0030873825  -0.0003994001
        0.0001193543  -0.0002855874  -0.0000854030  -0.0000039887   0.0000249573
        0.0000443485   0.0000480215   0.0000293426  -0.0000039986  -0.0000680223
        0.0000055781   0.0000182860  -0.0000012321  -0.0000118197  -0.0000505416
       -0.0000094752   0.0000711569   0.0002154848   0.0001450744   0.0000287119
        0.0000055546  -0.0000226611   0.0000103632   0.0000217065   0.0000197860
       -0.0000144739   0.0000989454  -0.0000418151  -0.0000324406   0.0015066945
        0.0006763979   0.0480605116  -0.0091679369  -0.0249520938  -0.0014803147
        0.0002957365  -0.0002785336   0.0009136241  -0.0001173974   0.0001974855
       -0.0012035330   0.0003269767   0.0010023546  -0.0006939315   0.0000428054
        0.0000000127  -0.0000412812  -0.0000123344  -0.0000044286   0.0000052416
       -0.0000017214  -0.0000007236  -0.0000012790  -0.0000028471  -0.0000060851
       -0.0000076871   0.0000079140  -0.0000560660  -0.0000192752
       -0.0000172558  -0.0000330403   0.0000488766  -0.0002824617  -0.0003454933
       -0.0004825292  -0.0000383011   0.0001198246   0.0001081430   0.0008940579
       -0.0001888088  -0.0002594722   0.0020080571  -0.0028342484  -0.0054405351
       -0.0687368256   0.0397853180   0.0647865043   0.0003153302   0.0001264612
       -0.0028647131   0.0000305223  -0.0006617833  -0.0002940280  -0.0003487783
       -0.0001435708   0.0003705115  -0.0001841885   0.0001544694   0.0002790614
        0.0000158039  -0.0000985524  -0.0000243010  -0.0000344012  -0.0000620173
       -0.0000008651   0.0000075207  -0.0000179555  -0.0000284886  -0.0000827958
       -0.0000164596  -0.0000173734   0.0000590617  -0.0000070740  -0.0000652659
        0.0000099570   0.0000048882   0.0000094342   0.0000274522  -0.0000003804
        0.0000261591  -0.0001016068   0.0000503120  -0.0000083628   0.0042032790
       -0.0063403502  -0.0091679369   0.0760163539  -0.0465274695  -0.0736598149
       -0.0139065899   0.0170925779   0.0268542591  -0.0000326383   0.0000479927
       -0.0001342215   0.0000158526   0.0000136069   0.0000745950   0.0000666193
       -0.0000956498  -0.0001434991   0.0000477087  -0.0000022698   0.0000009476
        0.0000096835   0.0000052282   0.0000160179   0.0000157193  -0.0000007662
        0.0000050158   0.0000228637  -0.0000247896   0.0000118814
       -0.0000503353   0.0000468636   0.0001000795  -0.0001051201  -0.0001522745
       -0.0004640295  -0.0003229819  -0.0001292642  -0.0000305230  -0.0009569035
        0.0004451265  -0.0000476598  -0.0037120588   0.0058667957   0.0087580285
        0.0400668916  -0.1050723310  -0.0998829400   0.0002840401   0.0001129982
        0.0043070569   0.0002400880   0.0006176189  -0.0001393952  -0.0002175105
       -0.0000015457   0.0002166556  -0.0000156621  -0.0000943322  -0.0000172678
        0.0000406761   0.0000518571  -0.0000125636  -0.0000805767  -0.0000660812
        0.0000166074   0.0001040846   0.0000440738  -0.0000191766  -0.0000494811
       -0.0000256586  -0.0000082947   0.0000307059   0.0000599811  -0.0000315163
       -0.0000068294  -0.0000171683  -0.0000134352   0.0000296755  -0.0000144974
        0.0000275784  -0.0000525441   0.0000764569   0.0000148954   0.0091215586
       -0.0180199598  -0.0249520938  -0.0465274695   0.1169698276   0.1141260674
        0.0018261868  -0.0007169169  -0.0022407837   0.0002936899   0.0000287708
        0.0000789206   0.0000353026   0.0000311266   0.0001987696   0.0000167730
       -0.0000307731   0.0000015687   0.0000125614  -0.0000106795  -0.0000022815
       -0.0000075176  -0.0000083781  -0.0000003293   0.0000065468   0.0000125091
       -0.0000012682  -0.0000037903  -0.0000041452   0.0000173302
        0.0000733557   0.0000862406   0.0000492926  -0.0006236803  -0.0010691447
       -0.0009912577  -0.0001504061   0.0006376634   0.0004680928   0.0013277310
       -0.0004091587   0.0018115006   0.0070709149  -0.0113335074  -0.0241031883
        0.0637612995  -0.0982224926  -0.1999016832  -0.0014493651   0.0015931844
       -0.0090546470  -0.0005970151  -0.0007766534   0.0021726245   0.0010591387
        0.0002684088  -0.0005836552  -0.0001375210  -0.0001507808   0.0000978718
        0.0000341638   0.0000794070   0.0000282109   0.0000566568   0.0000334051
       -0.0000289179  -0.0001510793  -0.0000397409   0.0000430648  -0.0000024766
       -0.0000522795   0.0000308342  -0.0001123209  -0.0001548856   0.0000773903
        0.0000665331   0.0000059629   0.0000029380   0.0000509183  -0.0000079425
       -0.0000170614  -0.0001109999   0.0000618622   0.0000784925   0.0005921630
       -0.0033437127  -0.0014803147  -0.0736598149   0.1141260674   0.2326840871
        0.0028067712  -0.0016833400  -0.0009388689   0.0002895840   0.0004922394
       -0.0000173098   0.0000019906  -0.0002579739  -0.0003122810  -0.0000708253
        0.0000740406  -0.0000928460  -0.0000662400  -0.0000006980   0.0000097502
        0.0000032252  -0.0000080000  -0.0000152410  -0.0000308639   0.0000013464
       -0.0000001491  -0.0000318376   0.0000504826  -0.0000167293
       -0.0000568258  -0.0000119985   0.0000820541   0.0001488856   0.0005334727
        0.0001379533   0.0002040679  -0.0000671232  -0.0002562919  -0.0018966740
        0.0015956404  -0.0027703534  -0.0134879510   0.0020057112  -0.0030541851
       -0.2918906004   0.0088287360  -0.0032200987   0.0009276007  -0.0005191143
        0.0008970932   0.0000154840   0.0000214246   0.0008191256   0.0007637805
        0.0001333875  -0.0003347672  -0.0006088664  -0.0005737986   0.0007568171
       -0.0001263854  -0.0000503581  -0.0000448764   0.0000167630  -0.0002084934
       -0.0000060714  -0.0001022821  -0.0000287241   0.0000169259  -0.0001056944
       -0.0000136040   0.0000358704  -0.0000283895   0.0001471884   0.0000181164
        0.0000343529   0.0000102188   0.0000144303   0.0000297486  -0.0000234982
        0.0000187220   0.0000642807  -0.0000480089  -0.0000399211  -0.0157264129
       -0.0023380917   0.0002957365  -0.0139065899   0.0018261868   0.0028067712
        0.3363829063  -0.0105792943   0.0027158941  -0.0005457470   0.0000246586
       -0.0002540688  -0.0000232672  -0.0003472552   0.0001666105   0.0000968669
       -0.0003149654   0.0011629743  -0.0001101603   0.0000023204   0.0000272773
       -0.0000094840   0.0000045933   0.0000053492  -0.0000405609  -0.0000066527
        0.0000007351  -0.0000188459  -0.0000025580   0.0000021774
        0.0001255125   0.0001146136  -0.0000881916  -0.0000359752  -0.0008834270
        0.0000644415  -0.0003740502   0.0002008683  -0.0001331850   0.0040039053
       -0.0016393396   0.0030697143   0.0132735362  -0.0001103058   0.0006939741
        0.0083118711  -0.0420617643  -0.0002580555  -0.0003550689  -0.0003092729
       -0.0009609480   0.0000592167   0.0003686510  -0.0006305243   0.0001748660
       -0.0004426188   0.0004930784  -0.0002604379  -0.0001121418   0.0000857061
       -0.0003369574  -0.0000663842  -0.0000207563  -0.0002794328   0.0000665659
        0.0000804321   0.0002459015   0.0001287542  -0.0000678472   0.0001815341
       -0.0000473992  -0.0000805280  -0.0000796565  -0.0002994411  -0.0000286075
        0.0000382119   0.0000162921  -0.0000100078  -0.0000443767   0.0000274802
       -0.0000166879  -0.0000179890   0.0000027806   0.0000084429  -0.0306096296
       -0.0005378629  -0.0002785336   0.0170925779  -0.0007169169  -0.0016833400
       -0.0105792943   0.0452598731  -0.0006839127  -0.0002027886   0.0000091918
       -0.0001030245  -0.0000835740   0.0002332355  -0.0001404480  -0.0003541724
        0.0006783913   0.0006864885   0.0001023417   0.0000292935  -0.0000310536
       -0.0000249284  -0.0000256780   0.0000224063   0.0000286952   0.0000391594
       -0.0000018185   0.0000001618   0.0000774017   0.0000127860
       -0.0001681588  -0.0001380697   0.0002155982  -0.0000197775   0.0011299892
       -0.0000706192   0.0005200057  -0.0002926665  -0.0002075874  -0.0055670383
        0.0030905899  -0.0039523730  -0.0230426271   0.0009447435  -0.0007295601
       -0.0029281149  -0.0007416954  -0.0418021366   0.0010508751  -0.0000911967
        0.0014247629   0.0006121850  -0.0008602905   0.0003613588  -0.0007287112
       -0.0002086532   0.0000533457   0.0003858494   0.0013358223  -0.0000432316
        0.0002424308  -0.0002074728  -0.0000455234   0.0002285275  -0.0001372851
       -0.0000707776  -0.0003015461  -0.0001994058   0.0000348686  -0.0002824851
       -0.0000091594   0.0000484594   0.0002160745   0.0002136728  -0.0001135992
       -0.0000128814  -0.0000120433   0.0000222814   0.0000684867  -0.0000328590
        0.0000302030  -0.0000230394   0.0000103131  -0.0000261790  -0.0008880875
       -0.0004574587   0.0009136241   0.0268542591  -0.0022407837  -0.0009388689
        0.0027158941  -0.0006839127   0.0467564352  -0.0004053508   0.0000457713
       -0.0002319405   0.0000318351  -0.0002406753   0.0002664561   0.0013862038
       -0.0000707718  -0.0019394943  -0.0000052632  -0.0000239042   0.0000241609
        0.0000453287   0.0000388107   0.0000124795  -0.0000059567  -0.0000407161
        0.0000132668   0.0000210825  -0.0001206929  -0.0000054096
        0.0008804461  -0.0015559397   0.0004165231  -0.0019553305   0.0141966523
        0.0045266319   0.0032272459  -0.0066037222  -0.0050296120  -0.0031555239
       -0.0044419995  -0.0010401207   0.0049117514   0.0041290633  -0.0048584680
       -0.0005670416   0.0000229824   0.0010862649  -0.0830365764  -0.1554992812
        0.0149036056   0.0014375300   0.0019508053   0.0012516216   0.0006074199
        0.0005046319   0.0002104650  -0.0000994209  -0.0003650182   0.0000353965
       -0.0002239428   0.0000381988   0.0000422150  -0.0003491000  -0.0000645425
        0.0000605901   0.0003271667   0.0002045901  -0.0000511103   0.0001651374
       -0.0000316125  -0.0000671928  -0.0001231860  -0.0000731011  -0.0000299920
       -0.0002132271  -0.0000756142  -0.0000091192   0.0001714110   0.0000228356
       -0.0000153778  -0.0000465380   0.0000755131  -0.0000781931   0.0008311394
        0.0000962134  -0.0001173974  -0.0000326383   0.0002936899   0.0002895840
       -0.0005457470  -0.0002027886  -0.0004053508   0.0785724127   0.1472889809
       -0.0109145456   0.0000282680   0.0001591211  -0.0000213017  -0.0005989838
       -0.0001718067  -0.0001996006  -0.0000638676  -0.0000013503   0.0000008131
       -0.0000655326  -0.0000518217   0.0000051066  -0.0000239477   0.0000325894
        0.0000013186  -0.0000593242   0.0001227310   0.0000072461
        0.0001219727  -0.0009792576   0.0001148539   0.0038071034   0.0084909933
        0.0004655266   0.0025115729  -0.0049317670  -0.0021913255  -0.0054366349
       -0.0036057007   0.0006057753  -0.0010640021  -0.0218578801  -0.0109896805
       -0.0004565301   0.0008529373   0.0004440162  -0.1474678839  -0.3243432718
        0.0069990910   0.0013056685  -0.0031221184  -0.0038405690  -0.0002646655
        0.0001150408   0.0001542850   0.0003793890   0.0002399160   0.0000160064
       -0.0000737335  -0.0000053216   0.0000405675  -0.0002974552  -0.0001299832
        0.0000591365   0.0002885384   0.0000888185  -0.0000616046  -0.0000300850
       -0.0000292066   0.0000484183   0.0001085286   0.0001112760  -0.0000258159
       -0.0002332010  -0.0000088981   0.0000207321   0.0001691933  -0.0001007766
        0.0000003661  -0.0000329174  -0.0000109774  -0.0000233214   0.0000240386
        0.0003963218   0.0001974855   0.0000479927   0.0000287708   0.0004922394
        0.0000246586   0.0000091918   0.0000457713   0.1472889809   0.3492183005
        0.0078810916  -0.0003708616  -0.0001671949  -0.0002856501  -0.0002699532
       -0.0003017629  -0.0001286396   0.0000128673  -0.0000258608  -0.0000097502
       -0.0000378607   0.0000047956  -0.0000022135  -0.0000133984  -0.0000035381
       -0.0000067088  -0.0000413223   0.0000671535  -0.0000200836
       -0.0006788079   0.0006021134   0.0000054754   0.0022587790  -0.0047106215
        0.0003587910  -0.0032522087   0.0023337909  -0.0014043939   0.0012348934
        0.0017727307   0.0001540719  -0.0146405328  -0.0288668005   0.0020244441
        0.0001847314  -0.0006649437   0.0011373269   0.0252450642   0.0270642304
       -0.0382740701   0.0012932330  -0.0060353237  -0.0039473548   0.0000165580
        0.0001146241   0.0000654550   0.0002849663  -0.0000336007  -0.0002504234
       -0.0001642549  -0.0000941979   0.0000546928  -0.0000974545   0.0001875216
        0.0000971330   0.0001174734   0.0000707520  -0.0001093996   0.0002393693
        0.0000724642  -0.0000246932  -0.0001129155  -0.0002176517   0.0000731475
        0.0000453815   0.0000362680   0.0000550913  -0.0001355957   0.0000646154
        0.0000087757  -0.0000182287  -0.0000976854  -0.0000124984   0.0001257711
        0.0005777483  -0.0012035330  -0.0001342215   0.0000789206  -0.0000173098
       -0.0002540688  -0.0001030245  -0.0002319405  -0.0109145456   0.0078810916
        0.0418463205  -0.0003293159  -0.0003645621  -0.0006086103  -0.0004051878
        0.0001958551   0.0001276139   0.0000643168   0.0000218202   0.0000057366
       -0.0000049689  -0.0000025588   0.0000447170   0.0000266296   0.0000204367
        0.0000025591   0.0000051403   0.0000959874   0.0000228753
       -0.0001475508  -0.0000153813  -0.0000910384  -0.0007642495  -0.0015067731
       -0.0000127115  -0.0002400553   0.0005813680   0.0002123506   0.0009324336
       -0.0007400266  -0.0000122137   0.0071159243  -0.0032297773   0.0019882312
       -0.0005636288  -0.0016225735   0.0004199744  -0.0006090099  -0.0014288434
       -0.0003409633  -0.2046466799   0.1597548981  -0.0686686998  -0.0281813712
        0.0174163226  -0.0064419085  -0.0045785653  -0.0021120018  -0.0000690752
       -0.0005115139   0.0010996751   0.0011368801   0.0000908998  -0.0003940895
        0.0000026829   0.0004163410   0.0000414262  -0.0001926714  -0.0004982323
        0.0001038810   0.0005598163   0.0013434898   0.0021778402   0.0000658182
       -0.0000272117   0.0000769030  -0.0000107635  -0.0001401707  -0.0000330853
       -0.0000909833  -0.0000527122  -0.0000354659   0.0001052574   0.0001124273
       -0.0004355830   0.0003269767   0.0000158526   0.0000353026   0.0000019906
       -0.0000232672  -0.0000835740   0.0000318351   0.0000282680  -0.0003708616
       -0.0003293159   0.2309558496  -0.1671913841   0.0719013886   0.0001690062
       -0.0004777317  -0.0001861844  -0.0002938137  -0.0001741345   0.0001282758
        0.0000178015   0.0000210390  -0.0000476681   0.0001686235   0.0000481601
       -0.0000126248  -0.0000888849  -0.0015055293  -0.0003746563
        0.0002612713   0.0000703067  -0.0000100283  -0.0006485345  -0.0019844001
        0.0001486557  -0.0000168039   0.0013384985   0.0001310596   0.0019791186
        0.0019264015  -0.0010759352   0.0186136218  -0.0243828465   0.0122936281
       -0.0018968036  -0.0041386323  -0.0000601015  -0.0011219189  -0.0010720998
       -0.0005213291   0.1512378567  -0.1977096083   0.0714985748   0.0037977009
        0.0051389876  -0.0031197190  -0.0018629130   0.0005178652   0.0003702128
       -0.0000183746   0.0000147376   0.0001495039   0.0002448932   0.0004657298
       -0.0001999334  -0.0005750226  -0.0003201259   0.0001558878   0.0002590511
       -0.0004354619  -0.0004935395  -0.0031396228   0.0007598166   0.0007888045
        0.0001054401   0.0000223277  -0.0000130057  -0.0000858172   0.0000654472
       -0.0000646723  -0.0000192616   0.0000378534   0.0000658243   0.0002828499
       -0.0005298035   0.0010023546   0.0000136069   0.0000311266  -0.0002579739
       -0.0003472552   0.0002332355  -0.0002406753   0.0001591211  -0.0001671949
       -0.0003645621  -0.1671913841   0.2210437004  -0.0805961115  -0.0001004580
        0.0000130277   0.0000652291  -0.0000463306  -0.0000266717   0.0000485924
        0.0000919783  -0.0000159479   0.0000289234  -0.0000841089  -0.0000537498
        0.0000571518   0.0001080996  -0.0008425194   0.0002131841
       -0.0000801424  -0.0000229676  -0.0000604260   0.0005533920   0.0012400752
        0.0007463492   0.0001269815  -0.0008777458  -0.0002941467   0.0001311496
       -0.0006160838  -0.0010412719   0.0017279123   0.0012945250   0.0006674641
        0.0007921836   0.0031605076  -0.0006202165  -0.0012296456  -0.0031455047
       -0.0022452208  -0.0892848781   0.0852857117  -0.0352129618   0.0131141070
       -0.0056441924  -0.0010953147   0.0014622091   0.0015549912   0.0006824680
        0.0011348755  -0.0002861690   0.0003663536   0.0011590860  -0.0001741250
       -0.0000550034  -0.0012862271  -0.0005026368   0.0001008413  -0.0006679067
        0.0001251105   0.0001684317   0.0002079075  -0.0003010292  -0.0003438946
       -0.0000325723  -0.0000455999  -0.0000203641  -0.0000547992   0.0000119601
        0.0000620680   0.0001442832   0.0000097275  -0.0000882201  -0.0001910708
        0.0004324014  -0.0006939315   0.0000745950   0.0001987696  -0.0003122810
        0.0001666105  -0.0001404480   0.0002664561  -0.0000213017  -0.0002856501
       -0.0006086103   0.0719013886  -0.0805961115   0.0397386801   0.0000024289
       -0.0001928157   0.0001599145   0.0001650301   0.0000109943  -0.0001216833
        0.0001363352   0.0000038652  -0.0000095757   0.0000147173  -0.0000194927
        0.0000031220  -0.0001666490  -0.0004780671  -0.0001390262
        0.0001028042  -0.0000252187  -0.0000062748  -0.0003161121   0.0000339478
        0.0000438815   0.0002739109   0.0000439877  -0.0000587627   0.0006078137
       -0.0001899008  -0.0001533199  -0.0019794612   0.0015050800   0.0011026583
       -0.0007717028  -0.0002729012   0.0004385512  -0.0014105090  -0.0015600716
       -0.0006575408   0.0009429411  -0.0003703816  -0.0006163369   0.0046528618
        0.0212829775  -0.0001124195  -0.0508752696  -0.0485044593   0.0020566508
       -0.0077325735  -0.0278525711   0.0009680362  -0.0041782014  -0.0009174156
        0.0024275947  -0.0008517874  -0.0017101891   0.0002077140  -0.0003460435
        0.0000686354   0.0000656922  -0.0028165737   0.0029160111   0.0019709008
        0.0000186685  -0.0000108739  -0.0000041061   0.0000067262   0.0000113925
       -0.0000016808   0.0000116380   0.0000115894  -0.0000011222  -0.0001344787
       -0.0001822810   0.0000428054   0.0000666193   0.0000167730  -0.0000708253
        0.0000968669  -0.0003541724   0.0013862038  -0.0005989838  -0.0002699532
       -0.0004051878   0.0001690062  -0.0001004580   0.0000024289   0.0643193521
        0.0561814712  -0.0073793643   0.0006110821  -0.0009672522  -0.0007419423
        0.0001609114  -0.0000400222  -0.0000429164  -0.0000649907   0.0000157079
       -0.0003085765   0.0000354853   0.0012405483  -0.0001527413
       -0.0000775835  -0.0000017322   0.0000041154   0.0001640447  -0.0000681162
       -0.0000242305  -0.0001673671  -0.0000078878   0.0000192161  -0.0002554100
        0.0000998104  -0.0000402512   0.0012696227  -0.0006752708  -0.0004609645
       -0.0007002783  -0.0000032487   0.0006544608  -0.0016560303   0.0007087895
        0.0001242729  -0.0008003289   0.0010851201   0.0005504315  -0.0027643914
       -0.0236326916   0.0000733194  -0.0471174697  -0.2997047184  -0.0027155969
       -0.0050034361  -0.0129482379   0.0008618063  -0.0020882023   0.0014767703
        0.0001234561  -0.0003178219  -0.0007617272   0.0000062150   0.0007880613
        0.0008058335  -0.0001718417   0.0032570049  -0.0023836112  -0.0009641186
       -0.0000178981   0.0000053959   0.0000030432  -0.0000009507  -0.0000122681
       -0.0000007820  -0.0000036339  -0.0000139334   0.0000005170  -0.0003204090
       -0.0000903633   0.0000000127  -0.0000956498  -0.0000307731   0.0000740406
       -0.0003149654   0.0006783913  -0.0000707718  -0.0001718067  -0.0003017629
        0.0001958551  -0.0004777317   0.0000130277  -0.0001928157   0.0561814712
        0.3356341499   0.0017702493   0.0007521486   0.0011575453  -0.0000014685
        0.0000778436  -0.0000059304  -0.0000114553   0.0000060565   0.0001497085
        0.0000569320  -0.0001448886  -0.0011722693   0.0001363533
       -0.0000167856  -0.0000037533  -0.0000114177   0.0000169175   0.0000596472
        0.0001260725   0.0000261523  -0.0000265567  -0.0001195279  -0.0000425369
       -0.0000810628  -0.0002431502   0.0001131034   0.0000489124   0.0005720179
        0.0009932702   0.0003443848  -0.0006112828  -0.0003210856  -0.0005262420
       -0.0004574402  -0.0004700490  -0.0001545118  -0.0017688228  -0.0007163570
       -0.0036077067   0.0008751067   0.0017668207  -0.0042841782  -0.0314252297
        0.0015907748   0.0057111195  -0.0000469504   0.0024204143   0.0002326453
        0.0074987626   0.0003126664   0.0004326611   0.0000341477   0.0003522799
        0.0000040151  -0.0001293785   0.0016936240  -0.0006977172   0.0066329867
       -0.0000043433   0.0000015234   0.0000022025  -0.0000123757   0.0000041191
       -0.0000005517   0.0000082881  -0.0000074614  -0.0000036978   0.0000594172
        0.0001316079  -0.0000412812  -0.0001434991   0.0000015687  -0.0000928460
        0.0011629743   0.0006864885  -0.0019394943  -0.0001996006  -0.0001286396
        0.0001276139  -0.0001861844   0.0000652291   0.0001599145  -0.0073793643
        0.0017702493   0.0254958268  -0.0006195417   0.0002282327  -0.0027267441
       -0.0000471241  -0.0000015011  -0.0000076652  -0.0002896895  -0.0000001710
       -0.0015204978  -0.0000681662  -0.0002029024  -0.0003786734
       -0.0000700439  -0.0000115230  -0.0000046343   0.0002524568   0.0003574612
        0.0000522585  -0.0000388007  -0.0002085653  -0.0000360210  -0.0001626779
       -0.0002871961  -0.0000028487   0.0002149767   0.0006016985  -0.0000923195
       -0.0000109518  -0.0000993865   0.0000153713   0.0000536248  -0.0001112151
       -0.0000662777  -0.0012514071   0.0010099711   0.0002078363  -0.0039600488
       -0.0028616447   0.0024075455  -0.0243056833   0.0186302597   0.0052819212
       -0.1714729098   0.1205296994   0.0305194418  -0.0002005039  -0.0015916945
        0.0001664926   0.0036327678  -0.0009476627  -0.0010700847   0.0009090597
       -0.0009760580   0.0012964062   0.0003020977  -0.0005755785  -0.0000883872
       -0.0000129537  -0.0000117515   0.0000025841   0.0000109805   0.0000012868
        0.0000033689   0.0000136033  -0.0000009712  -0.0000059959  -0.0000132229
       -0.0000184094  -0.0000123344   0.0000477087   0.0000125614  -0.0000662400
       -0.0001101603   0.0001023417  -0.0000052632  -0.0000638676   0.0000128673
        0.0000643168  -0.0002938137  -0.0000463306   0.0001650301   0.0006110821
        0.0007521486  -0.0006195417   0.1961578083  -0.1350932150  -0.0376472075
       -0.0002229666   0.0010413206  -0.0000677272   0.0000810594  -0.0001223323
       -0.0000784661  -0.0000972137  -0.0000880818  -0.0003192242
        0.0000160164   0.0000032964   0.0000020235  -0.0000460549  -0.0001157486
       -0.0000278802  -0.0000154636   0.0000514813   0.0000138323   0.0000669106
        0.0000881520  -0.0000009836  -0.0000001178  -0.0002143265  -0.0000253396
        0.0000100033   0.0000216587  -0.0000052454  -0.0000180531   0.0001507468
        0.0000682955  -0.0002378228   0.0003405188   0.0000343745  -0.0021147258
        0.0006363329   0.0003537149  -0.0045499274   0.0051573913   0.0010416778
        0.1213916925  -0.1606191497  -0.0268071780   0.0226744439  -0.0232368981
       -0.0049349284   0.0021481354   0.0021013394  -0.0003900632  -0.0015012255
       -0.0060739947   0.0001348784  -0.0011003614   0.0000278364   0.0002164205
        0.0000072273   0.0000021557   0.0000000512  -0.0000019925  -0.0000017969
       -0.0000012231  -0.0000023531  -0.0000012066   0.0000018541  -0.0000187604
        0.0000145064  -0.0000044286  -0.0000022698  -0.0000106795  -0.0000006980
        0.0000023204   0.0000292935  -0.0000239042  -0.0000013503  -0.0000258608
        0.0000218202  -0.0001741345  -0.0000266717   0.0000109943  -0.0009672522
        0.0011575453   0.0002282327  -0.1350932150   0.1820660717   0.0299128985
       -0.0017032195  -0.0004198293   0.0003469964   0.0012949234  -0.0011915925
       -0.0002090290  -0.0000633735   0.0000894282   0.0000428364
        0.0000181411   0.0000011959   0.0000030400  -0.0000582939  -0.0000680968
        0.0000029603   0.0000130826   0.0000419909  -0.0000130096   0.0000340709
        0.0000622561  -0.0000233381  -0.0000625732  -0.0001345404   0.0001474124
        0.0000109923   0.0000280254  -0.0000341047  -0.0000121750   0.0000138324
       -0.0000740438   0.0002733194  -0.0002984714   0.0000986248   0.0023541677
        0.0005762659   0.0074853707   0.0051905068  -0.0036420486  -0.0014846701
        0.0303064177  -0.0272428408  -0.0380385481   0.0004169429   0.0007000613
        0.0009280332  -0.0009938728   0.0002166487  -0.0013703559   0.0014001811
        0.0000086604   0.0066051265  -0.0002485247   0.0000703450  -0.0000269476
        0.0000028659   0.0000024887  -0.0000008072  -0.0000030279   0.0000001086
       -0.0000007721  -0.0000018277  -0.0000002989   0.0000008915   0.0000121794
        0.0000012318   0.0000052416   0.0000009476  -0.0000022815   0.0000097502
        0.0000272773  -0.0000310536   0.0000241609   0.0000008131  -0.0000097502
        0.0000057366   0.0001282758   0.0000485924  -0.0001216833  -0.0007419423
       -0.0000014685  -0.0027267441  -0.0376472075   0.0299128985   0.0309733214
       -0.0000847956  -0.0002269195  -0.0005797263  -0.0000525619  -0.0000089923
       -0.0003268064  -0.0002833791  -0.0000178394  -0.0014681126
        0.0000603792  -0.0000078391   0.0000033605  -0.0002506862  -0.0002371183
       -0.0000235044   0.0000820497   0.0001212587   0.0000018275   0.0002775790
        0.0001667933  -0.0000149957  -0.0003298351  -0.0003780414   0.0001256446
        0.0000201160   0.0000539241  -0.0000355890   0.0001557352   0.0001262446
        0.0000267462   0.0011702654   0.0002915303  -0.0005975278  -0.0008414982
       -0.0003785922   0.0003129818  -0.0001299061   0.0000361915   0.0000804966
        0.0016790720   0.0011589126  -0.0005422925  -0.0319834039   0.0250695186
        0.0065499854  -0.1692116442   0.1700893703   0.0354411422  -0.0062207787
       -0.0022833644   0.0015385584  -0.0009849719   0.0016641240   0.0003407592
        0.0000058402  -0.0000010716  -0.0000031831  -0.0000024790  -0.0000004458
        0.0000003694  -0.0000026164   0.0000003427  -0.0000000793   0.0000057680
        0.0000067463  -0.0000017214   0.0000096835  -0.0000075176   0.0000032252
       -0.0000094840  -0.0000249284   0.0000453287  -0.0000655326  -0.0000378607
       -0.0000049689   0.0000178015   0.0000919783   0.0001363352   0.0001609114
        0.0000778436  -0.0000471241  -0.0002229666  -0.0017032195  -0.0000847956
        0.2067914351  -0.1929531894  -0.0433007396   0.0002456032  -0.0007139213
        0.0000013182  -0.0004264360  -0.0002276690   0.0000484424
        0.0000482935   0.0000023339   0.0000000595  -0.0001126823  -0.0000654971
       -0.0000099330   0.0000543337   0.0000416229   0.0000023927   0.0001564072
        0.0000503982  -0.0000006144  -0.0001774281  -0.0000090569   0.0000350384
        0.0000114986   0.0000084911  -0.0000136043   0.0001252727  -0.0000103989
       -0.0000144967   0.0000902497  -0.0000016835  -0.0000299223  -0.0002652702
        0.0006047138   0.0000565051   0.0004194517  -0.0003677898  -0.0001018095
       -0.0027868363   0.0024307488   0.0006214110  -0.0014925456   0.0131513059
        0.0005152181   0.1971732824  -0.2956840123  -0.0439849957  -0.0006079901
        0.0000897170   0.0000897248  -0.0005592857  -0.0002433435   0.0001032907
        0.0000101026   0.0000078968  -0.0000015169  -0.0000006807   0.0000054390
       -0.0000003294  -0.0000014409   0.0000068433  -0.0000015059   0.0000021772
        0.0000147725  -0.0000007236   0.0000052282  -0.0000083781  -0.0000080000
        0.0000045933  -0.0000256780   0.0000388107  -0.0000518217   0.0000047956
       -0.0000025588   0.0000210390  -0.0000159479   0.0000038652  -0.0000400222
       -0.0000059304  -0.0000015011   0.0010413206  -0.0004198293  -0.0002269195
       -0.1929531894   0.2798927605   0.0429119540  -0.0002187359   0.0005369462
        0.0000366333   0.0001046787   0.0000087602  -0.0000164725
       -0.0000121721   0.0000013361  -0.0000033991   0.0000526888   0.0000663747
        0.0000532340  -0.0000105033  -0.0000309926  -0.0000455276  -0.0000696726
       -0.0000412092  -0.0000613923   0.0000585049   0.0000638284   0.0001926225
        0.0000011635   0.0000052223  -0.0000376114  -0.0000133632  -0.0000322219
       -0.0001708772  -0.0001366802  -0.0000595754  -0.0001719440   0.0001213642
        0.0000547123   0.0002930279   0.0001197199  -0.0000224342   0.0001042418
       -0.0006101987  -0.0002350479  -0.0009243231   0.0061886699  -0.0048029952
       -0.0021560966   0.0359217846  -0.0385721580  -0.0135757738   0.0014105633
        0.0004228325   0.0009419632   0.0004061602  -0.0002934576   0.0010048851
       -0.0000014763   0.0000004582   0.0000019180  -0.0000045073   0.0000036708
        0.0000016784   0.0000043877  -0.0000030578   0.0000002569  -0.0000062954
       -0.0000058851  -0.0000012790   0.0000160179  -0.0000003293  -0.0000152410
        0.0000053492   0.0000224063   0.0000124795   0.0000051066  -0.0000022135
        0.0000447170  -0.0000476681   0.0000289234  -0.0000095757  -0.0000429164
       -0.0000114553  -0.0000076652  -0.0000677272   0.0003469964  -0.0005797263
       -0.0433007396   0.0429119540   0.0151260328  -0.0000289844   0.0001432796
        0.0001340394   0.0000414244   0.0000410379  -0.0001506639
       -0.0000443423  -0.0000108943  -0.0000043674   0.0000705881   0.0001008649
        0.0000093008  -0.0000267809  -0.0000699361  -0.0000062815  -0.0001238182
       -0.0001656282   0.0000056920  -0.0002932974  -0.0000052720   0.0000660788
       -0.0000007608  -0.0000514848   0.0000025057   0.0000310933   0.0000075106
       -0.0000087673  -0.0001683976  -0.0014336102   0.0000927923  -0.0044772152
       -0.0011468430   0.0026172964  -0.0004338554   0.0000507250   0.0000682140
       -0.0028841646   0.0030086328   0.0019395017   0.0049481040   0.0213948095
       -0.0007637204   0.0014674740  -0.0007047915  -0.0008362353  -0.0546199961
       -0.0532778607   0.0044910733  -0.0070793892  -0.0271029826   0.0013984475
       -0.0000037923  -0.0000010701   0.0000008885   0.0000045936  -0.0000024143
        0.0000022756   0.0000079992  -0.0000035789  -0.0000026146  -0.0000052059
       -0.0000065287  -0.0000028471   0.0000157193   0.0000065468  -0.0000308639
       -0.0000405609   0.0000286952  -0.0000059567  -0.0000239477  -0.0000133984
        0.0000266296   0.0001686235  -0.0000841089   0.0000147173  -0.0000649907
        0.0000060565  -0.0002896895   0.0000810594   0.0012949234  -0.0000525619
        0.0002456032  -0.0002187359  -0.0000289844   0.0625326423   0.0592950228
       -0.0079504551   0.0007170154  -0.0008946490  -0.0007520683
       -0.0000700943   0.0000052638  -0.0000024475   0.0001791866   0.0001116586
        0.0000180501  -0.0000669689  -0.0000599454  -0.0000033186  -0.0002161848
       -0.0001192690   0.0000020899   0.0001196769   0.0001469786  -0.0000274407
       -0.0000037218  -0.0000299786   0.0000112086  -0.0000855625  -0.0000034445
       -0.0000013691  -0.0000385255  -0.0006398387   0.0000495268  -0.0019506360
        0.0012961179   0.0004928913   0.0007382373   0.0008183105  -0.0001478400
        0.0032816342  -0.0024568355  -0.0006354633  -0.0037618717  -0.0249421670
        0.0009097372  -0.0004277465   0.0016515824   0.0000699974  -0.0523399323
       -0.2946672043   0.0117723580  -0.0045887127  -0.0118110168   0.0009353885
       -0.0000086129  -0.0000034636   0.0000017340   0.0000021400  -0.0000028477
       -0.0000013167   0.0000045177  -0.0000052360   0.0000027272  -0.0000043370
       -0.0000123985  -0.0000060851  -0.0000007662   0.0000125091   0.0000013464
       -0.0000066527   0.0000391594  -0.0000407161   0.0000325894  -0.0000035381
        0.0000204367   0.0000481601  -0.0000537498  -0.0000194927   0.0000157079
        0.0001497085  -0.0000001710  -0.0001223323  -0.0011915925  -0.0000089923
       -0.0007139213   0.0005369462   0.0001432796   0.0592950228   0.3301602437
       -0.0133523188   0.0006897064   0.0010740472  -0.0001837998
        0.0000058771   0.0000015308  -0.0000000086  -0.0000056018  -0.0000073960
        0.0000099736   0.0000032835   0.0000089690   0.0000012906   0.0000048889
        0.0000238583  -0.0000258370   0.0000659350   0.0000485761  -0.0000277637
        0.0000023942   0.0000252999  -0.0000176824  -0.0000247922  -0.0000291456
       -0.0000539184   0.0000468548   0.0001571702   0.0001583818   0.0026604921
        0.0000776986   0.0078252763  -0.0000845880   0.0000081365  -0.0000995283
        0.0019067918  -0.0005674681   0.0065536924  -0.0004155499  -0.0042023994
        0.0019626946  -0.0009742754   0.0000865657  -0.0027468432   0.0043094184
        0.0121043252  -0.0335608574   0.0015824215   0.0055603341  -0.0006504967
        0.0000009931   0.0000007874   0.0000007180  -0.0000029621   0.0000025798
        0.0000005024   0.0000002584  -0.0000005590   0.0000006384   0.0000083583
        0.0000034615  -0.0000076871   0.0000050158  -0.0000012682  -0.0000001491
        0.0000007351  -0.0000018185   0.0000132668   0.0000013186  -0.0000067088
        0.0000025591  -0.0000126248   0.0000571518   0.0000031220  -0.0003085765
        0.0000569320  -0.0015204978  -0.0000784661  -0.0002090290  -0.0003268064
        0.0000013182   0.0000366333   0.0001340394  -0.0079504551  -0.0133523188
        0.0252553789  -0.0007484626   0.0001181010  -0.0028834583
        0.0000447812  -0.0000067780   0.0000009867  -0.0001285861  -0.0000370904
       -0.0000058069   0.0000517905   0.0000056145  -0.0000048857   0.0001563145
        0.0000269838  -0.0000117755  -0.0002223803  -0.0001947045   0.0000526603
       -0.0000272760  -0.0000396466   0.0000103859   0.0000999915  -0.0000050854
       -0.0000160712   0.0020670395  -0.0014668838  -0.0007358858   0.0007883125
       -0.0009689708   0.0003465218   0.0006902422  -0.0008761419   0.0011354023
        0.0003696501  -0.0005292073  -0.0000928666  -0.0038181710  -0.0029216765
        0.0024830410  -0.0011466399   0.0011259274   0.0002676503  -0.0249450430
        0.0188031310   0.0048261070  -0.1772598001   0.1246241565   0.0280267126
        0.0000006347   0.0000025486  -0.0000008677  -0.0000032597   0.0000008271
       -0.0000032087  -0.0000025910   0.0000019064   0.0000008996  -0.0000099687
       -0.0000101433   0.0000079140   0.0000228637  -0.0000037903  -0.0000318376
       -0.0000188459   0.0000001618   0.0000210825  -0.0000593242  -0.0000413223
        0.0000051403  -0.0000888849   0.0001080996  -0.0001666490   0.0000354853
       -0.0001448886  -0.0000681662  -0.0000972137  -0.0000633735  -0.0002833791
       -0.0004264360   0.0001046787   0.0000414244   0.0007170154   0.0006897064
       -0.0007484626   0.2032102995  -0.1381840387  -0.0350560663
       -0.0000254155   0.0000389493   0.0000025163   0.0001778355  -0.0002013004
       -0.0000376789  -0.0001154383   0.0001505700   0.0000410951  -0.0001078852
        0.0002390847   0.0000106068   0.0004611673  -0.0001650067  -0.0003285594
        0.0000096391   0.0001170999   0.0000175484  -0.0002584430   0.0003046467
        0.0001493381   0.0013117753   0.0013844069   0.0001980638   0.0222598502
       -0.0224338711  -0.0042314873  -0.0014760410  -0.0058956542   0.0003343029
       -0.0011400626   0.0000013583   0.0002255047  -0.0019169338   0.0007403016
        0.0005058662  -0.0002856566   0.0002551267   0.0000540714  -0.0043293074
        0.0050325819   0.0008494413   0.1250353531  -0.1603297647  -0.0245003029
        0.0000197742   0.0000107794   0.0000016972  -0.0000226972  -0.0000052934
       -0.0000189167  -0.0000181481  -0.0000072944   0.0000259848  -0.0000153297
        0.0000767502  -0.0000560660  -0.0000247896  -0.0000041452   0.0000504826
       -0.0000025580   0.0000774017  -0.0001206929   0.0001227310   0.0000671535
        0.0000959874  -0.0015055293  -0.0008425194  -0.0004780671   0.0012405483
       -0.0011722693  -0.0002029024  -0.0000880818   0.0000894282  -0.0000178394
       -0.0002276690   0.0000087602   0.0000410379  -0.0008946490   0.0010740472
        0.0001181010  -0.1381840387   0.1813886724   0.0272708670
       -0.0000047599   0.0000009287  -0.0000051462   0.0000026037   0.0000163858
        0.0000547274   0.0000095006  -0.0000041061  -0.0000197509  -0.0000453018
       -0.0000437799  -0.0000753505  -0.0000704809  -0.0001051043   0.0001366384
        0.0000040530   0.0000649985  -0.0000333514  -0.0000287360   0.0000270861
       -0.0001170628   0.0004534207   0.0000919135  -0.0018464562  -0.0010865055
       -0.0002716976   0.0015856423   0.0014007508   0.0003274186   0.0062543411
       -0.0000130935   0.0000472290   0.0000288013   0.0024620781   0.0006468034
        0.0081146415   0.0002426487  -0.0002230667   0.0001283290   0.0049361430
       -0.0037984323  -0.0012314590   0.0283344694  -0.0242502559  -0.0377570519
        0.0000006492   0.0000003851  -0.0000014962  -0.0000094701   0.0000015792
        0.0000015209   0.0000080733  -0.0000002439   0.0000004735  -0.0000110339
       -0.0000010423  -0.0000192752   0.0000118814   0.0000173302  -0.0000167293
        0.0000021774   0.0000127860  -0.0000054096   0.0000072461  -0.0000200836
        0.0000228753  -0.0003746563   0.0002131841  -0.0001390262  -0.0001527413
        0.0001363533  -0.0003786734  -0.0003192242   0.0000428364  -0.0014681126
        0.0000484424  -0.0000164725  -0.0001506639  -0.0007520683  -0.0001837998
       -0.0028834583  -0.0350560663   0.0272708670   0.0298204830
