$hessian                                                                        
        0.0747540097  -0.0526333054   0.0176886324   0.0011753128   0.0007552313
       -0.0006494241  -0.0286930154   0.0502707401   0.0136342052  -0.0018235856
       -0.0014402830   0.0004513980  -0.0481314400   0.0117851832   0.0011313221
        0.0009174329   0.0008629864  -0.0000848595   0.0031434273  -0.0203474831
       -0.0075565136  -0.0010022620   0.0001719054   0.0001871314  -0.0002084481
        0.0000825300  -0.0002702398   0.0001175170  -0.0001840236   0.0001226397
       -0.0020749633  -0.0038182326   0.0005286143   0.0017229071   0.0002469583
        0.0000414148  -0.0000068313  -0.0000177588   0.0000471091   0.0020560646
       -0.0007400887  -0.0007060739   0.0000441266  -0.0000000662  -0.0000522082
        0.0048084612   0.0031209043   0.0031033670   0.0003385922  -0.0009309654
       -0.0006681274   0.0001290788   0.0001200119   0.0002770079   0.0001330589
        0.0005091608  -0.0000296836  -0.0000269221  -0.0000450833   0.0000913043
        0.0000571325  -0.0000379858   0.0000158819   0.0000618928  -0.0001014347
        0.0000076335  -0.0000242790  -0.0000510320   0.0001076250  -0.0001288596
       -0.0003903061  -0.0003372777  -0.0000151094  -0.0000038670   0.0000148959
       -0.0000165217  -0.0000217456  -0.0000437028  -0.0001822082   0.0003416711
       -0.0004976579  -0.0002235884  -0.0008297564  -0.0002270397  -0.0069009803
        0.0133261349  -0.0263273743
       -0.0526333054   0.3060312915   0.0027294525  -0.0004123623   0.0002704495
       -0.0003174552   0.0451261755  -0.0409410271  -0.0095072600  -0.0004664579
       -0.0006544798  -0.0004674340   0.0005629158  -0.1622144471  -0.0258144509
        0.0005097961  -0.0006001959   0.0015316606  -0.0011712245  -0.0456025377
       -0.0208583276   0.0000862458   0.0003166282  -0.0005669127  -0.0001144377
       -0.0000326719   0.0000210719   0.0000039126   0.0001060731  -0.0001409480
       -0.0063812596  -0.0077117881   0.0021973646   0.0016692213   0.0017430831
       -0.0006705009  -0.0000449150   0.0000995549  -0.0000344656  -0.0011106540
        0.0009430690   0.0011368900   0.0000655431  -0.0004531223  -0.0004609914
        0.0017237976  -0.0013331090  -0.0126011619  -0.0002144275   0.0018322538
        0.0008443192   0.0000392888  -0.0002978733  -0.0003953884   0.0002237578
       -0.0001037168  -0.0002672924  -0.0001652183   0.0005734950   0.0004590516
        0.0000455580  -0.0000787460   0.0000627994  -0.0001795375   0.0003481489
       -0.0000246728  -0.0000941084   0.0000138688  -0.0000766490  -0.0000944747
        0.0004875978   0.0004930495  -0.0000404557  -0.0000172580  -0.0000601316
        0.0000296161  -0.0000112226   0.0000700306   0.0010755049   0.0009200551
       -0.0004674324   0.0002729530  -0.0002713324   0.0012120069   0.0116885521
       -0.0533620407   0.0619737780
        0.0176886324   0.0027294525   0.5352562064  -0.0011084198  -0.0004570050
        0.0004462785   0.0099812885  -0.0046135301   0.0077511823   0.0010289879
        0.0001360901  -0.0012702702  -0.0026609185  -0.0457453240  -0.0863250561
       -0.0000456864   0.0006749349   0.0005666622   0.0009215632  -0.0036623867
        0.0027920371   0.0001082828   0.0002193243  -0.0005063289  -0.0001251259
       -0.0001025070  -0.0000926037  -0.0001080742  -0.0000077483  -0.0000785478
       -0.0003887808  -0.0004404865   0.0007133733  -0.0000332182   0.0002224849
       -0.0003847416  -0.0000056549   0.0000736728   0.0000539633  -0.0000227435
        0.0000205250   0.0007856427   0.0000773421  -0.0007902808  -0.0009288262
        0.0061358178  -0.0393865531  -0.0494102939   0.0003231738   0.0053385910
       -0.0045815873  -0.0000658297  -0.0016724556  -0.0022332044  -0.0001066049
       -0.0002611182  -0.0000380460  -0.0000314407   0.0008620476   0.0010162146
       -0.0003195666  -0.0000383681  -0.0000046347  -0.0004075166   0.0001376985
       -0.0000385974   0.0000334901   0.0001511230   0.0000631372   0.0000509979
        0.0001824792   0.0000657835  -0.0000750640  -0.0000808923  -0.0002555685
        0.0000491184  -0.0000863226   0.0000037668   0.0001393840  -0.0000195467
        0.0004762032   0.0009341029  -0.0021008163  -0.0002141932  -0.0319675372
        0.0887169174  -0.4036279512
        0.0011753128  -0.0004123623  -0.0011084198   0.6615209403   0.3110503881
       -0.1596419217  -0.0017824270   0.0007086477  -0.0023541301  -0.6374339029
       -0.2590994665   0.1579890166  -0.0016913491  -0.0008824648   0.0052458884
       -0.0222016506  -0.0398555753   0.0011952473   0.0008132210   0.0001179273
       -0.0005412387   0.0024524562  -0.0025262872   0.0004662675   0.0014006768
       -0.0047647984  -0.0015047808   0.0003625126  -0.0046424762  -0.0008316955
       -0.0002194711  -0.0001618629   0.0000659242  -0.0000443809   0.0004880840
       -0.0001542310  -0.0000485527  -0.0001805600  -0.0003216533   0.0006452630
        0.0003087890   0.0001781752  -0.0002917712   0.0025620422   0.0031313084
       -0.0026194868   0.0077117377  -0.0045392955  -0.0019170422   0.0009912113
        0.0011362889   0.0006190479   0.0005896319  -0.0020836062  -0.0006960110
       -0.0016676867   0.0011231525   0.0005520955  -0.0031758463  -0.0028531070
       -0.0005180916   0.0018569509   0.0001761273   0.0008693986   0.0001644201
        0.0007431677  -0.0006259999  -0.0003814691   0.0006983598   0.0001417217
        0.0002098862  -0.0001512780  -0.0001151478  -0.0000278123   0.0004004203
        0.0000459049   0.0003825035   0.0000065065  -0.0001206865   0.0000743766
       -0.0000753523   0.0001469823  -0.0095738267   0.0036899533  -0.0004195625
        0.0001358984  -0.0000850940
        0.0007552313   0.0002704495  -0.0004570050   0.3110503881   0.1900534465
       -0.0694554847  -0.0003717873   0.0003210212  -0.0002531949  -0.2676902885
       -0.1513446270   0.0627409689  -0.0012477457  -0.0005702952   0.0007007103
       -0.0450172183  -0.0337618585   0.0070390322   0.0004625861  -0.0001088592
        0.0002385499  -0.0009947375  -0.0039274115   0.0005618789  -0.0014585282
       -0.0044665807  -0.0010172702   0.0010748748   0.0027679071   0.0009712811
       -0.0001007723   0.0000651496  -0.0000414908   0.0001332196   0.0001792536
       -0.0004903950  -0.0000342969  -0.0000169437  -0.0000357715   0.0001978738
        0.0000917779  -0.0000738016   0.0000200239   0.0002358717   0.0003387107
       -0.0009493303   0.0041899655  -0.0006597263  -0.0008095174  -0.0001029734
       -0.0000275457   0.0003123463   0.0003242445  -0.0004685190  -0.0001437604
        0.0000063151   0.0002324141   0.0000623810  -0.0004440783  -0.0002098596
        0.0000112536   0.0002703409   0.0001086716   0.0001316705   0.0000103721
       -0.0000742050  -0.0001425300  -0.0003107209   0.0002895728  -0.0000059611
       -0.0000010048   0.0000072195  -0.0000385453  -0.0000216368   0.0000595551
        0.0000099664   0.0000271149   0.0000137858  -0.0000476120   0.0000184184
        0.0000931274   0.0050276164  -0.0036193096  -0.0002297845  -0.0001968010
       -0.0001353489   0.0000985756
       -0.0006494241  -0.0003174552   0.0004462785  -0.1596419217  -0.0694554847
        0.0456964387   0.0008559587  -0.0005291677   0.0010308989   0.1600888402
        0.0630596568  -0.0561015084   0.0005996567   0.0009065116  -0.0021894212
       -0.0009793844   0.0038506537   0.0114073149  -0.0002779352   0.0001416891
        0.0002681544   0.0003832089   0.0022505539  -0.0011110063  -0.0012563440
       -0.0020197307   0.0001343374  -0.0007801113   0.0032037243  -0.0016743862
       -0.0000047465   0.0000561791   0.0000006702   0.0000940384  -0.0004093791
       -0.0000631457   0.0000375938   0.0000451164   0.0001270214  -0.0003357019
       -0.0000780368  -0.0000575751   0.0000925497  -0.0008421836  -0.0010972688
        0.0034776853  -0.0059742255   0.0002086032   0.0010254876   0.0002293476
        0.0009183204   0.0000152425  -0.0001656345   0.0004237089   0.0002132866
        0.0000026784  -0.0006130439  -0.0002004810   0.0010690809   0.0009877405
        0.0001856905  -0.0005236874  -0.0000192899  -0.0002191200  -0.0000297840
       -0.0000674807  -0.0000121907   0.0001363248  -0.0003517587  -0.0000547719
       -0.0000518013   0.0000388758   0.0000056342   0.0000359479  -0.0001612651
       -0.0000000167  -0.0001389388  -0.0000412489   0.0000165146  -0.0000922316
        0.0000434690  -0.0029467838   0.0056797841   0.0018309427   0.0002675453
       -0.0000395075  -0.0000143760
       -0.0286930154   0.0451261755   0.0099812885  -0.0017824270  -0.0003717873
        0.0008559587   0.4528403179   0.0908961238  -0.0294941922   0.0012988297
        0.0002000357  -0.0012730689  -0.1576217639   0.0290537743  -0.0344203965
        0.0000700887   0.0008810561   0.0004677063  -0.0427959545   0.0029444497
       -0.0051187822  -0.0001764705  -0.0002943151   0.0000908328  -0.0001081764
       -0.0001449386  -0.0000748718  -0.0000348124   0.0001101985   0.0000992558
        0.0005001443   0.0004018192  -0.0007818927  -0.0059602645  -0.0047405215
        0.0017341281   0.0000748339  -0.0000112488   0.0001124874  -0.2049682866
       -0.1813490896   0.0862004465  -0.0000353408  -0.0006155269  -0.0008194418
       -0.0151340249   0.0176503347  -0.0249008681  -0.0012963254   0.0030615219
        0.0024636997  -0.0001442494  -0.0008818576  -0.0015981937   0.0009491269
       -0.0000812035  -0.0000268152   0.0000453589   0.0003349717   0.0008433381
        0.0002000004   0.0000994807   0.0003578439  -0.0003085944   0.0001137788
       -0.0002376174  -0.0001091809   0.0000485071   0.0002295539  -0.0000391125
       -0.0009669856  -0.0004787642  -0.0001103647   0.0000039843  -0.0001169545
       -0.0000176005  -0.0000080318  -0.0000164183   0.0011100045   0.0014136413
        0.0000697393   0.0009990174  -0.0027073460  -0.0030671360   0.0012482420
       -0.0001670009  -0.0010808656
        0.0502707401  -0.0409410271  -0.0046135301   0.0007086477   0.0003210212
       -0.0005291677   0.0908961238   0.3259082171  -0.1291571727  -0.0008650159
       -0.0004117352   0.0005450606   0.0244127978  -0.0810965710   0.0233136850
        0.0001484716  -0.0002966306  -0.0000557773  -0.0203123304   0.0061442946
       -0.0024295447   0.0000419487   0.0003363515  -0.0000697592   0.0000017734
        0.0000345916   0.0000140835   0.0000256802  -0.0000355568  -0.0000607486
        0.0003633482   0.0005780981   0.0002601302  -0.0040790470  -0.0024388621
        0.0009602778  -0.0000357460   0.0000624267  -0.0000516110  -0.1586940511
       -0.2022183235   0.0966673961  -0.0000137108   0.0000297752   0.0000197128
        0.0179714387  -0.0053473630   0.0157793999   0.0013240352  -0.0020350036
       -0.0014882411   0.0000506628   0.0005496640   0.0013293063   0.0001072446
       -0.0009578497  -0.0014137067  -0.0001840569   0.0000716822  -0.0002131882
       -0.0000445008  -0.0002105371  -0.0001133924  -0.0002921077   0.0001985944
        0.0000068421  -0.0000999345   0.0000088688  -0.0001421448  -0.0003926047
       -0.0000967882  -0.0015887126  -0.0000095303  -0.0000060066  -0.0000105274
        0.0000090342  -0.0000235375   0.0000234193   0.0000489705   0.0000231830
       -0.0003289546  -0.0001536002   0.0007374356   0.0023885859  -0.0012046810
        0.0011115882   0.0009582799
        0.0136342052  -0.0095072600   0.0077511823  -0.0023541301  -0.0002531949
        0.0010308989  -0.0294941922  -0.1291571727   0.1330657438   0.0021333865
       -0.0002796462  -0.0015942376  -0.0227466990   0.0214078505  -0.0616864419
       -0.0003414915   0.0008540700   0.0006668848   0.0059508679  -0.0006624160
        0.0045757655  -0.0000918239   0.0000604867  -0.0001445463  -0.0000672456
       -0.0001780102   0.0000410181   0.0000169427   0.0003407637   0.0000762049
        0.0003869826   0.0004495307  -0.0000334100   0.0014778749   0.0009098109
        0.0000853162  -0.0000079699   0.0000695596   0.0000538989   0.0730605744
        0.0949945069  -0.0516317308  -0.0000645143  -0.0008564624  -0.0011831424
       -0.0374515393   0.0228110974  -0.0241329378  -0.0012484954   0.0018826881
        0.0016328907   0.0003134697  -0.0004417175  -0.0006809911   0.0000064961
       -0.0024138247  -0.0013176154  -0.0000213866   0.0007717442   0.0008075071
        0.0002892494  -0.0003188913  -0.0000264532  -0.0007024108   0.0007630588
       -0.0003846826  -0.0001026861   0.0001129124   0.0000221951  -0.0005323089
       -0.0005393684  -0.0017507720  -0.0001307448   0.0000015585  -0.0001970853
        0.0000217981  -0.0000398561   0.0000131377  -0.0003285738  -0.0004986958
        0.0003739191  -0.0008873729  -0.0004899994  -0.0062062167  -0.0007182622
        0.0002068770   0.0007736998
       -0.0018235856  -0.0004664579   0.0010289879  -0.6374339029  -0.2676902885
        0.1600888402   0.0012988297  -0.0008650159   0.0021333865   0.7229927432
        0.3068418764  -0.1625690777   0.0022129861   0.0022088693  -0.0034394962
       -0.0635825393  -0.0324978688   0.0060504373  -0.0008772171  -0.0001289631
        0.0006290383  -0.0144746113  -0.0176354212  -0.0042267886  -0.0104319880
       -0.0123573332   0.0008747355   0.0105291025   0.0196336528   0.0014993941
        0.0001819112   0.0001951673   0.0000144794   0.0001994352  -0.0007155440
        0.0003984318   0.0000297307   0.0002031193   0.0003989475  -0.0008114287
       -0.0003643139  -0.0003268085   0.0003381105  -0.0030825523  -0.0037837103
       -0.0208813665   0.0180570288   0.0046126306   0.0012316416  -0.0025024388
       -0.0047262266  -0.0009237754  -0.0010536310   0.0028638481   0.0009172387
        0.0038337013  -0.0008688360  -0.0005640775   0.0036773087   0.0035267970
        0.0006118314  -0.0022137189  -0.0003269100  -0.0010689236  -0.0004139992
       -0.0011934540   0.0009979880   0.0005512515  -0.0003997711  -0.0001654219
       -0.0003485155   0.0001393756   0.0001574325   0.0000076580  -0.0005210431
       -0.0001544649  -0.0004900664  -0.0000206510   0.0000604903  -0.0001761247
        0.0000698094   0.0109132969  -0.0121960720  -0.0019649083   0.0005205338
       -0.0000113079   0.0000385423
       -0.0014402830  -0.0006544798   0.0001360901  -0.2590994665  -0.1513446270
        0.0630596568   0.0002000357  -0.0004117352  -0.0002796462   0.3068418764
        0.3902682929  -0.0418259480   0.0017542624  -0.0002344640  -0.0002888911
       -0.0291955088  -0.1808104469  -0.0146857946  -0.0002897751   0.0000541014
       -0.0006125933  -0.0087434677  -0.0034037910  -0.0030003406  -0.0109290261
       -0.0109580396   0.0025036207  -0.0028061423  -0.0352237882  -0.0075405120
        0.0000551235  -0.0001603805   0.0000570810  -0.0001190198  -0.0007066725
        0.0006634868   0.0000340787  -0.0000806255  -0.0001825953  -0.0000812408
        0.0000650397   0.0002601286  -0.0001720509   0.0010859757   0.0012958084
        0.0184809099  -0.0212348570  -0.0008365026   0.0010270432   0.0020689430
        0.0036500888  -0.0003426766   0.0001441594  -0.0011417150  -0.0004321400
       -0.0024489343   0.0000469909   0.0002426793  -0.0012233737  -0.0014698131
       -0.0003446757   0.0006922931   0.0001599774   0.0003187156   0.0001350058
        0.0007310990   0.0001627118   0.0004040373  -0.0001871103   0.0001240087
        0.0001944821  -0.0000732791   0.0000270983   0.0000245588   0.0001806968
        0.0000945904   0.0001694461  -0.0000136016  -0.0000012777   0.0000528726
       -0.0001774285  -0.0157213997   0.0132744520  -0.0004291445   0.0003550167
        0.0002625554   0.0000001904
        0.0004513980  -0.0004674340  -0.0012702702   0.1579890166   0.0627409689
       -0.0561015084  -0.0012730689   0.0005450606  -0.0015942376  -0.1625690777
       -0.0418259480   0.1064568372  -0.0001056503  -0.0011206983   0.0039165307
        0.0069947985  -0.0154106713  -0.0457721880   0.0003407434  -0.0002171229
       -0.0002294781  -0.0084822262  -0.0171985741  -0.0022064141   0.0089926305
        0.0230215930   0.0005321431  -0.0011459568  -0.0130805601   0.0037493928
       -0.0000166883  -0.0000783893  -0.0000065901  -0.0001892189   0.0003650241
        0.0000187757  -0.0000122151  -0.0000776432  -0.0001686099   0.0003969977
        0.0000628248   0.0001609724  -0.0001563467   0.0013186272   0.0016915572
       -0.0049194566   0.0082273736   0.0032076138  -0.0019692497   0.0000430175
       -0.0018203544   0.0002028774   0.0001061146  -0.0009420119  -0.0003716352
        0.0001854706   0.0011506322   0.0003662681  -0.0016981820  -0.0015051904
       -0.0002356355   0.0008008613   0.0001066064   0.0002724171   0.0000610912
        0.0000200361   0.0000129182  -0.0003241806   0.0005056119   0.0001026762
        0.0000897330  -0.0000590990   0.0000059639  -0.0000291718   0.0002306220
        0.0000032868   0.0002438146   0.0000570091  -0.0000546627   0.0001198426
       -0.0001147459   0.0056443114  -0.0067397593  -0.0099418220  -0.0002752151
        0.0003369173  -0.0000718208
       -0.0481314400   0.0005629158  -0.0026609185  -0.0016913491  -0.0012477457
        0.0005996567  -0.1576217639   0.0244127978  -0.0227466990   0.0022129861
        0.0017542624  -0.0001056503   0.4203075238   0.0305654794   0.0019536096
       -0.0007150926  -0.0005815830  -0.0000966553  -0.1083112914  -0.0494950058
        0.0202782197   0.0005342890   0.0002634336  -0.0001963976   0.0001847505
       -0.0000589097   0.0001859070  -0.0000973002   0.0000708584  -0.0000868386
        0.0023681256   0.0006994684  -0.0011860528  -0.0227809796  -0.0161384492
        0.0060868125  -0.0000567550  -0.0000760608  -0.0003238063  -0.0322782965
        0.0050537410  -0.0057015278  -0.0001702204   0.0020399005   0.0024752357
       -0.0488176251   0.0022750963   0.0282148657  -0.0042768124  -0.0096066515
       -0.0102707620   0.0012578220  -0.0005196280   0.0012097532  -0.0014697342
        0.0007752342   0.0004261908   0.0000003286  -0.0013285435  -0.0020991627
        0.0002706085  -0.0000913503  -0.0014108259   0.0001190906  -0.0001244317
        0.0000455698   0.0001192951   0.0001527468  -0.0002436079  -0.0002158592
        0.0021474084   0.0013930836   0.0000862173   0.0000177742   0.0001036572
       -0.0000132392   0.0002126221   0.0000714261   0.0021805835   0.0008315341
        0.0001674960  -0.0016778167   0.0104250380  -0.0175149184  -0.0013160452
       -0.0029919521   0.0014323394
        0.0117851832  -0.1622144471  -0.0457453240  -0.0008824648  -0.0005702952
        0.0009065116   0.0290537743  -0.0810965710   0.0214078505   0.0022088693
       -0.0002344640  -0.0011206983   0.0305654794   0.4342802909  -0.0217585765
       -0.0002012810   0.0003193538  -0.0003917441  -0.0482632695  -0.1034287700
        0.0191949597  -0.0000260410  -0.0010325973  -0.0000311206   0.0001224624
       -0.0000283585   0.0000664179  -0.0001055875   0.0000026493   0.0001796738
       -0.0143121474  -0.0188298722   0.0021592613   0.0069285192   0.0065100900
       -0.0025208926   0.0000798262  -0.0000591117   0.0000624016  -0.0178058891
        0.0113386142  -0.0086003225  -0.0000723507   0.0000725971   0.0000872788
        0.0097101601  -0.0805928656   0.0409656578  -0.0036904739   0.0088893672
       -0.0162569878   0.0000044334  -0.0029314682  -0.0046282089  -0.0011698317
       -0.0003858897   0.0000705870   0.0002574136  -0.0000537036   0.0000516216
       -0.0004781811   0.0004894654  -0.0006487261  -0.0000686815  -0.0004795857
        0.0002527503   0.0000513866   0.0001709984   0.0001520467   0.0009600771
       -0.0015055402  -0.0007403207  -0.0000824250  -0.0001462696  -0.0002774966
        0.0000233441   0.0000037784  -0.0000715891  -0.0050490439  -0.0058711186
        0.0042380901   0.0010368409  -0.0077479953   0.0177282714  -0.0005801015
        0.0051317188  -0.0047313724
        0.0011313221  -0.0258144509  -0.0863250561   0.0052458884   0.0007007103
       -0.0021894212  -0.0344203965   0.0233136850  -0.0616864419  -0.0034394962
       -0.0002888911   0.0039165307   0.0019536096  -0.0217585765   0.4407708871
        0.0005398626  -0.0013130451  -0.0017339487   0.0150823868   0.0133538598
       -0.0644329451   0.0000482829  -0.0003521065   0.0004013714   0.0001335605
        0.0003476210  -0.0000853649   0.0000550720  -0.0006913674  -0.0000334881
       -0.0108830316  -0.0116177803   0.0032716253  -0.0020573081  -0.0018982598
        0.0009158390  -0.0000911107  -0.0001218356  -0.0004164069   0.0078321082
       -0.0064348305   0.0010631429   0.0001391537   0.0034282343   0.0040774614
       -0.0021008318   0.0421511778  -0.1656595271   0.0020404302  -0.0137777748
       -0.0361498961   0.0019495737   0.0004031246   0.0023857524  -0.0014999258
        0.0044599051   0.0007373211   0.0001965530  -0.0031865198  -0.0031439609
       -0.0015953208  -0.0000477378  -0.0010668818   0.0000267078  -0.0013703740
       -0.0004652931   0.0006475942  -0.0004898077   0.0000430601   0.0005943136
       -0.0002604335   0.0004598384   0.0002548338  -0.0001425464   0.0005166428
       -0.0001982616   0.0003933820   0.0001851760   0.0183974757   0.0198583873
       -0.0106922934  -0.0059872721   0.0114261256  -0.0046778592   0.0060042266
       -0.0302698754  -0.0199858640
        0.0009174329   0.0005097961  -0.0000456864  -0.0222016506  -0.0450172183
       -0.0009793844   0.0000700887   0.0001484716  -0.0003414915  -0.0635825393
       -0.0291955088   0.0069947985  -0.0007150926  -0.0002012810   0.0005398626
        0.4955908050  -0.0171440130  -0.0217680238   0.0000505414   0.0000599004
       -0.0000821259  -0.1578186017   0.0026939898  -0.1240927539  -0.0833890965
       -0.0257080530   0.0968076667  -0.1682858420   0.1109576974   0.0425948677
       -0.0000046491  -0.0000455499  -0.0000153186  -0.0000428560   0.0001550639
       -0.0000743239  -0.0000232860  -0.0000576059  -0.0000504761   0.0001164909
       -0.0000705475   0.0000733883  -0.0000113260   0.0003394161   0.0003558811
        0.0011602046  -0.0003880003  -0.0007299620  -0.0001807475   0.0002330879
        0.0002223523   0.0001392257  -0.0000140468  -0.0001746878  -0.0000381462
       -0.0002804169   0.0000847932   0.0000213909  -0.0003121006  -0.0003169448
       -0.0000436899   0.0002215486  -0.0000073026   0.0000983123   0.0000703825
        0.0001373562  -0.0001515113   0.0000214408  -0.0000799642   0.0000126944
        0.0000368255  -0.0000117972  -0.0000204889   0.0000219026   0.0000702972
        0.0000032640   0.0000563023   0.0000157715   0.0000185550   0.0000405631
       -0.0000076086  -0.0014930935   0.0029276062   0.0009383083  -0.0001963888
       -0.0000596528  -0.0000574918
        0.0008629864  -0.0006001959   0.0006749349  -0.0398555753  -0.0337618585
        0.0038506537   0.0008810561  -0.0002966306   0.0008540700  -0.0324978688
       -0.1808104469  -0.0154106713  -0.0005815830   0.0003193538  -0.0013130451
       -0.0171440130   0.4375983041  -0.0142282030   0.0000128492   0.0000854662
        0.0001798260   0.0087349060  -0.0359461614   0.0015940044  -0.0234059481
       -0.0569701657   0.0561425655   0.1035940909  -0.1255159465  -0.0317190811
       -0.0000098453   0.0000220824  -0.0000205523  -0.0000083264   0.0001425268
       -0.0001558037  -0.0000324273   0.0000529077   0.0001417297  -0.0001276760
       -0.0000437040  -0.0001297000   0.0001619947  -0.0009535594  -0.0011655523
        0.0015391482  -0.0009966729   0.0012129118   0.0003953239  -0.0005406603
       -0.0003204599   0.0000467595   0.0000643259   0.0005458589   0.0001854787
        0.0006716380  -0.0004189592  -0.0002311869   0.0010932628   0.0011244929
        0.0002494618  -0.0005168562   0.0000321184  -0.0002525267  -0.0000447388
       -0.0003199878   0.0000149574  -0.0001431606  -0.0001900731  -0.0000493334
       -0.0001152509   0.0000704325  -0.0000165372  -0.0000185032  -0.0001453959
       -0.0000077380  -0.0001662178  -0.0000087614   0.0000228862  -0.0000631201
        0.0000921985  -0.0023254596  -0.0023578591  -0.0007972737  -0.0001558539
       -0.0001881590  -0.0001722771
       -0.0000848595   0.0015316606   0.0005666622   0.0011952473   0.0070390322
        0.0114073149   0.0004677063  -0.0000557773   0.0006668848   0.0060504373
       -0.0146857946  -0.0457721880  -0.0000966553  -0.0003917441  -0.0017339487
       -0.0217680238  -0.0142282030   0.4689635192  -0.0001435672   0.0001486294
        0.0001154105  -0.1257413424  -0.0034142381  -0.1603622482   0.0981493473
        0.0586311354  -0.2192439742   0.0413423436  -0.0325474197  -0.0560767782
        0.0000360851   0.0000667334  -0.0000075891   0.0001050752   0.0000265754
       -0.0000648744  -0.0000021995   0.0000208811   0.0000637546  -0.0000742328
       -0.0000702774  -0.0001135933   0.0000430815  -0.0004305778  -0.0005099865
        0.0024610977  -0.0029745033  -0.0001421623   0.0004982464   0.0001822148
        0.0007891617   0.0000062272  -0.0000259474   0.0000746599   0.0000664041
       -0.0000960794  -0.0003348407  -0.0000831869   0.0004621092   0.0004672785
        0.0000819620  -0.0001810679   0.0000352240  -0.0000788213  -0.0000329721
       -0.0000399073  -0.0000599382   0.0000879719  -0.0000214338  -0.0000208573
       -0.0000349324   0.0000116433  -0.0000058451   0.0000011818  -0.0000712894
        0.0000113573  -0.0000786945  -0.0000209316   0.0000294736  -0.0000430230
        0.0000693441  -0.0024546912   0.0014746850   0.0012380461   0.0000701283
       -0.0003815582   0.0000468420
        0.0031434273  -0.0011712245   0.0009215632   0.0008132210   0.0004625861
       -0.0002779352  -0.0427959545  -0.0203123304   0.0059508679  -0.0008772171
       -0.0002897751   0.0003407434  -0.1083112914  -0.0482632695   0.0150823868
        0.0000505414   0.0000128492  -0.0001435672   0.4874136382  -0.0468611760
        0.0204837235  -0.0000584758   0.0000408765   0.0000068821  -0.0000241692
        0.0000460289  -0.0000014563   0.0000192093  -0.0000215570  -0.0000079096
       -0.0450332529   0.0217360808   0.0149423529  -0.2433140294   0.0889353539
       -0.0292578370  -0.0000238627   0.0000189801   0.0000070261  -0.0057913730
        0.0004904964  -0.0012005509   0.0000945762   0.0001339504   0.0002158789
        0.0019143629  -0.0041754605   0.0052753968   0.0005112202   0.0002162872
       -0.0001449327  -0.0000012937  -0.0000451818  -0.0003362372  -0.0005327248
        0.0002452049   0.0001032484   0.0000666945  -0.0001638873  -0.0000322853
       -0.0000736525   0.0002235943   0.0001602314  -0.0000260897  -0.0002049214
       -0.0000367967   0.0000535606  -0.0000574904   0.0000357957  -0.0001559764
       -0.0001743783   0.0005097353   0.0000069997  -0.0000195468   0.0000437286
       -0.0000020955  -0.0000169350   0.0000191413  -0.0467442240   0.0089809996
       -0.0324931712  -0.0005582482   0.0000174706   0.0001632779   0.0002364795
        0.0002163751  -0.0003293011
       -0.0203474831  -0.0456025377  -0.0036623867   0.0001179273  -0.0001088592
        0.0001416891   0.0029444497   0.0061442946  -0.0006624160  -0.0001289631
        0.0000541014  -0.0002171229  -0.0494950058  -0.1034287700   0.0133538598
        0.0000599004   0.0000854662   0.0001486294  -0.0468611760   0.4912703690
        0.0179235159   0.0000043702   0.0002544319  -0.0000986424  -0.0000013282
       -0.0000278784  -0.0000003964   0.0000336095  -0.0000198135  -0.0000010215
        0.0221663019  -0.2030314379  -0.1163587560   0.0870765732  -0.0810059676
        0.0129819570  -0.0000152727  -0.0000533341  -0.0000327956   0.0018715328
       -0.0000115834   0.0007956955  -0.0000234297   0.0005557954   0.0005204210
       -0.0071680906  -0.0062473403   0.0169174794  -0.0002032121  -0.0018803358
       -0.0023004140   0.0002798664   0.0000941551   0.0002196151   0.0000290641
        0.0001937314  -0.0000135440   0.0000162034  -0.0004452107  -0.0004845557
       -0.0000808286  -0.0000016222  -0.0001248018   0.0000689400  -0.0000138776
        0.0001610457  -0.0000289796   0.0000459364  -0.0000215773  -0.0000607118
        0.0000498758  -0.0000904280  -0.0000153639   0.0000200374   0.0000640040
       -0.0000509704   0.0000806212   0.0000366911   0.0088771955  -0.0582876163
        0.0601994352   0.0000899190   0.0000456014   0.0000418422   0.0008449621
        0.0012717674   0.0005629781
       -0.0075565136  -0.0208583276   0.0027920371  -0.0005412387   0.0002385499
        0.0002681544  -0.0051187822  -0.0024295447   0.0045757655   0.0006290383
       -0.0006125933  -0.0002294781   0.0202782197   0.0191949597  -0.0644329451
       -0.0000821259   0.0001798260   0.0001154105   0.0204837235   0.0179235159
        0.5253544186  -0.0000027758   0.0001044721  -0.0000994537  -0.0000113838
       -0.0000474179   0.0000328536   0.0000103950   0.0001559287  -0.0000005128
        0.0153202246  -0.1156587255  -0.1256539798  -0.0289025798   0.0130139472
       -0.0475978582   0.0000123466   0.0000517407   0.0001604289  -0.0010961901
        0.0006374452   0.0005917993   0.0000041666  -0.0010165201  -0.0011819648
        0.0168790644   0.0243563797  -0.0303925428   0.0008190386   0.0038776997
        0.0029221693   0.0000042207   0.0000783304  -0.0001850769   0.0004947413
       -0.0002054039  -0.0008207850  -0.0000576932   0.0008749449   0.0008654937
        0.0001066749  -0.0001039598   0.0003162059   0.0000874680   0.0004708572
        0.0001918260   0.0000083317  -0.0000394848   0.0000254747   0.0002046884
       -0.0001437042  -0.0003696675  -0.0000617225  -0.0000422155  -0.0001229834
        0.0000518451  -0.0001329961  -0.0000626696  -0.0329084450   0.0604491002
       -0.2670216596   0.0012052444  -0.0002969203  -0.0007387773  -0.0002599815
       -0.0000198835   0.0006983169
       -0.0010022620   0.0000862458   0.0001082828   0.0024524562  -0.0009947375
        0.0003832089  -0.0001764705   0.0000419487  -0.0000918239  -0.0144746113
       -0.0087434677  -0.0084822262   0.0005342890  -0.0000260410   0.0000482829
       -0.1578186017   0.0087349060  -0.1257413424  -0.0000584758   0.0000043702
       -0.0000027758   0.1803878831  -0.0027258804   0.1422400537   0.0082505007
        0.0005366337   0.0073396233  -0.0183779159   0.0029951846  -0.0156794891
       -0.0000154290   0.0000197872   0.0000085512  -0.0000888631  -0.0000704096
       -0.0000120691  -0.0000088362  -0.0000282192  -0.0000238291  -0.0000400044
        0.0000538411   0.0000120516  -0.0000093059   0.0000971298   0.0000980008
       -0.0001471544  -0.0000359011  -0.0000554205  -0.0000090182   0.0001850387
        0.0000683883  -0.0000038630   0.0000043003  -0.0000239831  -0.0000305443
       -0.0000739477   0.0000613882   0.0000025465  -0.0000797702  -0.0001021738
       -0.0000220591   0.0000578958  -0.0000054315   0.0000127911   0.0000208199
        0.0000586854  -0.0000362302  -0.0000036824  -0.0000387906   0.0000154207
        0.0000192413  -0.0000029052   0.0000067016   0.0000158814   0.0000290658
       -0.0000029381   0.0000180838   0.0000085795   0.0000065501   0.0000089193
        0.0000053528   0.0003462480  -0.0001751572  -0.0000908404   0.0003071959
        0.0000569863  -0.0001164144
        0.0001719054   0.0003166282   0.0002193243  -0.0025262872  -0.0039274115
        0.0022505539  -0.0002943151   0.0003363515   0.0000604867  -0.0176354212
       -0.0034037910  -0.0171985741   0.0002634336  -0.0010325973  -0.0003521065
        0.0026939898  -0.0359461614  -0.0034142381   0.0000408765   0.0002544319
        0.0001044721  -0.0027258804   0.0414680039  -0.0009082544   0.0057903124
        0.0022502567   0.0075139333   0.0142568432   0.0000840020   0.0119357180
        0.0000179401   0.0000929230   0.0000043214  -0.0000670560  -0.0000043157
       -0.0000468462   0.0000065555  -0.0000194963  -0.0000022160   0.0001177835
       -0.0000708033  -0.0000370800  -0.0000030113   0.0000638989   0.0000973612
        0.0005217035   0.0001372307   0.0001799104   0.0000636864  -0.0001751707
       -0.0001779344   0.0000398501   0.0000679527   0.0000926795  -0.0000357840
        0.0000744190   0.0000295730   0.0000054047  -0.0000699505  -0.0000454367
        0.0000004064  -0.0000203267   0.0000028834   0.0000082012  -0.0000117153
        0.0000361241  -0.0000457957   0.0000131873   0.0000183209   0.0000161888
       -0.0000210233   0.0000061178   0.0000037954  -0.0000019439   0.0000324011
       -0.0000004553   0.0000065687   0.0000147451   0.0000079140  -0.0000003490
        0.0000184451  -0.0007625172  -0.0003367585  -0.0004335790   0.0000697330
       -0.0001240399  -0.0000011056
        0.0001871314  -0.0005669127  -0.0005063289   0.0004662675   0.0005618789
       -0.0011110063   0.0000908328  -0.0000697592  -0.0001445463  -0.0042267886
       -0.0030003406  -0.0022064141  -0.0001963976  -0.0000311206   0.0004013714
       -0.1240927539   0.0015940044  -0.1603622482   0.0000068821  -0.0000986424
       -0.0000994537   0.1422400537  -0.0009082544   0.1845055298  -0.0175343126
        0.0013649801  -0.0246852920   0.0034879346   0.0005664068   0.0045400752
       -0.0000134870  -0.0000376677  -0.0000127436  -0.0000019220  -0.0000027064
        0.0000190885  -0.0000087178  -0.0000199611  -0.0000040970   0.0000332593
       -0.0000014261   0.0000898928   0.0000060251   0.0000734216   0.0000628137
        0.0006430318   0.0000610733  -0.0000423532  -0.0000751201  -0.0001305915
       -0.0001998324   0.0000342003   0.0000535244   0.0000442824  -0.0000106465
        0.0000349156   0.0000440364  -0.0000177967  -0.0000221136  -0.0000508615
        0.0000019111  -0.0000004953  -0.0000141634   0.0000140002   0.0000129186
        0.0000180562  -0.0000586743  -0.0000035453  -0.0000498126  -0.0000025609
        0.0000071809  -0.0000002393   0.0000020393   0.0000118990   0.0000138692
        0.0000010239   0.0000183777   0.0000090373   0.0000119741   0.0000546774
       -0.0000207917  -0.0007338081  -0.0002442730  -0.0000027109  -0.0002535811
        0.0007225511  -0.0002351579
       -0.0002084481  -0.0001144377  -0.0001251259   0.0014006768  -0.0014585282
       -0.0012563440  -0.0001081764   0.0000017734  -0.0000672456  -0.0104319880
       -0.0109290261   0.0089926305   0.0001847505   0.0001224624   0.0001335605
       -0.0833890965  -0.0234059481   0.0981493473  -0.0000241692  -0.0000013282
       -0.0000113838   0.0082505007   0.0057903124  -0.0175343126   0.0960733721
        0.0335779593  -0.1090714066  -0.0118645292  -0.0036254363   0.0208894798
        0.0000050627  -0.0000010239   0.0000022550  -0.0000429782  -0.0000088001
        0.0000156817  -0.0000059874  -0.0000313422  -0.0000350698   0.0000177196
        0.0000354688  -0.0000104203  -0.0000017757   0.0001012591   0.0000855992
       -0.0004370808   0.0000428809  -0.0001247710  -0.0000234884   0.0002290045
        0.0001266341   0.0000101687  -0.0000669577  -0.0000072216  -0.0000347801
       -0.0000793056   0.0000240689   0.0000091140  -0.0000664537  -0.0000913651
       -0.0000321815   0.0000813744   0.0000051517   0.0000180312   0.0000260774
        0.0000496494   0.0000493632  -0.0000877238  -0.0000546100   0.0000055401
        0.0000218779  -0.0000100498   0.0000121559   0.0000002241   0.0000037707
       -0.0000035663   0.0000151558   0.0000113547  -0.0000064457   0.0000140315
       -0.0000062789   0.0005697079  -0.0002518633  -0.0000418281   0.0000085279
        0.0000683130  -0.0000417504
        0.0000825300  -0.0000326719  -0.0001025070  -0.0047647984  -0.0044665807
       -0.0020197307  -0.0001449386   0.0000345916  -0.0001780102  -0.0123573332
       -0.0109580396   0.0230215930  -0.0000589097  -0.0000283585   0.0003476210
       -0.0257080530  -0.0569701657   0.0586311354   0.0000460289  -0.0000278784
       -0.0000474179   0.0005366337   0.0022502567   0.0013649801   0.0335779593
        0.0658950541  -0.0659284357   0.0089331298   0.0045015231  -0.0150182942
        0.0000001129  -0.0000077494   0.0000067690  -0.0000060790   0.0000534086
       -0.0000116187   0.0000021697  -0.0000273603  -0.0000256106   0.0000525425
        0.0000226742   0.0000408264  -0.0000165670   0.0001648869   0.0001473830
        0.0000723853   0.0006686494  -0.0000823544  -0.0001089147  -0.0001849617
       -0.0002004828   0.0002077937  -0.0000568124   0.0001004658  -0.0000061527
       -0.0000018537   0.0000074929  -0.0000372110  -0.0000566170  -0.0001351366
       -0.0000450110   0.0000612553  -0.0000764654   0.0000323477   0.0000319197
        0.0000684602  -0.0001238256  -0.0001906023  -0.0001466892  -0.0000196225
        0.0000300638  -0.0000101296   0.0000001562   0.0000060834   0.0000093061
       -0.0000096306   0.0000298542   0.0000044928   0.0000072645   0.0000290426
       -0.0000377939  -0.0001249476  -0.0007917006   0.0003343897  -0.0000190597
        0.0000220886  -0.0000642386
       -0.0002702398   0.0000210719  -0.0000926037  -0.0015047808  -0.0010172702
        0.0001343374  -0.0000748718   0.0000140835   0.0000410181   0.0008747355
        0.0025036207   0.0005321431   0.0001859070   0.0000664179  -0.0000853649
        0.0968076667   0.0561425655  -0.2192439742  -0.0000014563  -0.0000003964
        0.0000328536   0.0073396233   0.0075139333  -0.0246852920  -0.1090714066
       -0.0659284357   0.2512930569   0.0055907469   0.0007134941  -0.0080663560
       -0.0000017026   0.0000096608   0.0000094042  -0.0000111831  -0.0000123187
       -0.0000162235  -0.0000031805  -0.0000196353   0.0000065586  -0.0000102027
        0.0000250899  -0.0000216447  -0.0000050730   0.0000045310  -0.0000081409
       -0.0004406237  -0.0000378665  -0.0000110561   0.0000183314   0.0000778734
        0.0000918585   0.0000137408  -0.0000199335  -0.0000627810   0.0000019313
       -0.0000172819  -0.0000110917   0.0000070369  -0.0000208962  -0.0000006682
        0.0000019956  -0.0000015751  -0.0000053554  -0.0000005607  -0.0000168112
       -0.0000232597   0.0000080270  -0.0000067068   0.0001123544  -0.0000108445
        0.0000101271  -0.0000224547   0.0000054664  -0.0000136768  -0.0000219672
       -0.0000030345  -0.0000013000  -0.0000069821   0.0000033972  -0.0000249089
        0.0000174581   0.0004673953   0.0000769971  -0.0000127786   0.0000831595
       -0.0000404532   0.0001269518
        0.0001175170   0.0000039126  -0.0001080742   0.0003625126   0.0010748748
       -0.0007801113  -0.0000348124   0.0000256802   0.0000169427   0.0105291025
       -0.0028061423  -0.0011459568  -0.0000973002  -0.0001055875   0.0000550720
       -0.1682858420   0.1035940909   0.0413423436   0.0000192093   0.0000336095
        0.0000103950  -0.0183779159   0.0142568432   0.0034879346  -0.0118645292
        0.0089331298   0.0055907469   0.1872503909  -0.1246243039  -0.0484447262
        0.0000118994   0.0000035211   0.0000028389   0.0000148586   0.0000252083
       -0.0000126906  -0.0000121183  -0.0000358442  -0.0000124437   0.0000385933
       -0.0000119093  -0.0000102389   0.0000186944   0.0000206095  -0.0000112331
        0.0003330532   0.0000468586   0.0000631098   0.0000160013  -0.0002273702
       -0.0001786065   0.0000449772  -0.0000226853   0.0000495115   0.0000162496
        0.0000540761  -0.0000162329  -0.0000246299   0.0000144140   0.0000118720
        0.0000248449  -0.0000388038  -0.0000213541  -0.0000051497  -0.0000046963
       -0.0000108227  -0.0000511687   0.0000189371   0.0000052562  -0.0000012857
        0.0000017059  -0.0000020985   0.0000070776   0.0000109996   0.0000147319
       -0.0000030007  -0.0000005493   0.0000072244   0.0000149342   0.0000047688
        0.0000020328  -0.0000299792  -0.0002660087   0.0001092846  -0.0000321842
        0.0000206607  -0.0000147075
       -0.0001840236   0.0001060731  -0.0000077483  -0.0046424762   0.0027679071
        0.0032037243   0.0001101985  -0.0000355568   0.0003407637   0.0196336528
       -0.0352237882  -0.0130805601   0.0000708584   0.0000026493  -0.0006913674
        0.1109576974  -0.1255159465  -0.0325474197  -0.0000215570  -0.0000198135
        0.0001559287   0.0029951846   0.0000840020   0.0005664068  -0.0036254363
        0.0045015231   0.0007134941  -0.1246243039   0.1538820566   0.0412923881
       -0.0000014284   0.0000730310  -0.0000114081   0.0000435682  -0.0000026826
       -0.0000792487  -0.0000044501   0.0000145500   0.0000280994  -0.0000495766
       -0.0000083656  -0.0000714459   0.0000441390  -0.0003043851  -0.0003605221
        0.0010168727  -0.0009352615   0.0006035693   0.0001075188  -0.0000999033
       -0.0000372906  -0.0000095492   0.0000157279   0.0001030982   0.0000382870
        0.0001932373  -0.0001090542  -0.0000531129   0.0003242491   0.0003571875
        0.0000862314  -0.0001944788   0.0000134655  -0.0000895228  -0.0000349626
       -0.0001242527   0.0000686500  -0.0000483680   0.0000898623  -0.0000190771
       -0.0000272701   0.0000183431   0.0000086210   0.0000000529  -0.0000321629
       -0.0000066460  -0.0000459004   0.0000003188   0.0000125344  -0.0000124536
        0.0000338629  -0.0019348236   0.0006147347  -0.0004059031   0.0000719696
       -0.0000706573   0.0000378711
        0.0001226397  -0.0001409480  -0.0000785478  -0.0008316955   0.0009712811
       -0.0016743862   0.0000992558  -0.0000607486   0.0000762049   0.0014993941
       -0.0075405120   0.0037493928  -0.0000868386   0.0001796738  -0.0000334881
        0.0425948677  -0.0317190811  -0.0560767782  -0.0000079096  -0.0000010215
       -0.0000005128  -0.0156794891   0.0119357180   0.0045400752   0.0208894798
       -0.0150182942  -0.0080663560  -0.0484447262   0.0412923881   0.0572442782
        0.0000046394  -0.0000064618  -0.0000040237   0.0000101161   0.0000093698
        0.0000106249   0.0000072222  -0.0000171523   0.0000218133  -0.0000199179
        0.0000132028  -0.0000028533  -0.0000034595  -0.0000634682  -0.0001053909
        0.0004362652  -0.0006382898  -0.0001127410   0.0000482146   0.0001488072
        0.0001811440  -0.0000223660  -0.0000137212   0.0000202763   0.0000113192
       -0.0000199867  -0.0000436202  -0.0000148909   0.0000938198   0.0000878750
        0.0000115900  -0.0000454546   0.0000006279  -0.0000116670   0.0000076522
        0.0000107218   0.0000410823   0.0000252788  -0.0000003686  -0.0000090561
        0.0000041430  -0.0000140880   0.0000043414  -0.0000028936  -0.0000290266
        0.0000008100  -0.0000025305  -0.0000118654   0.0000035563   0.0000069272
        0.0000080949  -0.0005900060   0.0005243479   0.0003551805  -0.0000627711
        0.0000779545  -0.0000522629
       -0.0020749633  -0.0063812596  -0.0003887808  -0.0002194711  -0.0001007723
       -0.0000047465   0.0005001443   0.0003633482   0.0003869826   0.0001819112
        0.0000551235  -0.0000166883   0.0023681256  -0.0143121474  -0.0108830316
       -0.0000046491  -0.0000098453   0.0000360851  -0.0450332529   0.0221663019
        0.0153202246  -0.0000154290   0.0000179401  -0.0000134870   0.0000050627
        0.0000001129  -0.0000017026   0.0000118994  -0.0000014284   0.0000046394
        0.0494029502  -0.0247099859  -0.0188406241  -0.0051887704   0.0250757506
        0.0169181506   0.0000309784   0.0000286732  -0.0000064969   0.0000244584
        0.0000224684   0.0000596707  -0.0000819653  -0.0001979474  -0.0002439733
        0.0004337683   0.0011826213  -0.0007954257   0.0001357235  -0.0006660417
       -0.0000695177  -0.0000389511   0.0000840906   0.0002486176   0.0002977662
       -0.0000476149   0.0006887058  -0.0001341913   0.0002505988   0.0000182702
       -0.0000001790  -0.0002346345  -0.0001752655  -0.0000337418   0.0003051636
        0.0002302462  -0.0000766791   0.0000665135  -0.0000580344  -0.0016023127
        0.0000942358   0.0005489735  -0.0000153906   0.0000109380  -0.0000530342
        0.0000033067   0.0000397128  -0.0000221372   0.0011945862  -0.0031852351
       -0.0029953670   0.0000351973   0.0001017078  -0.0000289141  -0.0001059316
       -0.0000183887   0.0001366609
       -0.0038182326  -0.0077117881  -0.0004404865  -0.0001618629   0.0000651496
        0.0000561791   0.0004018192   0.0005780981   0.0004495307   0.0001951673
       -0.0001603805  -0.0000783893   0.0006994684  -0.0188298722  -0.0116177803
       -0.0000455499   0.0000220824   0.0000667334   0.0217360808  -0.2030314379
       -0.1156587255   0.0000197872   0.0000929230  -0.0000376677  -0.0000010239
       -0.0000077494   0.0000096608   0.0000035211   0.0000730310  -0.0000064618
       -0.0247099859   0.2347491969   0.1345230880   0.0047376530  -0.0127166814
       -0.0088159410  -0.0000022254   0.0000397875   0.0000059228   0.0004053607
        0.0003808883  -0.0001113818   0.0000061831  -0.0002404246  -0.0001875226
        0.0013526604   0.0005579591  -0.0011686842  -0.0002976130   0.0000192230
        0.0005932144   0.0002787723  -0.0000460747   0.0004821435   0.0002037168
        0.0002926446  -0.0001037849  -0.0001909783   0.0002538070  -0.0000152807
        0.0000609892  -0.0001673368  -0.0001792737  -0.0000321327   0.0001186582
        0.0000507035  -0.0000214728  -0.0000512653  -0.0000607048   0.0000079568
        0.0004405721  -0.0001665685  -0.0000089628  -0.0000471227  -0.0000558340
        0.0000429784  -0.0001363376  -0.0000951668  -0.0004323421   0.0055263793
        0.0022946540  -0.0004215757  -0.0001299176  -0.0001650006  -0.0000081565
        0.0000659888   0.0004328244
        0.0005286143   0.0021973646   0.0007133733   0.0000659242  -0.0000414908
        0.0000006702  -0.0007818927   0.0002601302  -0.0000334100   0.0000144794
        0.0000570810  -0.0000065901  -0.0011860528   0.0021592613   0.0032716253
       -0.0000153186  -0.0000205523  -0.0000075891   0.0149423529  -0.1163587560
       -0.1256539798   0.0000085512   0.0000043214  -0.0000127436   0.0000022550
        0.0000067690   0.0000094042   0.0000028389  -0.0000114081  -0.0000040237
       -0.0188406241   0.1345230880   0.1436701028   0.0002166681   0.0019474050
        0.0022246252   0.0000082647  -0.0000040812  -0.0000414223   0.0002088446
        0.0001648639  -0.0001737251  -0.0000066882   0.0002339626   0.0003259013
        0.0001221681  -0.0003614482   0.0003092891   0.0001750790   0.0015784669
       -0.0004492125  -0.0001900578   0.0001143796  -0.0001973118   0.0008428169
       -0.0004968492  -0.0004033848   0.0000010441  -0.0003477774  -0.0003181696
       -0.0000907622   0.0000810238  -0.0000726796  -0.0000363822  -0.0003507056
       -0.0003750946   0.0000450308  -0.0000598231   0.0000605807   0.0008241944
        0.0000955257  -0.0000176297   0.0000231346   0.0000044352   0.0000558534
       -0.0000096209   0.0000027274   0.0000550481   0.0031594195  -0.0255099036
       -0.0230721005  -0.0001741300   0.0000762855  -0.0000485863   0.0001398490
        0.0000557044   0.0001911796
        0.0017229071   0.0016692213  -0.0000332182  -0.0000443809   0.0001332196
        0.0000940384  -0.0059602645  -0.0040790470   0.0014778749   0.0001994352
       -0.0001190198  -0.0001892189  -0.0227809796   0.0069285192  -0.0020573081
       -0.0000428560  -0.0000083264   0.0001050752  -0.2433140294   0.0870765732
       -0.0289025798  -0.0000888631  -0.0000670560  -0.0000019220  -0.0000429782
       -0.0000060790  -0.0000111831   0.0000148586   0.0000435682   0.0000101161
       -0.0051887704   0.0047376530   0.0002166681   0.2823294355  -0.1004231131
        0.0331054783   0.0000234775   0.0000049486   0.0000307309  -0.0011094965
        0.0003231570  -0.0004067950  -0.0000083496  -0.0000990275  -0.0000668943
        0.0011797035   0.0008672183  -0.0008325865  -0.0004274937   0.0001103153
        0.0004643955   0.0000812631  -0.0000345052  -0.0000179205  -0.0001467338
        0.0001280680  -0.0001121262   0.0000112597   0.0000232166   0.0000311215
        0.0000159534   0.0000060799  -0.0000373989   0.0000798734  -0.0000382357
        0.0000431536   0.0000173051  -0.0000627704   0.0000416777   0.0000558605
       -0.0001191722  -0.0000536676  -0.0000039809  -0.0000302220  -0.0000306521
        0.0000082676  -0.0000463679  -0.0000586951  -0.0059160651   0.0037219755
       -0.0030431423  -0.0002704129  -0.0004442858   0.0002413510  -0.0003939459
       -0.0001965058  -0.0000063727
        0.0002469583   0.0017430831   0.0002224849   0.0004880840   0.0001792536
       -0.0004093791  -0.0047405215  -0.0024388621   0.0009098109  -0.0007155440
       -0.0007066725   0.0003650241  -0.0161384492   0.0065100900  -0.0018982598
        0.0001550639   0.0001425268   0.0000265754   0.0889353539  -0.0810059676
        0.0130139472  -0.0000704096  -0.0000043157  -0.0000027064  -0.0000088001
        0.0000534086  -0.0000123187   0.0000252083  -0.0000026826   0.0000093698
        0.0250757506  -0.0127166814   0.0019474050  -0.1004231131   0.0913807992
       -0.0150256651   0.0000020379   0.0000144597  -0.0000130549  -0.0011655705
        0.0001948911  -0.0002384988  -0.0000183424  -0.0001379794  -0.0001545727
       -0.0000087465   0.0002861852  -0.0010270482   0.0001549130   0.0001738993
       -0.0000175155  -0.0000691415   0.0000378511  -0.0000075479   0.0003556017
       -0.0001105598  -0.0001182219  -0.0000566399   0.0001273901   0.0000766953
        0.0000073025  -0.0000910109  -0.0000410560  -0.0000097678   0.0000532711
        0.0000244323  -0.0000202311   0.0000266118   0.0000147442  -0.0001300748
       -0.0000241130  -0.0000445015  -0.0000064544   0.0000079587  -0.0000101037
        0.0000010001   0.0000130836   0.0000107674   0.0085419549  -0.0034626435
        0.0022711933  -0.0001301039  -0.0000443478   0.0001677890  -0.0002773191
       -0.0001989268  -0.0000397886
        0.0000414148  -0.0006705009  -0.0003847416  -0.0001542310  -0.0004903950
       -0.0000631457   0.0017341281   0.0009602778   0.0000853162   0.0003984318
        0.0006634868   0.0000187757   0.0060868125  -0.0025208926   0.0009158390
       -0.0000743239  -0.0001558037  -0.0000648744  -0.0292578370   0.0129819570
       -0.0475978582  -0.0000120691  -0.0000468462   0.0000190885   0.0000156817
       -0.0000116187  -0.0000162235  -0.0000126906  -0.0000792487   0.0000106249
        0.0169181506  -0.0088159410   0.0022246252   0.0331054783  -0.0150256651
        0.0511642202   0.0000041851  -0.0000094749  -0.0000289288   0.0002703694
       -0.0000589178   0.0003122048  -0.0000281186   0.0001355530   0.0001628409
        0.0001442808  -0.0002448966   0.0003892475   0.0001690366  -0.0000983714
       -0.0002105043  -0.0000426009  -0.0000342362   0.0000484844   0.0002088624
       -0.0001352140  -0.0000208227  -0.0000513177  -0.0000756480  -0.0001739302
       -0.0000370844  -0.0000802672  -0.0000776916  -0.0000082493   0.0000332053
        0.0000546498  -0.0000227380   0.0000585969  -0.0000309993  -0.0000799839
        0.0000903832  -0.0000862039  -0.0000009942   0.0000160154   0.0000290438
       -0.0000111306   0.0000588072   0.0000054876  -0.0288633612   0.0132431898
       -0.0065215893   0.0002039146   0.0003768255  -0.0000751986  -0.0006440162
       -0.0000643597  -0.0000877364
       -0.0000068313  -0.0000449150  -0.0000056549  -0.0000485527  -0.0000342969
        0.0000375938   0.0000748339  -0.0000357460  -0.0000079699   0.0000297307
        0.0000340787  -0.0000122151  -0.0000567550   0.0000798262  -0.0000911107
       -0.0000232860  -0.0000324273  -0.0000021995  -0.0000238627  -0.0000152727
        0.0000123466  -0.0000088362   0.0000065555  -0.0000087178  -0.0000059874
        0.0000021697  -0.0000031805  -0.0000121183  -0.0000044501   0.0000072222
        0.0000309784  -0.0000022254   0.0000082647   0.0000234775   0.0000020379
        0.0000041851   0.1282611697  -0.0817680889   0.1731258216   0.0000334991
        0.0000485424   0.0000103133  -0.1298075382   0.0868871118  -0.1709744858
       -0.0000741566   0.0000561152   0.0002409865   0.0003964194  -0.0003159323
       -0.0000025883  -0.0000304535   0.0000296037  -0.0004825198   0.0004600062
        0.0009138680  -0.0001756704  -0.0001769765  -0.0048308885  -0.0029662618
        0.0000934120  -0.0002504691   0.0018486706   0.0008104534  -0.0000078359
       -0.0008500155  -0.0000027633  -0.0000024180   0.0000636239  -0.0000822029
       -0.0001511527  -0.0000602044  -0.0002194250  -0.0002706636   0.0000748493
        0.0003559149  -0.0003094057   0.0002264039   0.0000244584  -0.0000020439
       -0.0000099647  -0.0000204834   0.0000054945  -0.0000001534   0.0000058752
        0.0000128283  -0.0000073691
       -0.0000177588   0.0000995549   0.0000736728  -0.0001805600  -0.0000169437
        0.0000451164  -0.0000112488   0.0000624267   0.0000695596   0.0002031193
       -0.0000806255  -0.0000776432  -0.0000760608  -0.0000591117  -0.0001218356
       -0.0000576059   0.0000529077   0.0000208811   0.0000189801  -0.0000533341
        0.0000517407  -0.0000282192  -0.0000194963  -0.0000199611  -0.0000313422
       -0.0000273603  -0.0000196353  -0.0000358442   0.0000145500  -0.0000171523
        0.0000286732   0.0000397875  -0.0000040812   0.0000049486   0.0000144597
       -0.0000094749  -0.0817680889   0.0790374054  -0.0924971400   0.0000008707
        0.0000093016  -0.0000350904   0.0963193229  -0.0871152135   0.1151643308
        0.0000603609   0.0003152313   0.0003780972  -0.0002091722   0.0001424607
       -0.0005217535   0.0003358340  -0.0000477202   0.0004666001   0.0000073810
        0.0000252658  -0.0012075828  -0.0138637352   0.0087411293  -0.0184887960
       -0.0015494582   0.0009487821  -0.0013230478   0.0005506840  -0.0017158448
       -0.0023437497  -0.0000806090   0.0000848841   0.0000019015  -0.0000285108
       -0.0000951097  -0.0000706207   0.0004785055  -0.0005178500   0.0005781158
       -0.0000934521   0.0001947882  -0.0001325190   0.0000160244   0.0000178310
        0.0000452501   0.0000139797  -0.0000515382  -0.0000171798  -0.0000070180
       -0.0000006178   0.0000119971
        0.0000471091  -0.0000344656   0.0000539633  -0.0003216533  -0.0000357715
        0.0001270214   0.0001124874  -0.0000516110   0.0000538989   0.0003989475
       -0.0001825953  -0.0001686099  -0.0003238063   0.0000624016  -0.0004164069
       -0.0000504761   0.0001417297   0.0000637546   0.0000070261  -0.0000327956
        0.0001604289  -0.0000238291  -0.0000022160  -0.0000040970  -0.0000350698
       -0.0000256106   0.0000065586  -0.0000124437   0.0000280994   0.0000218133
       -0.0000064969   0.0000059228  -0.0000414223   0.0000307309  -0.0000130549
       -0.0000289288   0.1731258216  -0.0924971400   0.2768533334  -0.0000346136
        0.0000276262  -0.0000384466  -0.1595947726   0.0946440061  -0.2434933366
        0.0005886953   0.0010778394   0.0010263926  -0.0000033205  -0.0010685126
       -0.0006065554  -0.0000677267  -0.0002794140  -0.0001929850  -0.0013561375
        0.0007642408  -0.0009090192  -0.0137848760   0.0010319003  -0.0304741131
        0.0001271604   0.0017519100   0.0015309097  -0.0002125868  -0.0034313559
       -0.0034363186  -0.0000604915   0.0001792109   0.0001352927   0.0001150974
       -0.0003042940  -0.0002939087   0.0009449823  -0.0010153159  -0.0003273149
        0.0004887748  -0.0006023595   0.0003840416   0.0000100735  -0.0000315789
        0.0000073270  -0.0001250384  -0.0000875808  -0.0000142519   0.0000164325
       -0.0000192154   0.0000209793
        0.0020560646  -0.0011106540  -0.0000227435   0.0006452630   0.0001978738
       -0.0003357019  -0.2049682866  -0.1586940511   0.0730605744  -0.0008114287
       -0.0000812408   0.0003969977  -0.0322782965  -0.0178058891   0.0078321082
        0.0001164909  -0.0001276760  -0.0000742328  -0.0057913730   0.0018715328
       -0.0010961901  -0.0000400044   0.0001177835   0.0000332593   0.0000177196
        0.0000525425  -0.0000102027   0.0000385933  -0.0000495766  -0.0000199179
        0.0000244584   0.0004053607   0.0002088446  -0.0011094965  -0.0011655705
        0.0002703694   0.0000334991   0.0000008707  -0.0000346136   0.2409768339
        0.1763784301  -0.0800743128   0.0000387218   0.0002830423   0.0002982332
        0.0015759028   0.0008789492   0.0007226433  -0.0001382707  -0.0010899127
       -0.0012981676   0.0000777299   0.0000854867   0.0003038580  -0.0002709250
        0.0002740206   0.0003799902   0.0000810005  -0.0002154476  -0.0001890092
        0.0000023641   0.0000850800   0.0000027785   0.0000383261  -0.0000442819
        0.0000000547   0.0000476966  -0.0000266158  -0.0000145171   0.0000083677
       -0.0005469171  -0.0002175542   0.0000732779   0.0000247927   0.0000330368
        0.0000117053   0.0000441198   0.0000309975   0.0001692304   0.0003290563
       -0.0005843077  -0.0002094247  -0.0002392301   0.0001986436  -0.0004157399
        0.0001681214   0.0001990816
       -0.0007400887   0.0009430690   0.0000205250   0.0003087890   0.0000917779
       -0.0000780368  -0.1813490896  -0.2022183235   0.0949945069  -0.0003643139
        0.0000650397   0.0000628248   0.0050537410   0.0113386142  -0.0064348305
       -0.0000705475  -0.0000437040  -0.0000702774   0.0004904964  -0.0000115834
        0.0006374452   0.0000538411  -0.0000708033  -0.0000014261   0.0000354688
        0.0000226742   0.0000250899  -0.0000119093  -0.0000083656   0.0000132028
        0.0000224684   0.0003808883   0.0001648639   0.0003231570   0.0001948911
       -0.0000589178   0.0000485424   0.0000093016   0.0000276262   0.1763784301
        0.1901946131  -0.0887258515   0.0000403771   0.0000362184  -0.0000024040
       -0.0007678782   0.0000658160  -0.0000656215  -0.0001031156   0.0000058265
        0.0002871065  -0.0000387921   0.0000321236  -0.0000846473   0.0001292153
       -0.0000521747  -0.0001148539   0.0000739756  -0.0001011261   0.0000309464
        0.0000456568   0.0000558456   0.0000511317   0.0000904627  -0.0000570775
       -0.0000650044   0.0000511466  -0.0000041454   0.0000309294  -0.0006942066
       -0.0007866388  -0.0001652312   0.0000404334   0.0000119997   0.0000094982
       -0.0000002342   0.0000117877  -0.0000115528   0.0000890236   0.0001742018
       -0.0005511096   0.0004658381  -0.0000165718   0.0000608358   0.0003991124
       -0.0002641742   0.0000132323
       -0.0007060739   0.0011368900   0.0007856427   0.0001781752  -0.0000738016
       -0.0000575751   0.0862004465   0.0966673961  -0.0516317308  -0.0003268085
        0.0002601286   0.0001609724  -0.0057015278  -0.0086003225   0.0010631429
        0.0000733883  -0.0001297000  -0.0001135933  -0.0012005509   0.0007956955
        0.0005917993   0.0000120516  -0.0000370800   0.0000898928  -0.0000104203
        0.0000408264  -0.0000216447  -0.0000102389  -0.0000714459  -0.0000028533
        0.0000596707  -0.0001113818  -0.0001737251  -0.0004067950  -0.0002384988
        0.0003122048   0.0000103133  -0.0000350904  -0.0000384466  -0.0800743128
       -0.0887258515   0.0475326607   0.0000150068   0.0003284745   0.0003665466
        0.0010660071   0.0001664507   0.0025605182  -0.0004258126  -0.0010856776
       -0.0012717086   0.0000269676   0.0000071597   0.0001540853  -0.0000579290
        0.0003019624  -0.0001447201   0.0000126919  -0.0003216170  -0.0002700687
       -0.0000099217   0.0000903439  -0.0000565345   0.0001008406  -0.0001684243
        0.0000233717   0.0000152342  -0.0000503712   0.0000200945  -0.0000039433
       -0.0005253345  -0.0000033676   0.0000265302  -0.0000055902   0.0000508093
       -0.0000067891   0.0000320395   0.0000181483   0.0000078243  -0.0000546168
        0.0002188105  -0.0000037025  -0.0001503920   0.0001219863   0.0011396780
        0.0005578289  -0.0002847179
        0.0000441266   0.0000655431   0.0000773421  -0.0002917712   0.0000200239
        0.0000925497  -0.0000353408  -0.0000137108  -0.0000645143   0.0003381105
       -0.0001720509  -0.0001563467  -0.0001702204  -0.0000723507   0.0001391537
       -0.0000113260   0.0001619947   0.0000430815   0.0000945762  -0.0000234297
        0.0000041666  -0.0000093059  -0.0000030113   0.0000060251  -0.0000017757
       -0.0000165670  -0.0000050730   0.0000186944   0.0000441390  -0.0000034595
       -0.0000819653   0.0000061831  -0.0000066882  -0.0000083496  -0.0000183424
       -0.0000281186  -0.1298075382   0.0963193229  -0.1595947726   0.0000387218
        0.0000403771   0.0000150068   0.1723522713  -0.1241355667   0.1776275594
       -0.0004114019  -0.0001757461   0.0002966072   0.0004279295  -0.0007091064
        0.0004188615   0.0025968446   0.0044407703  -0.0031079361   0.0013932699
        0.0037478809  -0.0035866893  -0.0479470141   0.0185203161  -0.0116043233
        0.0017238858   0.0165714123   0.0147380449   0.0018327514  -0.0127811921
       -0.0182487136  -0.0000266359   0.0007983741   0.0005821361   0.0000381327
       -0.0003632384  -0.0007456457  -0.0005250248  -0.0008214666   0.0014857639
       -0.0013855787  -0.0013941985   0.0016117048  -0.0000253369  -0.0000091452
        0.0000304803  -0.0001389284  -0.0000210848  -0.0000353905  -0.0000218012
       -0.0000061299   0.0000191875
       -0.0000000662  -0.0004531223  -0.0007902808   0.0025620422   0.0002358717
       -0.0008421836  -0.0006155269   0.0000297752  -0.0008564624  -0.0030825523
        0.0010859757   0.0013186272   0.0020399005   0.0000725971   0.0034282343
        0.0003394161  -0.0009535594  -0.0004305778   0.0001339504   0.0005557954
       -0.0010165201   0.0000971298   0.0000638989   0.0000734216   0.0001012591
        0.0001648869   0.0000045310   0.0000206095  -0.0003043851  -0.0000634682
       -0.0001979474  -0.0002404246   0.0002339626  -0.0000990275  -0.0001379794
        0.0001355530   0.0868871118  -0.0871152135   0.0946440061   0.0002830423
        0.0000362184   0.0003284745  -0.1241355667   0.2822101815   0.0349323935
       -0.0034944486  -0.0079843580  -0.0070429961   0.0005328174   0.0068975755
        0.0065125725   0.0048232843  -0.0035023304  -0.0020227740   0.0043340926
       -0.0024954704  -0.0002499559   0.0294422131  -0.1609628384  -0.0891304782
        0.0046522198  -0.0342065257  -0.0357516678  -0.0021714367   0.0058400474
       -0.0018666625   0.0005881509  -0.0020672214  -0.0018482406   0.0000522545
        0.0001643033   0.0001086038  -0.0016580487   0.0016741501   0.0001646273
       -0.0015731528   0.0001729393   0.0003093752   0.0000206403   0.0000830137
       -0.0001757227   0.0002002520   0.0009761282  -0.0000166736  -0.0000826131
        0.0001600703  -0.0000897184
       -0.0000522082  -0.0004609914  -0.0009288262   0.0031313084   0.0003387107
       -0.0010972688  -0.0008194418   0.0000197128  -0.0011831424  -0.0037837103
        0.0012958084   0.0016915572   0.0024752357   0.0000872788   0.0040774614
        0.0003558811  -0.0011655523  -0.0005099865   0.0002158789   0.0005204210
       -0.0011819648   0.0000980008   0.0000973612   0.0000628137   0.0000855992
        0.0001473830  -0.0000081409  -0.0000112331  -0.0003605221  -0.0001053909
       -0.0002439733  -0.0001875226   0.0003259013  -0.0000668943  -0.0001545727
        0.0001628409  -0.1709744858   0.1151643308  -0.2434933366   0.0002982332
       -0.0000024040   0.0003665466   0.1776275594   0.0349323935   0.4591198141
       -0.0036580155  -0.0087392739  -0.0083461663   0.0018769542   0.0070133335
        0.0087893499  -0.0027916336  -0.0020365947  -0.0034076834  -0.0029246523
       -0.0005868802  -0.0030965844   0.0017516493  -0.1131228516  -0.1654800388
        0.0003892834  -0.0093175353  -0.0060390336  -0.0054299922  -0.0256844280
       -0.0406178346   0.0003403422  -0.0010227212  -0.0007677406  -0.0002173133
       -0.0007770968  -0.0013043795   0.0004257383   0.0021058790   0.0018433645
        0.0013397617   0.0006542100   0.0015066390   0.0000246507   0.0001312457
       -0.0001828414   0.0006056405   0.0009363974  -0.0001173846  -0.0000681634
        0.0001744809  -0.0000785444
        0.0048084612   0.0017237976   0.0061358178  -0.0026194868  -0.0009493303
        0.0034776853  -0.0151340249   0.0179714387  -0.0374515393  -0.0208813665
        0.0184809099  -0.0049194566  -0.0488176251   0.0097101601  -0.0021008318
        0.0011602046   0.0015391482   0.0024610977   0.0019143629  -0.0071680906
        0.0168790644  -0.0001471544   0.0005217035   0.0006430318  -0.0004370808
        0.0000723853  -0.0004406237   0.0003330532   0.0010168727   0.0004362652
        0.0004337683   0.0013526604   0.0001221681   0.0011797035  -0.0000087465
        0.0001442808  -0.0000741566   0.0000603609   0.0005886953   0.0015759028
       -0.0007678782   0.0010660071  -0.0004114019  -0.0034944486  -0.0036580155
        0.2300678491  -0.1581461069   0.0403846349  -0.0436031287   0.0219242848
       -0.0022759709  -0.0004252903  -0.0090939953  -0.0180856199   0.0023741403
        0.0142749492   0.0147259368   0.0008312813   0.0016494023   0.0037346820
        0.0020064567   0.0037501784  -0.0019055451   0.0008066185   0.0043099894
       -0.0042644915  -0.0007613513  -0.0016308390  -0.0000561379  -0.0011175048
       -0.0016349289   0.0004827369  -0.0000155833  -0.0003996781  -0.0008802403
       -0.0000094968   0.0004969775   0.0005462028  -0.0023246608  -0.0030053635
        0.0019317274  -0.1105213358   0.0865180016  -0.0180822647  -0.0001911538
        0.0009261854   0.0003607027
        0.0031209043  -0.0013331090  -0.0393865531   0.0077117377   0.0041899655
       -0.0059742255   0.0176503347  -0.0053473630   0.0228110974   0.0180570288
       -0.0212348570   0.0082273736   0.0022750963  -0.0805928656   0.0421511778
       -0.0003880003  -0.0009966729  -0.0029745033  -0.0041754605  -0.0062473403
        0.0243563797  -0.0000359011   0.0001372307   0.0000610733   0.0000428809
        0.0006686494  -0.0000378665   0.0000468586  -0.0009352615  -0.0006382898
        0.0011826213   0.0005579591  -0.0003614482   0.0008672183   0.0002861852
       -0.0002448966   0.0000561152   0.0003152313   0.0010778394   0.0008789492
        0.0000658160   0.0001664507  -0.0001757461  -0.0079843580  -0.0087392739
       -0.1581461069   0.4239189710   0.0641512870   0.0025215612  -0.1595325328
       -0.0900063030  -0.0034137790   0.0040256390  -0.0093601234   0.0062514031
       -0.0387132162  -0.0271612907  -0.0007977922   0.0069302261   0.0062236940
        0.0051618736   0.0000730579   0.0012439186   0.0040687718  -0.0006048002
        0.0005170883  -0.0008343020   0.0005176304   0.0023606248  -0.0016872365
        0.0005500898   0.0000700451  -0.0001389449   0.0000417084  -0.0001026847
        0.0005310235  -0.0012908564  -0.0010653998  -0.0033975933  -0.0036192994
        0.0020727381   0.1024161872  -0.1104912259   0.0142600298   0.0003502969
       -0.0033546013  -0.0036979592
        0.0031033670  -0.0126011619  -0.0494102939  -0.0045392955  -0.0006597263
        0.0002086032  -0.0249008681   0.0157793999  -0.0241329378   0.0046126306
       -0.0008365026   0.0032076138   0.0282148657   0.0409656578  -0.1656595271
       -0.0007299620   0.0012129118  -0.0001421623   0.0052753968   0.0169174794
       -0.0303925428  -0.0000554205   0.0001799104  -0.0000423532  -0.0001247710
       -0.0000823544  -0.0000110561   0.0000631098   0.0006035693  -0.0001127410
       -0.0007954257  -0.0011686842   0.0003092891  -0.0008325865  -0.0010270482
        0.0003892475   0.0002409865   0.0003780972   0.0010263926   0.0007226433
       -0.0000656215   0.0025605182   0.0002966072  -0.0070429961  -0.0083461663
        0.0403846349   0.0641512870   0.5418492491  -0.0221414048  -0.1031155391
       -0.1763329032  -0.0087187166  -0.0255169812  -0.0465432347   0.0041152420
       -0.0138865803   0.0004450594   0.0003405906   0.0051573197   0.0068438319
       -0.0025114417   0.0021423922  -0.0013695015  -0.0028401980   0.0013748143
       -0.0006348388   0.0009613019  -0.0005073941   0.0013850854   0.0002040957
        0.0003856180  -0.0002099370  -0.0004450659  -0.0010185252  -0.0019064987
        0.0002544891  -0.0001375926   0.0000100665   0.0039955936   0.0039787181
       -0.0026322859  -0.0246477797   0.0177745083  -0.0473284636   0.0004973813
       -0.0033349758  -0.0030275129
        0.0003385922  -0.0002144275   0.0003231738  -0.0019170422  -0.0008095174
        0.0010254876  -0.0012963254   0.0013240352  -0.0012484954   0.0012316416
        0.0010270432  -0.0019692497  -0.0042768124  -0.0036904739   0.0020404302
       -0.0001807475   0.0003953239   0.0004982464   0.0005112202  -0.0002032121
        0.0008190386  -0.0000090182   0.0000636864  -0.0000751201  -0.0000234884
       -0.0001089147   0.0000183314   0.0000160013   0.0001075188   0.0000482146
        0.0001357235  -0.0002976130   0.0001750790  -0.0004274937   0.0001549130
        0.0001690366   0.0003964194  -0.0002091722  -0.0000033205  -0.0001382707
       -0.0001031156  -0.0004258126   0.0004279295   0.0005328174   0.0018769542
       -0.0436031287   0.0025215612  -0.0221414048   0.2939652871  -0.1891588122
        0.1501743257  -0.1150832220   0.0548422261  -0.0829592142  -0.1179624861
        0.0942110957  -0.0394275283  -0.0260647218   0.0213469926  -0.0193425496
        0.0081957799  -0.0397922444  -0.0268925093   0.0085216132   0.0185401828
        0.0445849200  -0.0081250097   0.0064710170  -0.0129848461  -0.0079206946
        0.0144078463  -0.0030749589   0.0058676279   0.0026947531  -0.0013376556
        0.0059483964   0.0021636058  -0.0023629610  -0.0001402879   0.0000664481
        0.0001498846   0.0010475178   0.0136146655   0.0121862433   0.0005649994
        0.0001017710   0.0001562601
       -0.0009309654   0.0018322538   0.0053385910   0.0009912113  -0.0001029734
        0.0002293476   0.0030615219  -0.0020350036   0.0018826881  -0.0025024388
        0.0020689430   0.0000430175  -0.0096066515   0.0088893672  -0.0137777748
        0.0002330879  -0.0005406603   0.0001822148   0.0002162872  -0.0018803358
        0.0038776997   0.0001850387  -0.0001751707  -0.0001305915   0.0002290045
       -0.0001849617   0.0000778734  -0.0002273702  -0.0000999033   0.0001488072
       -0.0006660417   0.0000192230   0.0015784669   0.0001103153   0.0001738993
       -0.0000983714  -0.0003159323   0.0001424607  -0.0010685126  -0.0010899127
        0.0000058265  -0.0010856776  -0.0007091064   0.0068975755   0.0070133335
        0.0219242848  -0.1595325328  -0.1031155391  -0.1891588122   0.5517328809
        0.0805035244   0.0284628347  -0.0947967937   0.0100421618   0.1204356627
       -0.2315382502   0.0385336708   0.0221563134  -0.0313136071   0.0185855880
       -0.0209319917   0.0387743400   0.0044693481  -0.0003731476  -0.0455713423
       -0.0552726703   0.0151488604  -0.0097171921   0.0198484148   0.0051016875
       -0.0063865187   0.0024835686   0.0028002723  -0.0001254460  -0.0045519257
        0.0021402526   0.0006968212  -0.0039799746  -0.0006581504  -0.0005018747
        0.0009514188   0.0037401464  -0.0267464642  -0.0130625304   0.0002337391
        0.0000154395   0.0003538328
       -0.0006681274   0.0008443192  -0.0045815873   0.0011362889  -0.0000275457
        0.0009183204   0.0024636997  -0.0014882411   0.0016328907  -0.0047262266
        0.0036500888  -0.0018203544  -0.0102707620  -0.0162569878  -0.0361498961
        0.0002223523  -0.0003204599   0.0007891617  -0.0001449327  -0.0023004140
        0.0029221693   0.0000683883  -0.0001779344  -0.0001998324   0.0001266341
       -0.0002004828   0.0000918585  -0.0001786065  -0.0000372906   0.0001811440
       -0.0000695177   0.0005932144  -0.0004492125   0.0004643955  -0.0000175155
       -0.0002105043  -0.0000025883  -0.0005217535  -0.0006065554  -0.0012981676
        0.0002871065  -0.0012717086   0.0004188615   0.0065125725   0.0087893499
       -0.0022759709  -0.0900063030  -0.1763329032   0.1501743257   0.0805035244
        0.5782033978  -0.1185159471   0.0679698620  -0.2302557295  -0.0064032671
       -0.0163869838  -0.0875807475  -0.0177965861   0.0186587613  -0.0228419382
       -0.0030129527  -0.0388864549  -0.0551591185   0.0208173576  -0.0122469484
        0.0293790214  -0.0022927003   0.0013363543  -0.0028238252  -0.0137776699
        0.0220362815  -0.0029089175  -0.0016682432  -0.0039969681  -0.0007657274
       -0.0023365091  -0.0044682237  -0.0018933512  -0.0006850165  -0.0007976323
        0.0008781949   0.0096877832  -0.0125452042   0.0025597710   0.0005437050
       -0.0017087411  -0.0004933704
        0.0001290788   0.0000392888  -0.0000658297   0.0006190479   0.0003123463
        0.0000152425  -0.0001442494   0.0000506628   0.0003134697  -0.0009237754
       -0.0003426766   0.0002028774   0.0012578220   0.0000044334   0.0019495737
        0.0001392257   0.0000467595   0.0000062272  -0.0000012937   0.0002798664
        0.0000042207  -0.0000038630   0.0000398501   0.0000342003   0.0000101687
        0.0002077937   0.0000137408   0.0000449772  -0.0000095492  -0.0000223660
       -0.0000389511   0.0002787723  -0.0001900578   0.0000812631  -0.0000691415
       -0.0000426009  -0.0000304535   0.0003358340  -0.0000677267   0.0000777299
       -0.0000387921   0.0000269676   0.0025968446   0.0048232843  -0.0027916336
       -0.0004252903  -0.0034137790  -0.0087187166  -0.1150832220   0.0284628347
       -0.1185159471   0.2875955046  -0.2008671259   0.1555775515  -0.0197151042
        0.0314948950  -0.0071999845   0.0071979686   0.0000630651   0.0203190688
       -0.0572114715   0.0322779682   0.0005266360  -0.0061891586  -0.0058288825
       -0.0145075308  -0.1023464786   0.1161877625  -0.0133082091   0.0031293322
        0.0049829086  -0.0021255146  -0.0008195552  -0.0092300897  -0.0127841535
        0.0001654921  -0.0004760430  -0.0000216729   0.0001159533   0.0001104066
        0.0000000070  -0.0001550055   0.0002190302   0.0013939808  -0.0000725369
        0.0000583170  -0.0000218202
        0.0001200119  -0.0002978733  -0.0016724556   0.0005896319   0.0003242445
       -0.0001656345  -0.0008818576   0.0005496640  -0.0004417175  -0.0010536310
        0.0001441594   0.0001061146  -0.0005196280  -0.0029314682   0.0004031246
       -0.0000140468   0.0000643259  -0.0000259474  -0.0000451818   0.0000941551
        0.0000783304   0.0000043003   0.0000679527   0.0000535244  -0.0000669577
       -0.0000568124  -0.0000199335  -0.0000226853   0.0000157279  -0.0000137212
        0.0000840906  -0.0000460747   0.0001143796  -0.0000345052   0.0000378511
       -0.0000342362   0.0000296037  -0.0000477202  -0.0002794140   0.0000854867
        0.0000321236   0.0000071597   0.0044407703  -0.0035023304  -0.0020365947
       -0.0090939953   0.0040256390  -0.0255169812   0.0548422261  -0.0947967937
        0.0679698620  -0.2008671259   0.5563365787   0.1085459899   0.0127169007
       -0.0018782471   0.0250384976   0.0201486346  -0.0463812851  -0.0099791805
        0.0062102821  -0.1834565945  -0.1630720101  -0.0068400574  -0.0024256832
       -0.0143930327   0.1165507347  -0.2272594415   0.0141960080   0.0050502749
       -0.0030092918  -0.0005355463  -0.0003069270   0.0037533057   0.0042766900
       -0.0005563948   0.0006839177  -0.0002841454   0.0000723372  -0.0000203573
       -0.0000937534  -0.0007417631   0.0001829991  -0.0020510087   0.0000994710
       -0.0002026710  -0.0001743682
        0.0002770079  -0.0003953884  -0.0022332044  -0.0020836062  -0.0004685190
        0.0004237089  -0.0015981937   0.0013293063  -0.0006809911   0.0028638481
       -0.0011417150  -0.0009420119   0.0012097532  -0.0046282089   0.0023857524
       -0.0001746878   0.0005458589   0.0000746599  -0.0003362372   0.0002196151
       -0.0001850769  -0.0000239831   0.0000926795   0.0000442824  -0.0000072216
        0.0001004658  -0.0000627810   0.0000495115   0.0001030982   0.0000202763
        0.0002486176   0.0004821435  -0.0001973118  -0.0000179205  -0.0000075479
        0.0000484844  -0.0004825198   0.0004666001  -0.0001929850   0.0003038580
       -0.0000846473   0.0001540853  -0.0031079361  -0.0020227740  -0.0034076834
       -0.0180856199  -0.0093601234  -0.0465432347  -0.0829592142   0.0100421618
       -0.2302557295   0.1555775515   0.1085459899   0.5894706110  -0.0300960839
        0.0655494785   0.0164054916   0.0459233896  -0.0557014563   0.0326100045
       -0.0319871177  -0.1031199461  -0.2368723421  -0.0161521644  -0.0125595886
       -0.0540974659  -0.0126064956   0.0139829705  -0.0435217309  -0.0019823673
       -0.0009387817   0.0013284995  -0.0017370560  -0.0155358193  -0.0231703277
       -0.0000660888  -0.0000786016  -0.0004933380   0.0002345244   0.0002352347
       -0.0001513690  -0.0032544064   0.0044208164   0.0002774905   0.0000708582
       -0.0000733018  -0.0002357633
        0.0001330589   0.0002237578  -0.0001066049  -0.0006960110  -0.0001437604
        0.0002132866   0.0009491269   0.0001072446   0.0000064961   0.0009172387
       -0.0004321400  -0.0003716352  -0.0014697342  -0.0011698317  -0.0014999258
       -0.0000381462   0.0001854787   0.0000664041  -0.0005327248   0.0000290641
        0.0004947413  -0.0000305443  -0.0000357840  -0.0000106465  -0.0000347801
       -0.0000061527   0.0000019313   0.0000162496   0.0000382870   0.0000113192
        0.0002977662   0.0002037168   0.0008428169  -0.0001467338   0.0003556017
        0.0002088624   0.0004600062   0.0000073810  -0.0013561375  -0.0002709250
        0.0001292153  -0.0000579290   0.0013932699   0.0043340926  -0.0029246523
        0.0023741403   0.0062514031   0.0041152420  -0.1179624861   0.1204356627
       -0.0064032671  -0.0197151042   0.0127169007  -0.0300960839   0.2907481558
       -0.1911642986   0.1706125781   0.0084056231  -0.0211500635  -0.0031712097
       -0.0064631133   0.0140005773   0.0089451514  -0.0562753188   0.0059310320
       -0.0322059976   0.0030271669   0.0031521119  -0.0044114208  -0.1048861131
        0.0353518467  -0.1145114613   0.0001474939  -0.0000645241   0.0004688918
       -0.0007702642   0.0101983873   0.0111206170   0.0000385533   0.0000594432
       -0.0001161093   0.0004015527   0.0005554371   0.0001891052  -0.0000174032
       -0.0001000867  -0.0000543627
        0.0005091608  -0.0001037168  -0.0002611182  -0.0016676867   0.0000063151
        0.0000026784  -0.0000812035  -0.0009578497  -0.0024138247   0.0038337013
       -0.0024489343   0.0001854706   0.0007752342  -0.0003858897   0.0044599051
       -0.0002804169   0.0006716380  -0.0000960794   0.0002452049   0.0001937314
       -0.0002054039  -0.0000739477   0.0000744190   0.0000349156  -0.0000793056
       -0.0000018537  -0.0000172819   0.0000540761   0.0001932373  -0.0000199867
       -0.0000476149   0.0002926446  -0.0004968492   0.0001280680  -0.0001105598
       -0.0001352140   0.0009138680   0.0000252658   0.0007642408   0.0002740206
       -0.0000521747   0.0003019624   0.0037478809  -0.0024954704  -0.0005868802
        0.0142749492  -0.0387132162  -0.0138865803   0.0942110957  -0.2315382502
       -0.0163869838   0.0314948950  -0.0018782471   0.0655494785  -0.1911642986
        0.5382132955   0.1023333037  -0.0411754530   0.0413846525  -0.0393044549
        0.0147971138  -0.0463209657  -0.0215722164   0.0329896317  -0.1849193998
       -0.1053758213   0.0024537693   0.0016480073   0.0004037217   0.0359939388
       -0.0558056972   0.0499405253  -0.0001750905  -0.0004947987  -0.0002501162
        0.0017127370  -0.0190736904  -0.0197572613   0.0001145100   0.0001130822
        0.0000554275  -0.0035947489   0.0023340467  -0.0032716561  -0.0001840889
        0.0001503791   0.0000060988
       -0.0000296836  -0.0002672924  -0.0000380460   0.0011231525   0.0002324141
       -0.0006130439  -0.0000268152  -0.0014137067  -0.0013176154  -0.0008688360
        0.0000469909   0.0011506322   0.0004261908   0.0000705870   0.0007373211
        0.0000847932  -0.0004189592  -0.0003348407   0.0001032484  -0.0000135440
       -0.0008207850   0.0000613882   0.0000295730   0.0000440364   0.0000240689
        0.0000074929  -0.0000110917  -0.0000162329  -0.0001090542  -0.0000436202
        0.0006887058  -0.0001037849  -0.0004033848  -0.0001121262  -0.0001182219
       -0.0000208227  -0.0001756704  -0.0012075828  -0.0009090192   0.0003799902
       -0.0001148539  -0.0001447201  -0.0035866893  -0.0002499559  -0.0030965844
        0.0147259368  -0.0271612907   0.0004450594  -0.0394275283   0.0385336708
       -0.0875807475  -0.0071999845   0.0250384976   0.0164054916   0.1706125781
        0.1023333037   0.6053235493  -0.0280080781   0.0069458400  -0.0556380630
        0.0099856649  -0.0234537436  -0.0095299898   0.0004644624  -0.1649002304
       -0.2379618100  -0.0048983563   0.0008588235  -0.0031300458  -0.1141557352
        0.0490220980  -0.2205606007   0.0005580542  -0.0005008737   0.0004397039
        0.0007487704  -0.0005551282   0.0003973007  -0.0001267459  -0.0000382820
        0.0000880775  -0.0012881459  -0.0026718869  -0.0028760807  -0.0000663773
        0.0001790999  -0.0000002607
       -0.0000269221  -0.0001652183  -0.0000314407   0.0005520955   0.0000623810
       -0.0002004810   0.0000453589  -0.0001840569  -0.0000213866  -0.0005640775
        0.0002426793   0.0003662681   0.0000003286   0.0002574136   0.0001965530
        0.0000213909  -0.0002311869  -0.0000831869   0.0000666945   0.0000162034
       -0.0000576932   0.0000025465   0.0000054047  -0.0000177967   0.0000091140
       -0.0000372110   0.0000070369  -0.0000246299  -0.0000531129  -0.0000148909
       -0.0001341913  -0.0001909783   0.0000010441   0.0000112597  -0.0000566399
       -0.0000513177  -0.0001769765  -0.0138637352  -0.0137848760   0.0000810005
        0.0000739756   0.0000126919  -0.0479470141   0.0294422131   0.0017516493
        0.0008312813  -0.0007977922   0.0003405906  -0.0260647218   0.0221563134
       -0.0177965861   0.0071979686   0.0201486346   0.0459233896   0.0084056231
       -0.0411754530  -0.0280080781   0.3002771301  -0.1965718038   0.1631536798
       -0.1190086366   0.0964557438  -0.0439790596  -0.1201519701   0.0592855700
       -0.0860384180   0.0059200559   0.0017952362  -0.0024393304   0.0061475781
        0.0028548165  -0.0016136013  -0.0080790043   0.0139212205  -0.0036918503
       -0.0078508801   0.0066364436  -0.0139069855  -0.0000414650  -0.0000331591
        0.0000700299   0.0005171971  -0.0000384652  -0.0001287025  -0.0000161339
        0.0000445633   0.0000427484
       -0.0000450833   0.0005734950   0.0008620476  -0.0031758463  -0.0004440783
        0.0010690809   0.0003349717   0.0000716822   0.0007717442   0.0036773087
       -0.0012233737  -0.0016981820  -0.0013285435  -0.0000537036  -0.0031865198
       -0.0003121006   0.0010932628   0.0004621092  -0.0001638873  -0.0004452107
        0.0008749449  -0.0000797702  -0.0000699505  -0.0000221136  -0.0000664537
       -0.0000566170  -0.0000208962   0.0000144140   0.0003242491   0.0000938198
        0.0002505988   0.0002538070  -0.0003477774   0.0000232166   0.0001273901
       -0.0000756480  -0.0048308885   0.0087411293   0.0010319003  -0.0002154476
       -0.0001011261  -0.0003216170   0.0185203161  -0.1609628384  -0.1131228516
        0.0016494023   0.0069302261   0.0051573197   0.0213469926  -0.0313136071
        0.0186587613   0.0000630651  -0.0463812851  -0.0557014563  -0.0211500635
        0.0413846525   0.0069458400  -0.1965718038   0.5407415797   0.0679235164
        0.1280315302  -0.2459994059   0.0474722050   0.0294908789  -0.0979682443
        0.0067610551   0.0021244000   0.0015000404  -0.0033770561   0.0025107156
       -0.0000871987  -0.0046507768   0.0045850925  -0.0068774546   0.0014099897
        0.0160850091  -0.0092226055   0.0226464226   0.0000345116  -0.0000327353
        0.0000979554  -0.0008630867  -0.0003663434   0.0003058206   0.0000605513
       -0.0001357362  -0.0000196379
        0.0000913043   0.0004590516   0.0010162146  -0.0028531070  -0.0002098596
        0.0009877405   0.0008433381  -0.0002131882   0.0008075071   0.0035267970
       -0.0014698131  -0.0015051904  -0.0020991627   0.0000516216  -0.0031439609
       -0.0003169448   0.0011244929   0.0004672785  -0.0000322853  -0.0004845557
        0.0008654937  -0.0001021738  -0.0000454367  -0.0000508615  -0.0000913651
       -0.0001351366  -0.0000006682   0.0000118720   0.0003571875   0.0000878750
        0.0000182702  -0.0000152807  -0.0003181696   0.0000311215   0.0000766953
       -0.0001739302  -0.0029662618  -0.0184887960  -0.0304741131  -0.0001890092
        0.0000309464  -0.0002700687  -0.0116043233  -0.0891304782  -0.1654800388
        0.0037346820   0.0062236940   0.0068438319  -0.0193425496   0.0185855880
       -0.0228419382   0.0203190688  -0.0099791805   0.0326100045  -0.0031712097
       -0.0393044549  -0.0556380630   0.1631536798   0.0679235164   0.5677766883
       -0.0050060114  -0.0228753443  -0.0879387453  -0.1226016453   0.0734053711
       -0.2345678077  -0.0022984189  -0.0041505781  -0.0014590805  -0.0018627842
       -0.0040447841  -0.0008151920  -0.0146244798   0.0215865101  -0.0055884046
       -0.0019777213   0.0014000977  -0.0015687762  -0.0000740198  -0.0000927508
        0.0002921565  -0.0005343661  -0.0004655505   0.0000157447   0.0000177053
       -0.0001195846   0.0000644734
        0.0000571325   0.0000455580  -0.0003195666  -0.0005180916   0.0000112536
        0.0001856905   0.0002000004  -0.0000445008   0.0002892494   0.0006118314
       -0.0003446757  -0.0002356355   0.0002706085  -0.0004781811  -0.0015953208
       -0.0000436899   0.0002494618   0.0000819620  -0.0000736525  -0.0000808286
        0.0001066749  -0.0000220591   0.0000004064   0.0000019111  -0.0000321815
       -0.0000450110   0.0000019956   0.0000248449   0.0000862314   0.0000115900
       -0.0000001790   0.0000609892  -0.0000907622   0.0000159534   0.0000073025
       -0.0000370844   0.0000934120  -0.0015494582   0.0001271604   0.0000023641
        0.0000456568  -0.0000099217   0.0017238858   0.0046522198   0.0003892834
        0.0020064567   0.0051618736  -0.0025114417   0.0081957799  -0.0209319917
       -0.0030129527  -0.0572114715   0.0062102821  -0.0319871177  -0.0064631133
        0.0147971138   0.0099856649  -0.1190086366   0.1280315302  -0.0050060114
        0.2891271866  -0.1980453327   0.1674883836  -0.0208288267   0.0125116877
       -0.0317593422  -0.0010362030   0.0108652276   0.0114951064   0.0001489760
       -0.0000565624   0.0003180290  -0.1004163689   0.0360300368  -0.1093352758
        0.0031888405   0.0031172675  -0.0045115991   0.0000253416   0.0000149118
        0.0000275852  -0.0000200217  -0.0002309961   0.0000022481  -0.0000181191
       -0.0000914721  -0.0001005025
       -0.0000379858  -0.0000787460  -0.0000383681   0.0018569509   0.0002703409
       -0.0005236874   0.0000994807  -0.0002105371  -0.0003188913  -0.0022137189
        0.0006922931   0.0008008613  -0.0000913503   0.0004894654  -0.0000477378
        0.0002215486  -0.0005168562  -0.0001810679   0.0002235943  -0.0000016222
       -0.0001039598   0.0000578958  -0.0000203267  -0.0000004953   0.0000813744
        0.0000612553  -0.0000015751  -0.0000388038  -0.0001944788  -0.0000454546
       -0.0002346345  -0.0001673368   0.0000810238   0.0000060799  -0.0000910109
       -0.0000802672  -0.0002504691   0.0009487821   0.0017519100   0.0000850800
        0.0000558456   0.0000903439   0.0165714123  -0.0342065257  -0.0093175353
        0.0037501784   0.0000730579   0.0021423922  -0.0397922444   0.0387743400
       -0.0388864549   0.0322779682  -0.1834565945  -0.1031199461   0.0140005773
       -0.0463209657  -0.0234537436   0.0964557438  -0.2459994059  -0.0228753443
       -0.1980453327   0.5496039494   0.0964555109   0.0328507375  -0.0030271780
        0.0696824158   0.0019486630  -0.0202906524  -0.0201942079   0.0001900941
       -0.0003059735  -0.0001202668   0.0359486253  -0.0568484701   0.0482535056
        0.0029091001   0.0016397287  -0.0000397191  -0.0000703267  -0.0000231851
        0.0000945839   0.0012705884  -0.0008419330  -0.0000855525  -0.0000308267
       -0.0000072599   0.0000817273
        0.0000158819   0.0000627994  -0.0000046347   0.0001761273   0.0001086716
       -0.0000192899   0.0003578439  -0.0001133924  -0.0000264532  -0.0003269100
        0.0001599774   0.0001066064  -0.0014108259  -0.0006487261  -0.0010668818
       -0.0000073026   0.0000321184   0.0000352240   0.0001602314  -0.0001248018
        0.0003162059  -0.0000054315   0.0000028834  -0.0000141634   0.0000051517
       -0.0000764654  -0.0000053554  -0.0000213541   0.0000134655   0.0000006279
       -0.0001752655  -0.0001792737  -0.0000726796  -0.0000373989  -0.0000410560
       -0.0000776916   0.0018486706  -0.0013230478   0.0015309097   0.0000027785
        0.0000511317  -0.0000565345   0.0147380449  -0.0357516678  -0.0060390336
       -0.0019055451   0.0012439186  -0.0013695015  -0.0268925093   0.0044693481
       -0.0551591185   0.0005266360  -0.1630720101  -0.2368723421   0.0089451514
       -0.0215722164  -0.0095299898  -0.0439790596   0.0474722050  -0.0879387453
        0.1674883836   0.0964555109   0.5985549849  -0.0064528530   0.0246809594
        0.0154919916   0.0002665430  -0.0004140462   0.0005776398   0.0005897385
       -0.0005048133   0.0006163235  -0.1098298740   0.0491203163  -0.2155448382
       -0.0047773102   0.0005144852  -0.0032220339  -0.0001014029  -0.0000925166
        0.0001507410   0.0007764112  -0.0004533152  -0.0003536978   0.0000254485
       -0.0000204422  -0.0000082700
        0.0000618928  -0.0001795375  -0.0004075166   0.0008693986   0.0001316705
       -0.0002191200  -0.0003085944  -0.0002921077  -0.0007024108  -0.0010689236
        0.0003187156   0.0002724171   0.0001190906  -0.0000686815   0.0000267078
        0.0000983123  -0.0002525267  -0.0000788213  -0.0000260897   0.0000689400
        0.0000874680   0.0000127911   0.0000082012   0.0000140002   0.0000180312
        0.0000323477  -0.0000005607  -0.0000051497  -0.0000895228  -0.0000116670
       -0.0000337418  -0.0000321327  -0.0000363822   0.0000798734  -0.0000097678
       -0.0000082493   0.0008104534   0.0005506840  -0.0002125868   0.0000383261
        0.0000904627   0.0001008406   0.0018327514  -0.0021714367  -0.0054299922
        0.0008066185   0.0040687718  -0.0028401980   0.0085216132  -0.0003731476
        0.0208173576  -0.0061891586  -0.0068400574  -0.0161521644  -0.0562753188
        0.0329896317   0.0004644624  -0.1201519701   0.0294908789  -0.1226016453
       -0.0208288267   0.0328507375  -0.0064528530   0.2894376227  -0.2027774639
        0.1586323342   0.0002606845  -0.0003565568  -0.0000403288  -0.0007035952
       -0.0089895316  -0.0121041488   0.0031326095   0.0050581514  -0.0022070034
       -0.1012505733   0.1162863220  -0.0110226121   0.0000227054   0.0000047092
       -0.0000592310   0.0007666792   0.0005232596   0.0001732431  -0.0000475121
       -0.0000410132  -0.0000013391
       -0.0001014347   0.0003481489   0.0001376985   0.0001644201   0.0000103721
       -0.0000297840   0.0001137788   0.0001985944   0.0007630588  -0.0004139992
        0.0001350058   0.0000610912  -0.0001244317  -0.0004795857  -0.0013703740
        0.0000703825  -0.0000447388  -0.0000329721  -0.0002049214  -0.0000138776
        0.0004708572   0.0000208199  -0.0000117153   0.0000129186   0.0000260774
        0.0000319197  -0.0000168112  -0.0000046963  -0.0000349626   0.0000076522
        0.0003051636   0.0001186582  -0.0003507056  -0.0000382357   0.0000532711
        0.0000332053  -0.0000078359  -0.0017158448  -0.0034313559  -0.0000442819
       -0.0000570775  -0.0001684243  -0.0127811921   0.0058400474  -0.0256844280
        0.0043099894  -0.0006048002   0.0013748143   0.0185401828  -0.0455713423
       -0.0122469484  -0.0058288825  -0.0024256832  -0.0125595886   0.0059310320
       -0.1849193998  -0.1649002304   0.0592855700  -0.0979682443   0.0734053711
        0.0125116877  -0.0030271780   0.0246809594  -0.2027774639   0.5658040603
        0.1063372192  -0.0004861673   0.0007056839  -0.0003766925  -0.0002905612
        0.0034003872   0.0035437602   0.0052989000  -0.0031310570  -0.0002394594
        0.1160238148  -0.2352047044   0.0113964969   0.0000183010  -0.0000071620
        0.0000361310   0.0004984386  -0.0014044409  -0.0007263076  -0.0000144549
       -0.0000243345  -0.0001271519
        0.0000076335  -0.0000246728  -0.0000385974   0.0007431677  -0.0000742050
       -0.0000674807  -0.0002376174   0.0000068421  -0.0003846826  -0.0011934540
        0.0007310990   0.0000200361   0.0000455698   0.0002527503  -0.0004652931
        0.0001373562  -0.0003199878  -0.0000399073  -0.0000367967   0.0001610457
        0.0001918260   0.0000586854   0.0000361241   0.0000180562   0.0000496494
        0.0000684602  -0.0000232597  -0.0000108227  -0.0001242527   0.0000107218
        0.0002302462   0.0000507035  -0.0003750946   0.0000431536   0.0000244323
        0.0000546498  -0.0008500155  -0.0023437497  -0.0034363186   0.0000000547
       -0.0000650044   0.0000233717  -0.0182487136  -0.0018666625  -0.0406178346
       -0.0042644915   0.0005170883  -0.0006348388   0.0445849200  -0.0552726703
        0.0293790214  -0.0145075308  -0.0143930327  -0.0540974659  -0.0322059976
       -0.1053758213  -0.2379618100  -0.0860384180   0.0067610551  -0.2345678077
       -0.0317593422   0.0696824158   0.0154919916   0.1586323342   0.1063372192
        0.5919021252   0.0000501643   0.0000307168  -0.0006038157  -0.0017104993
       -0.0156454460  -0.0228990203  -0.0018836715  -0.0008161189   0.0018590166
       -0.0117210187   0.0118794823  -0.0431876019   0.0000945535   0.0000173102
       -0.0000787453  -0.0000473736  -0.0002331897   0.0005704845   0.0000382745
       -0.0000019313  -0.0000417266
       -0.0000242790  -0.0000941084   0.0000334901  -0.0006259999  -0.0001425300
       -0.0000121907  -0.0001091809  -0.0000999345  -0.0001026861   0.0009979880
        0.0001627118   0.0000129182   0.0001192951   0.0000513866   0.0006475942
       -0.0001515113   0.0000149574  -0.0000599382   0.0000535606  -0.0000289796
        0.0000083317  -0.0000362302  -0.0000457957  -0.0000586743   0.0000493632
       -0.0001238256   0.0000080270  -0.0000511687   0.0000686500   0.0000410823
       -0.0000766791  -0.0000214728   0.0000450308   0.0000173051  -0.0000202311
       -0.0000227380  -0.0000027633  -0.0000806090  -0.0000604915   0.0000476966
        0.0000511466   0.0000152342  -0.0000266359   0.0005881509   0.0003403422
       -0.0007613513  -0.0008343020   0.0009613019  -0.0081250097   0.0151488604
       -0.0022927003  -0.1023464786   0.1165507347  -0.0126064956   0.0030271669
        0.0024537693  -0.0048983563   0.0059200559   0.0021244000  -0.0022984189
       -0.0010362030   0.0019486630   0.0002665430   0.0002606845  -0.0004861673
        0.0000501643   0.1064108080  -0.1352617079   0.0193173757  -0.0007924656
        0.0007077515   0.0000699667  -0.0015675479  -0.0017403961   0.0008645073
       -0.0010144552  -0.0005610393   0.0004680418  -0.0000259942  -0.0000155789
        0.0000236672  -0.0001456043  -0.0003256463  -0.0008495095   0.0000156340
        0.0000111422   0.0000885811
       -0.0000510320   0.0000138688   0.0001511230  -0.0003814691  -0.0003107209
        0.0001363248   0.0000485071   0.0000088688   0.0001129124   0.0005512515
        0.0004040373  -0.0003241806   0.0001527468   0.0001709984  -0.0004898077
        0.0000214408  -0.0001431606   0.0000879719  -0.0000574904   0.0000459364
       -0.0000394848  -0.0000036824   0.0000131873  -0.0000035453  -0.0000877238
       -0.0001906023  -0.0000067068   0.0000189371  -0.0000483680   0.0000252788
        0.0000665135  -0.0000512653  -0.0000598231  -0.0000627704   0.0000266118
        0.0000585969  -0.0000024180   0.0000848841   0.0001792109  -0.0000266158
       -0.0000041454  -0.0000503712   0.0007983741  -0.0020672214  -0.0010227212
       -0.0016308390   0.0005176304  -0.0005073941   0.0064710170  -0.0097171921
        0.0013363543   0.1161877625  -0.2272594415   0.0139829705   0.0031521119
        0.0016480073   0.0008588235   0.0017952362   0.0015000404  -0.0041505781
        0.0108652276  -0.0202906524  -0.0004140462  -0.0003565568   0.0007056839
        0.0000307168  -0.1352617079   0.2552267433  -0.0115027194   0.0001430399
       -0.0007529417   0.0001176975  -0.0012145598   0.0001102019   0.0009981264
       -0.0005730697  -0.0003295199   0.0002259279  -0.0000082967   0.0000022429
       -0.0000281966  -0.0005554725   0.0006642293   0.0004025036   0.0000015384
        0.0000220591  -0.0001049641
        0.0001076250  -0.0000766490   0.0000631372   0.0006983598   0.0002895728
       -0.0003517587   0.0002295539  -0.0001421448   0.0000221951  -0.0003997711
       -0.0001871103   0.0005056119  -0.0002436079   0.0001520467   0.0000430601
       -0.0000799642  -0.0001900731  -0.0000214338   0.0000357957  -0.0000215773
        0.0000254747  -0.0000387906   0.0000183209  -0.0000498126  -0.0000546100
       -0.0001466892   0.0001123544   0.0000052562   0.0000898623  -0.0000003686
       -0.0000580344  -0.0000607048   0.0000605807   0.0000416777   0.0000147442
       -0.0000309993   0.0000636239   0.0000019015   0.0001352927  -0.0000145171
        0.0000309294   0.0000200945   0.0005821361  -0.0018482406  -0.0007677406
       -0.0000561379   0.0023606248   0.0013850854  -0.0129848461   0.0198484148
       -0.0028238252  -0.0133082091   0.0141960080  -0.0435217309  -0.0044114208
        0.0004037217  -0.0031300458  -0.0024393304  -0.0033770561  -0.0014590805
        0.0114951064  -0.0201942079   0.0005776398  -0.0000403288  -0.0003766925
       -0.0006038157   0.0193173757  -0.0115027194   0.0512637033  -0.0006033316
        0.0012205987  -0.0002521141   0.0015583670  -0.0001779537   0.0002846766
        0.0004626581   0.0001771447  -0.0002356540  -0.0000091563  -0.0000522063
        0.0000415845   0.0001711421  -0.0004598689  -0.0013469828  -0.0000266213
        0.0000100036   0.0000548716
       -0.0001288596  -0.0000944747   0.0000509979   0.0001417217  -0.0000059611
       -0.0000547719  -0.0000391125  -0.0003926047  -0.0005323089  -0.0001654219
        0.0001240087   0.0001026762  -0.0002158592   0.0009600771   0.0005943136
        0.0000126944  -0.0000493334  -0.0000208573  -0.0001559764  -0.0000607118
        0.0002046884   0.0000154207   0.0000161888  -0.0000025609   0.0000055401
       -0.0000196225  -0.0000108445  -0.0000012857  -0.0000190771  -0.0000090561
       -0.0016023127   0.0000079568   0.0008241944   0.0000558605  -0.0001300748
       -0.0000799839  -0.0000822029  -0.0000285108   0.0001150974   0.0000083677
       -0.0006942066  -0.0000039433   0.0000381327   0.0000522545  -0.0002173133
       -0.0011175048  -0.0016872365   0.0002040957  -0.0079206946   0.0051016875
       -0.0137776699   0.0031293322   0.0050502749  -0.0019823673  -0.1048861131
        0.0359939388  -0.1141557352   0.0061475781   0.0025107156  -0.0018627842
        0.0001489760   0.0001900941   0.0005897385  -0.0007035952  -0.0002905612
       -0.0017104993  -0.0007924656   0.0001430399  -0.0006033316   0.1103830079
       -0.0447152343   0.1302990547  -0.0010367444  -0.0006040064   0.0004965368
       -0.0016638239  -0.0011585815   0.0015828864  -0.0000154537  -0.0000152432
        0.0000864943   0.0003979329  -0.0002230167  -0.0001056633   0.0000428614
        0.0000382207  -0.0000210834
       -0.0003903061   0.0004875978   0.0001824792   0.0002098862  -0.0000010048
       -0.0000518013  -0.0009669856  -0.0000967882  -0.0005393684  -0.0003485155
        0.0001944821   0.0000897330   0.0021474084  -0.0015055402  -0.0002604335
        0.0000368255  -0.0001152509  -0.0000349324  -0.0001743783   0.0000498758
       -0.0001437042   0.0000192413  -0.0000210233   0.0000071809   0.0000218779
        0.0000300638   0.0000101271   0.0000017059  -0.0000272701   0.0000041430
        0.0000942358   0.0004405721   0.0000955257  -0.0001191722  -0.0000241130
        0.0000903832  -0.0001511527  -0.0000951097  -0.0003042940  -0.0005469171
       -0.0007866388  -0.0005253345  -0.0003632384   0.0001643033  -0.0007770968
       -0.0016349289   0.0005500898   0.0003856180   0.0144078463  -0.0063865187
        0.0220362815   0.0049829086  -0.0030092918  -0.0009387817   0.0353518467
       -0.0558056972   0.0490220980   0.0028548165  -0.0000871987  -0.0040447841
       -0.0000565624  -0.0003059735  -0.0005048133  -0.0089895316   0.0034003872
       -0.0156454460   0.0007077515  -0.0007529417   0.0012205987  -0.0447152343
        0.0636047122  -0.0495800169  -0.0005781548  -0.0003060185   0.0002534903
       -0.0017889863   0.0001239651  -0.0001394143  -0.0000249148   0.0000579365
       -0.0000025954  -0.0000632017   0.0002106479   0.0001032045   0.0000758300
        0.0000117454  -0.0000080463
       -0.0003372777   0.0004930495   0.0000657835  -0.0001512780   0.0000072195
        0.0000388758  -0.0004787642  -0.0015887126  -0.0017507720   0.0001393756
       -0.0000732791  -0.0000590990   0.0013930836  -0.0007403207   0.0004598384
       -0.0000117972   0.0000704325   0.0000116433   0.0005097353  -0.0000904280
       -0.0003696675  -0.0000029052   0.0000061178  -0.0000002393  -0.0000100498
       -0.0000101296  -0.0000224547  -0.0000020985   0.0000183431  -0.0000140880
        0.0005489735  -0.0001665685  -0.0000176297  -0.0000536676  -0.0000445015
       -0.0000862039  -0.0000602044  -0.0000706207  -0.0002939087  -0.0002175542
       -0.0001652312  -0.0000033676  -0.0007456457   0.0001086038  -0.0013043795
        0.0004827369   0.0000700451  -0.0002099370  -0.0030749589   0.0024835686
       -0.0029089175  -0.0021255146  -0.0005355463   0.0013284995  -0.1145114613
        0.0499405253  -0.2205606007  -0.0016136013  -0.0046507768  -0.0008151920
        0.0003180290  -0.0001202668   0.0006163235  -0.0121041488   0.0035437602
       -0.0228990203   0.0000699667   0.0001176975  -0.0002521141   0.1302990547
       -0.0495800169   0.2494176993   0.0005000442   0.0001800588  -0.0001922175
        0.0008678134   0.0011767867   0.0003410063   0.0000711284  -0.0000841097
       -0.0002324535   0.0002427396  -0.0002262571  -0.0001626971   0.0000582466
       -0.0000694430  -0.0001247101
       -0.0000151094  -0.0000404557  -0.0000750640  -0.0001151478  -0.0000385453
        0.0000056342  -0.0001103647  -0.0000095303  -0.0001307448   0.0001574325
        0.0000270983   0.0000059639   0.0000862173  -0.0000824250   0.0002548338
       -0.0000204889  -0.0000165372  -0.0000058451   0.0000069997  -0.0000153639
       -0.0000617225   0.0000067016   0.0000037954   0.0000020393   0.0000121559
        0.0000001562   0.0000054664   0.0000070776   0.0000086210   0.0000043414
       -0.0000153906  -0.0000089628   0.0000231346  -0.0000039809  -0.0000064544
       -0.0000009942  -0.0002194250   0.0004785055   0.0009449823   0.0000732779
        0.0000404334   0.0000265302  -0.0005250248  -0.0016580487   0.0004257383
       -0.0000155833  -0.0001389449  -0.0004450659   0.0058676279   0.0028002723
       -0.0016682432  -0.0008195552  -0.0003069270  -0.0017370560   0.0001474939
       -0.0001750905   0.0005580542  -0.0080790043   0.0045850925  -0.0146244798
       -0.1004163689   0.0359486253  -0.1098298740   0.0031326095   0.0052989000
       -0.0018836715  -0.0015675479  -0.0012145598   0.0015583670  -0.0010367444
       -0.0005781548   0.0005000442   0.1043073434  -0.0452374293   0.1268882156
       -0.0007735627   0.0002106175  -0.0007145111   0.0000008070   0.0000085981
       -0.0000015962  -0.0000739273   0.0001205404  -0.0000204521   0.0000014818
       -0.0000038262  -0.0000040252
       -0.0000038670  -0.0000172580  -0.0000808923  -0.0000278123  -0.0000216368
        0.0000359479   0.0000039843  -0.0000060066   0.0000015585   0.0000076580
        0.0000245588  -0.0000291718   0.0000177742  -0.0001462696  -0.0001425464
        0.0000219026  -0.0000185032   0.0000011818  -0.0000195468   0.0000200374
       -0.0000422155   0.0000158814  -0.0000019439   0.0000118990   0.0000002241
        0.0000060834  -0.0000136768   0.0000109996   0.0000000529  -0.0000028936
        0.0000109380  -0.0000471227   0.0000044352  -0.0000302220   0.0000079587
        0.0000160154  -0.0002706636  -0.0005178500  -0.0010153159   0.0000247927
        0.0000119997  -0.0000055902  -0.0008214666   0.0016741501   0.0021058790
       -0.0003996781   0.0000417084  -0.0010185252   0.0026947531  -0.0001254460
       -0.0039969681  -0.0092300897   0.0037533057  -0.0155358193  -0.0000645241
       -0.0004947987  -0.0005008737   0.0139212205  -0.0068774546   0.0215865101
        0.0360300368  -0.0568484701   0.0491203163   0.0050581514  -0.0031310570
       -0.0008161189  -0.0017403961   0.0001102019  -0.0001779537  -0.0006040064
       -0.0003060185   0.0001800588  -0.0452374293   0.0633134826  -0.0509321813
        0.0006822626  -0.0005393783   0.0012896442  -0.0000040028  -0.0000020891
        0.0000017903  -0.0000440355   0.0001381853   0.0000102037  -0.0000028389
       -0.0000004219  -0.0000546974
        0.0000148959  -0.0000601316  -0.0002555685   0.0004004203   0.0000595551
       -0.0001612651  -0.0001169545  -0.0000105274  -0.0001970853  -0.0005210431
        0.0001806968   0.0002306220   0.0001036572  -0.0002774966   0.0005166428
        0.0000702972  -0.0001453959  -0.0000712894   0.0000437286   0.0000640040
       -0.0001229834   0.0000290658   0.0000324011   0.0000138692   0.0000037707
        0.0000093061  -0.0000219672   0.0000147319  -0.0000321629  -0.0000290266
       -0.0000530342  -0.0000558340   0.0000558534  -0.0000306521  -0.0000101037
        0.0000290438   0.0000748493   0.0005781158  -0.0003273149   0.0000330368
        0.0000094982   0.0000508093   0.0014857639   0.0001646273   0.0018433645
       -0.0008802403  -0.0001026847  -0.0019064987  -0.0013376556  -0.0045519257
       -0.0007657274  -0.0127841535   0.0042766900  -0.0231703277   0.0004688918
       -0.0002501162   0.0004397039  -0.0036918503   0.0014099897  -0.0055884046
       -0.1093352758   0.0482535056  -0.2155448382  -0.0022070034  -0.0002394594
        0.0018590166   0.0008645073   0.0009981264   0.0002846766   0.0004965368
        0.0002534903  -0.0001922175   0.1268882156  -0.0509321813   0.2434585600
       -0.0001612110   0.0002018570  -0.0003868607  -0.0000155753   0.0000069349
       -0.0000166877   0.0001398043   0.0001514487   0.0000221855   0.0000024754
        0.0000177722  -0.0000462848
       -0.0000165217   0.0000296161   0.0000491184   0.0000459049   0.0000099664
       -0.0000000167  -0.0000176005   0.0000090342   0.0000217981  -0.0001544649
        0.0000945904   0.0000032868  -0.0000132392   0.0000233441  -0.0001982616
        0.0000032640  -0.0000077380   0.0000113573  -0.0000020955  -0.0000509704
        0.0000518451  -0.0000029381  -0.0000004553   0.0000010239  -0.0000035663
       -0.0000096306  -0.0000030345  -0.0000030007  -0.0000066460   0.0000008100
        0.0000033067   0.0000429784  -0.0000096209   0.0000082676   0.0000010001
       -0.0000111306   0.0003559149  -0.0000934521   0.0004887748   0.0000117053
       -0.0000002342  -0.0000067891  -0.0013855787  -0.0015731528   0.0013397617
       -0.0000094968   0.0005310235   0.0002544891   0.0059483964   0.0021402526
       -0.0023365091   0.0001654921  -0.0005563948  -0.0000660888  -0.0007702642
        0.0017127370   0.0007487704  -0.0078508801   0.0160850091  -0.0019777213
        0.0031888405   0.0029091001  -0.0047773102  -0.1012505733   0.1160238148
       -0.0117210187  -0.0010144552  -0.0005730697   0.0004626581  -0.0016638239
       -0.0017889863   0.0008678134  -0.0007735627   0.0006822626  -0.0001612110
        0.1050335203  -0.1353449997   0.0169428349   0.0000092345  -0.0000033528
        0.0000096306   0.0001529457  -0.0002854033   0.0000046983   0.0000052688
       -0.0000002434   0.0000100417
       -0.0000217456  -0.0000112226  -0.0000863226   0.0003825035   0.0000271149
       -0.0001389388  -0.0000080318  -0.0000235375  -0.0000398561  -0.0004900664
        0.0001694461   0.0002438146   0.0002126221   0.0000037784   0.0003933820
        0.0000563023  -0.0001662178  -0.0000786945  -0.0000169350   0.0000806212
       -0.0001329961   0.0000180838   0.0000065687   0.0000183777   0.0000151558
        0.0000298542  -0.0000013000  -0.0000005493  -0.0000459004  -0.0000025305
        0.0000397128  -0.0001363376   0.0000027274  -0.0000463679   0.0000130836
        0.0000588072  -0.0003094057   0.0001947882  -0.0006023595   0.0000441198
        0.0000117877   0.0000320395  -0.0013941985   0.0001729393   0.0006542100
        0.0004969775  -0.0012908564  -0.0001375926   0.0021636058   0.0006968212
       -0.0044682237  -0.0004760430   0.0006839177  -0.0000786016   0.0101983873
       -0.0190736904  -0.0005551282   0.0066364436  -0.0092226055   0.0014000977
        0.0031172675   0.0016397287   0.0005144852   0.1162863220  -0.2352047044
        0.0118794823  -0.0005610393  -0.0003295199   0.0001771447  -0.0011585815
        0.0001239651   0.0011767867   0.0002106175  -0.0005393783   0.0002018570
       -0.1353449997   0.2623003515  -0.0102291082  -0.0000081845   0.0000081358
       -0.0000258688  -0.0000317048  -0.0001575027  -0.0001422859  -0.0000102682
        0.0000385713  -0.0000334049
       -0.0000437028   0.0000700306   0.0000037668   0.0000065065   0.0000137858
       -0.0000412489  -0.0000164183   0.0000234193   0.0000131377  -0.0000206510
       -0.0000136016   0.0000570091   0.0000714261  -0.0000715891   0.0001851760
        0.0000157715  -0.0000087614  -0.0000209316   0.0000191413   0.0000366911
       -0.0000626696   0.0000085795   0.0000147451   0.0000090373   0.0000113547
        0.0000044928  -0.0000069821   0.0000072244   0.0000003188  -0.0000118654
       -0.0000221372  -0.0000951668   0.0000550481  -0.0000586951   0.0000107674
        0.0000054876   0.0002264039  -0.0001325190   0.0003840416   0.0000309975
       -0.0000115528   0.0000181483   0.0016117048   0.0003093752   0.0015066390
        0.0005462028  -0.0010653998   0.0000100665  -0.0023629610  -0.0039799746
       -0.0018933512  -0.0000216729  -0.0002841454  -0.0004933380   0.0111206170
       -0.0197572613   0.0003973007  -0.0139069855   0.0226464226  -0.0015687762
       -0.0045115991  -0.0000397191  -0.0032220339  -0.0110226121   0.0113964969
       -0.0431876019   0.0004680418   0.0002259279  -0.0002356540   0.0015828864
       -0.0001394143   0.0003410063  -0.0007145111   0.0012896442  -0.0003868607
        0.0169428349  -0.0102291082   0.0483937141  -0.0000228563  -0.0000278138
       -0.0000159697   0.0000600631  -0.0001829210  -0.0002024957  -0.0000049538
       -0.0000031694  -0.0000298001
       -0.0001822082   0.0010755049   0.0001393840  -0.0001206865  -0.0000476120
        0.0000165146   0.0011100045   0.0000489705  -0.0003285738   0.0000604903
       -0.0000012777  -0.0000546627   0.0021805835  -0.0050490439   0.0183974757
        0.0000185550   0.0000228862   0.0000294736  -0.0467442240   0.0088771955
       -0.0329084450   0.0000065501   0.0000079140   0.0000119741  -0.0000064457
        0.0000072645   0.0000033972   0.0000149342   0.0000125344   0.0000035563
        0.0011945862  -0.0004323421   0.0031594195  -0.0059160651   0.0085419549
       -0.0288633612   0.0000244584   0.0000160244   0.0000100735   0.0001692304
        0.0000890236   0.0000078243  -0.0000253369   0.0000206403   0.0000246507
       -0.0023246608  -0.0033975933   0.0039955936  -0.0001402879  -0.0006581504
       -0.0006850165   0.0001159533   0.0000723372   0.0002345244   0.0000385533
        0.0001145100  -0.0001267459  -0.0000414650   0.0000345116  -0.0000740198
        0.0000253416  -0.0000703267  -0.0001014029   0.0000227054   0.0000183010
        0.0000945535  -0.0000259942  -0.0000082967  -0.0000091563  -0.0000154537
       -0.0000249148   0.0000711284   0.0000008070  -0.0000040028  -0.0000155753
        0.0000092345  -0.0000081845  -0.0000228563   0.0502011273  -0.0088896682
        0.0370098453  -0.0001040908  -0.0001894243   0.0001792739   0.0004538039
       -0.0001787359  -0.0001988472
        0.0003416711   0.0009200551  -0.0000195467   0.0000743766   0.0000184184
       -0.0000922316   0.0014136413   0.0000231830  -0.0004986958  -0.0001761247
        0.0000528726   0.0001198426   0.0008315341  -0.0058711186   0.0198583873
        0.0000405631  -0.0000631201  -0.0000430230   0.0089809996  -0.0582876163
        0.0604491002   0.0000089193  -0.0000003490   0.0000546774   0.0000140315
        0.0000290426  -0.0000249089   0.0000047688  -0.0000124536   0.0000069272
       -0.0031852351   0.0055263793  -0.0255099036   0.0037219755  -0.0034626435
        0.0132431898  -0.0000020439   0.0000178310  -0.0000315789   0.0003290563
        0.0001742018  -0.0000546168  -0.0000091452   0.0000830137   0.0001312457
       -0.0030053635  -0.0036192994   0.0039787181   0.0000664481  -0.0005018747
       -0.0007976323   0.0001104066  -0.0000203573   0.0002352347   0.0000594432
        0.0001130822  -0.0000382820  -0.0000331591  -0.0000327353  -0.0000927508
        0.0000149118  -0.0000231851  -0.0000925166   0.0000047092  -0.0000071620
        0.0000173102  -0.0000155789   0.0000022429  -0.0000522063  -0.0000152432
        0.0000579365  -0.0000841097   0.0000085981  -0.0000020891   0.0000069349
       -0.0000033528   0.0000081358  -0.0000278138  -0.0088896682   0.0655645938
       -0.0703648423  -0.0001696752   0.0001089256   0.0000740181  -0.0005214643
       -0.0007959101  -0.0003509272
       -0.0004976579  -0.0004674324   0.0004762032  -0.0000753523   0.0000931274
        0.0000434690   0.0000697393  -0.0003289546   0.0003739191   0.0000698094
       -0.0001774285  -0.0001147459   0.0001674960   0.0042380901  -0.0106922934
       -0.0000076086   0.0000921985   0.0000693441  -0.0324931712   0.0601994352
       -0.2670216596   0.0000053528   0.0000184451  -0.0000207917  -0.0000062789
       -0.0000377939   0.0000174581   0.0000020328   0.0000338629   0.0000080949
       -0.0029953670   0.0022946540  -0.0230721005  -0.0030431423   0.0022711933
       -0.0065215893  -0.0000099647   0.0000452501   0.0000073270  -0.0005843077
       -0.0005511096   0.0002188105   0.0000304803  -0.0001757227  -0.0001828414
        0.0019317274   0.0020727381  -0.0026322859   0.0001498846   0.0009514188
        0.0008781949   0.0000000070  -0.0000937534  -0.0001513690  -0.0001161093
        0.0000554275   0.0000880775   0.0000700299   0.0000979554   0.0002921565
        0.0000275852   0.0000945839   0.0001507410  -0.0000592310   0.0000361310
       -0.0000787453   0.0000236672  -0.0000281966   0.0000415845   0.0000864943
       -0.0000025954  -0.0002324535  -0.0000015962   0.0000017903  -0.0000166877
        0.0000096306  -0.0000258688  -0.0000159697   0.0370098453  -0.0703648423
        0.3078219107   0.0002498722  -0.0003052161  -0.0000108797  -0.0000138672
       -0.0000373872   0.0002771214
       -0.0002235884   0.0002729530   0.0009341029   0.0001469823   0.0050276164
       -0.0029467838   0.0009990174  -0.0001536002  -0.0008873729   0.0109132969
       -0.0157213997   0.0056443114  -0.0016778167   0.0010368409  -0.0059872721
       -0.0014930935  -0.0023254596  -0.0024546912  -0.0005582482   0.0000899190
        0.0012052444   0.0003462480  -0.0007625172  -0.0007338081   0.0005697079
       -0.0001249476   0.0004673953  -0.0000299792  -0.0019348236  -0.0005900060
        0.0000351973  -0.0004215757  -0.0001741300  -0.0002704129  -0.0001301039
        0.0002039146  -0.0000204834   0.0000139797  -0.0001250384  -0.0002094247
        0.0004658381  -0.0000037025  -0.0001389284   0.0002002520   0.0006056405
       -0.1105213358   0.1024161872  -0.0246477797   0.0010475178   0.0037401464
        0.0096877832  -0.0001550055  -0.0007417631  -0.0032544064   0.0004015527
       -0.0035947489  -0.0012881459   0.0005171971  -0.0008630867  -0.0005343661
       -0.0000200217   0.0012705884   0.0007764112   0.0007666792   0.0004984386
       -0.0000473736  -0.0001456043  -0.0005554725   0.0001711421   0.0003979329
       -0.0000632017   0.0002427396  -0.0000739273  -0.0000440355   0.0001398043
        0.0001529457  -0.0000317048   0.0000600631  -0.0001040908  -0.0001696752
        0.0002498722   0.0990904729  -0.0871002570   0.0229216212   0.0002572126
       -0.0002943868   0.0003648304
       -0.0008297564  -0.0002713324  -0.0021008163  -0.0095738267  -0.0036193096
        0.0056797841  -0.0027073460   0.0007374356  -0.0004899994  -0.0121960720
        0.0132744520  -0.0067397593   0.0104250380  -0.0077479953   0.0114261256
        0.0029276062  -0.0023578591   0.0014746850   0.0000174706   0.0000456014
       -0.0002969203  -0.0001751572  -0.0003367585  -0.0002442730  -0.0002518633
       -0.0007917006   0.0000769971  -0.0002660087   0.0006147347   0.0005243479
        0.0001017078  -0.0001299176   0.0000762855  -0.0004442858  -0.0000443478
        0.0003768255   0.0000054945  -0.0000515382  -0.0000875808  -0.0002392301
       -0.0000165718  -0.0001503920  -0.0000210848   0.0009761282   0.0009363974
        0.0865180016  -0.1104912259   0.0177745083   0.0136146655  -0.0267464642
       -0.0125452042   0.0002190302   0.0001829991   0.0044208164   0.0005554371
        0.0023340467  -0.0026718869  -0.0000384652  -0.0003663434  -0.0004655505
       -0.0002309961  -0.0008419330  -0.0004533152   0.0005232596  -0.0014044409
       -0.0002331897  -0.0003256463   0.0006642293  -0.0004598689  -0.0002230167
        0.0002106479  -0.0002262571   0.0001205404   0.0001381853   0.0001514487
       -0.0002854033  -0.0001575027  -0.0001829210  -0.0001894243   0.0001089256
       -0.0003052161  -0.0871002570   0.1360541265  -0.0148776517   0.0000695886
        0.0000337286  -0.0003874190
       -0.0002270397   0.0012120069  -0.0002141932   0.0036899533  -0.0002297845
        0.0018309427  -0.0030671360   0.0023885859  -0.0062062167  -0.0019649083
       -0.0004291445  -0.0099418220  -0.0175149184   0.0177282714  -0.0046778592
        0.0009383083  -0.0007972737   0.0012380461   0.0001632779   0.0000418422
       -0.0007387773  -0.0000908404  -0.0004335790  -0.0000027109  -0.0000418281
        0.0003343897  -0.0000127786   0.0001092846  -0.0004059031   0.0003551805
       -0.0000289141  -0.0001650006  -0.0000485863   0.0002413510   0.0001677890
       -0.0000751986  -0.0000001534  -0.0000171798  -0.0000142519   0.0001986436
        0.0000608358   0.0001219863  -0.0000353905  -0.0000166736  -0.0001173846
       -0.0180822647   0.0142600298  -0.0473284636   0.0121862433  -0.0130625304
        0.0025597710   0.0013939808  -0.0020510087   0.0002774905   0.0001891052
       -0.0032716561  -0.0028760807  -0.0001287025   0.0003058206   0.0000157447
        0.0000022481  -0.0000855525  -0.0003536978   0.0001732431  -0.0007263076
        0.0005704845  -0.0008495095   0.0004025036  -0.0013469828  -0.0001056633
        0.0001032045  -0.0001626971  -0.0000204521   0.0000102037   0.0000221855
        0.0000046983  -0.0001422859  -0.0002024957   0.0001792739   0.0000740181
       -0.0000108797   0.0229216212  -0.0148776517   0.0671670030  -0.0002335115
       -0.0003779691   0.0001722420
       -0.0069009803   0.0116885521  -0.0319675372  -0.0004195625  -0.0001968010
        0.0002675453   0.0012482420  -0.0012046810  -0.0007182622   0.0005205338
        0.0003550167  -0.0002752151  -0.0013160452  -0.0005801015   0.0060042266
       -0.0001963888  -0.0001558539   0.0000701283   0.0002364795   0.0008449621
       -0.0002599815   0.0003071959   0.0000697330  -0.0002535811   0.0000085279
       -0.0000190597   0.0000831595  -0.0000321842   0.0000719696  -0.0000627711
       -0.0001059316  -0.0000081565   0.0001398490  -0.0003939459  -0.0002773191
       -0.0006440162   0.0000058752  -0.0000070180   0.0000164325  -0.0004157399
        0.0003991124   0.0011396780  -0.0000218012  -0.0000826131  -0.0000681634
       -0.0001911538   0.0003502969   0.0004973813   0.0005649994   0.0002337391
        0.0005437050  -0.0000725369   0.0000994710   0.0000708582  -0.0000174032
       -0.0001840889  -0.0000663773  -0.0000161339   0.0000605513   0.0000177053
       -0.0000181191  -0.0000308267   0.0000254485  -0.0000475121  -0.0000144549
        0.0000382745   0.0000156340   0.0000015384  -0.0000266213   0.0000428614
        0.0000758300   0.0000582466   0.0000014818  -0.0000028389   0.0000024754
        0.0000052688  -0.0000102682  -0.0000049538   0.0004538039  -0.0005214643
       -0.0000138672   0.0002572126   0.0000695886  -0.0002335115   0.0064973223
       -0.0110248154   0.0256197451
        0.0133261349  -0.0533620407   0.0887169174   0.0001358984  -0.0001353489
       -0.0000395075  -0.0001670009   0.0011115882   0.0002068770  -0.0000113079
        0.0002625554   0.0003369173  -0.0029919521   0.0051317188  -0.0302698754
       -0.0000596528  -0.0001881590  -0.0003815582   0.0002163751   0.0012717674
       -0.0000198835   0.0000569863  -0.0001240399   0.0007225511   0.0000683130
        0.0000220886  -0.0000404532   0.0000206607  -0.0000706573   0.0000779545
       -0.0000183887   0.0000659888   0.0000557044  -0.0001965058  -0.0001989268
       -0.0000643597   0.0000128283  -0.0000006178  -0.0000192154   0.0001681214
       -0.0002641742   0.0005578289  -0.0000061299   0.0001600703   0.0001744809
        0.0009261854  -0.0033546013  -0.0033349758   0.0001017710   0.0000154395
       -0.0017087411   0.0000583170  -0.0002026710  -0.0000733018  -0.0001000867
        0.0001503791   0.0001790999   0.0000445633  -0.0001357362  -0.0001195846
       -0.0000914721  -0.0000072599  -0.0000204422  -0.0000410132  -0.0000243345
       -0.0000019313   0.0000111422   0.0000220591   0.0000100036   0.0000382207
        0.0000117454  -0.0000694430  -0.0000038262  -0.0000004219   0.0000177722
       -0.0000002434   0.0000385713  -0.0000031694  -0.0001787359  -0.0007959101
       -0.0000373872  -0.0002943868   0.0000337286  -0.0003779691  -0.0110248154
        0.0505671989  -0.0544743090
       -0.0263273743   0.0619737780  -0.4036279512  -0.0000850940   0.0000985756
       -0.0000143760  -0.0010808656   0.0009582799   0.0007736998   0.0000385423
        0.0000001904  -0.0000718208   0.0014323394  -0.0047313724  -0.0199858640
       -0.0000574918  -0.0001722771   0.0000468420  -0.0003293011   0.0005629781
        0.0006983169  -0.0001164144  -0.0000011056  -0.0002351579  -0.0000417504
       -0.0000642386   0.0001269518  -0.0000147075   0.0000378711  -0.0000522629
        0.0001366609   0.0004328244   0.0001911796  -0.0000063727  -0.0000397886
       -0.0000877364  -0.0000073691   0.0000119971   0.0000209793   0.0001990816
        0.0000132323  -0.0002847179   0.0000191875  -0.0000897184  -0.0000785444
        0.0003607027  -0.0036979592  -0.0030275129   0.0001562601   0.0003538328
       -0.0004933704  -0.0000218202  -0.0001743682  -0.0002357633  -0.0000543627
        0.0000060988  -0.0000002607   0.0000427484  -0.0000196379   0.0000644734
       -0.0001005025   0.0000817273  -0.0000082700  -0.0000013391  -0.0001271519
       -0.0000417266   0.0000885811  -0.0001049641   0.0000548716  -0.0000210834
       -0.0000080463  -0.0001247101  -0.0000040252  -0.0000546974  -0.0000462848
        0.0000100417  -0.0000334049  -0.0000298001  -0.0001988472  -0.0003509272
        0.0002771214   0.0003648304  -0.0003874190   0.0001722420   0.0256197451
       -0.0544743090   0.4260194528
