$hessian                                                                        
        0.4701688465   0.0339712257   0.0016188456  -0.1752674241   0.0421615568
        0.0126162267  -0.0187673816   0.0212931880   0.0060357741  -0.0550350402
       -0.0123896325   0.0001574306   0.0062439058  -0.0031121914  -0.0018909565
       -0.0009808016   0.0001159634  -0.0002938878  -0.0016825693   0.0005565743
        0.0019176913  -0.0032981352  -0.0011756631   0.0004776472   0.0015658269
        0.0001359203  -0.0004879647  -0.0003379856   0.0000560595   0.0000510215
        0.0000718640  -0.0001001329  -0.0000194931   0.0004836244   0.0001603477
       -0.0001052032  -0.0005404255  -0.0002216961   0.0001112545  -0.0000296991
        0.0000335491   0.0000177472  -0.0003592648  -0.0002153930   0.0000975749
       -0.1284750529  -0.1202591338   0.0051272898  -0.0524505835   0.0303649960
       -0.0461801120  -0.0423946489   0.0083896242   0.0213027215   0.0001377816
       -0.0000906819   0.0002870116   0.0000103781  -0.0000497015   0.0000981506
       -0.0001231826   0.0002004106  -0.0002210304   0.0010605168  -0.0001287834
       -0.0006457618  -0.0000827652   0.0003149251  -0.0000549558   0.0001134740
       -0.0000050800  -0.0000283470  -0.0000699550   0.0000282436   0.0000102263
        0.0000547818   0.0000148780  -0.0000142486  -0.0000433400  -0.0000599711
        0.0000125387   0.0000272551   0.0000105984   0.0000028085
        0.0339712257   0.5365319892   0.0110666508   0.0207835465  -0.0705520807
       -0.0004880684   0.0469509248  -0.0312502153  -0.0108752923  -0.0234302436
        0.0088566882   0.0004138385  -0.0020327712  -0.0036804282  -0.0021960198
       -0.0001713608   0.0001818630   0.0000435897   0.0007348620   0.0012357150
        0.0005831232  -0.0012446858  -0.0000932130   0.0002302126   0.0001191567
       -0.0001520625  -0.0000735945   0.0000060804  -0.0000411758  -0.0000030734
       -0.0000212308  -0.0000045867   0.0000058975   0.0000576217   0.0000523366
       -0.0000087330  -0.0000832166  -0.0000229248   0.0000173487   0.0000432962
       -0.0000043150  -0.0000038884  -0.0000904221  -0.0000704576   0.0000321417
       -0.1171243590  -0.2083675221   0.0039443053   0.0331249598  -0.1189377909
        0.1122808410   0.0100126090  -0.1132898248  -0.1150276974  -0.0002919360
       -0.0000115312  -0.0002862806  -0.0000418452   0.0000471813   0.0000727648
       -0.0000144847   0.0001026133  -0.0001472071  -0.0011950261  -0.0005963980
        0.0004365417  -0.0000021069   0.0000510676  -0.0000283386  -0.0000316475
        0.0000031787  -0.0000004617  -0.0000326998   0.0000028165   0.0000047791
        0.0000040575  -0.0000015237  -0.0000052678  -0.0000061274  -0.0000150615
        0.0000071341   0.0000058236   0.0000256625   0.0000047543
        0.0016188456   0.0110666508   0.4892925986   0.0130455726  -0.0028292698
       -0.0730823230   0.0107483801  -0.0090765455   0.0178284830  -0.0024314549
       -0.0004084056   0.0063652884   0.0001258868  -0.0011043638   0.0038303277
        0.0006985580  -0.0002552570   0.0000779904  -0.0009835854  -0.0001290345
        0.0004707873  -0.0006003822  -0.0002013278   0.0001502498   0.0000934542
       -0.0000656196  -0.0001802061  -0.0000127766   0.0000040094   0.0000016496
        0.0000089315  -0.0000090317   0.0000091406   0.0000288959   0.0000239779
       -0.0000162604  -0.0000399280  -0.0000108999   0.0000271713   0.0000048895
       -0.0000000199   0.0000242310  -0.0000545137  -0.0000279985   0.0000251909
        0.0050086062   0.0046248391  -0.0430412939  -0.0500011293   0.1144552800
       -0.1894667052   0.0223343647  -0.1161787846  -0.2121531815   0.0000071639
       -0.0000463056  -0.0001849305   0.0000865080   0.0000937664   0.0000754074
        0.0000717106  -0.0000956970   0.0001936218   0.0003626565   0.0001817901
       -0.0000673696  -0.0001063150  -0.0000122236  -0.0001258900  -0.0000038902
        0.0000043637  -0.0000260273  -0.0000076740   0.0000015741  -0.0000145556
       -0.0000018732  -0.0000047397  -0.0000279971  -0.0000040990  -0.0000018136
        0.0000100886   0.0000031975   0.0000010862   0.0000045137
       -0.1752674241   0.0207835465   0.0130455726   0.5276548680  -0.1387137767
       -0.0410078683  -0.1399776165   0.1862652843   0.0398561705  -0.1313610169
       -0.0629185741  -0.0099684688  -0.0457142595  -0.0222787605  -0.0000930389
        0.0023654789  -0.0007918188   0.0010550948   0.0048738452  -0.0023350258
       -0.0038296095  -0.0012426648   0.0004492132  -0.0001799238  -0.0047158159
       -0.0022986731   0.0006610209   0.0010890539  -0.0001828375  -0.0001749782
       -0.0001847454   0.0002125601   0.0001268256  -0.0010067255  -0.0002670354
        0.0002316868   0.0011140863   0.0004636859  -0.0002350476   0.0001365147
       -0.0002205679   0.0000323119   0.0003629932   0.0005039849  -0.0001017877
       -0.0212706665   0.0006566256   0.0003010751  -0.0092301935   0.0092855188
       -0.0019139600  -0.0030152453   0.0084154597   0.0015703729  -0.0010002367
        0.0009552179  -0.0008272289  -0.0001358713   0.0000251162  -0.0007104170
        0.0003074458  -0.0001255270  -0.0000088948  -0.0024226583   0.0029190320
        0.0017531814  -0.0009223749  -0.0007407363   0.0003411930  -0.0003493087
       -0.0000758762   0.0000495290   0.0001254000  -0.0000802186  -0.0000138538
       -0.0001145069  -0.0000187532   0.0000399926   0.0000185618   0.0000853857
        0.0000053969  -0.0001169172   0.0000275506  -0.0000043466
        0.0421615568  -0.0705520807  -0.0028292698  -0.1387137767   0.7901847329
        0.1215671464   0.1642629345  -0.5471983360  -0.0993344538  -0.0584956790
       -0.1708026992  -0.0227939966  -0.0405236615   0.0164110283   0.0136062071
        0.0040748630  -0.0020390363  -0.0014888382   0.0021859141  -0.0085452130
       -0.0087944104   0.0088218170   0.0019258916  -0.0018970413  -0.0053306907
       -0.0009479249   0.0014298485   0.0009771969  -0.0001350972  -0.0001764141
       -0.0001285253   0.0002839748   0.0000466332  -0.0011850197  -0.0006769751
        0.0002643505   0.0012981657   0.0005900485  -0.0002649447   0.0000294988
       -0.0002951079  -0.0000256658   0.0012334976   0.0007982233  -0.0003098123
       -0.0229989671   0.0056580793   0.0030002427   0.0183722240  -0.0074051623
        0.0018957448   0.0150134440  -0.0073549615  -0.0046449473   0.0022184654
       -0.0004587240   0.0018707607  -0.0003601057   0.0000651952  -0.0007578410
        0.0007007839  -0.0007204497   0.0011269464   0.0079436358   0.0032429080
       -0.0023998284  -0.0012328962  -0.0019227793   0.0008387445  -0.0000742609
       -0.0000001436   0.0000607156   0.0001432195  -0.0000516501  -0.0000225873
       -0.0000678045  -0.0001160384   0.0000127869   0.0000161421   0.0001381250
       -0.0000057166  -0.0003419719  -0.0000758281   0.0000256402
        0.0126162267  -0.0004880684  -0.0730823230  -0.0410078683   0.1215671464
        0.2180836468   0.0355763684  -0.1013718907  -0.0864537495  -0.0099915701
       -0.0207372590  -0.0561659786  -0.0042636912   0.0032246716   0.0033229018
       -0.0002098519  -0.0001854934  -0.0004398573   0.0001298252  -0.0010047792
       -0.0026831001   0.0026626136   0.0005187918  -0.0014003117  -0.0007845811
        0.0000337938   0.0008688060   0.0001497512  -0.0000574220  -0.0001234681
       -0.0000385251   0.0000557731  -0.0000466796  -0.0001796227  -0.0001203500
        0.0000681725   0.0001988335   0.0000937534  -0.0000594928  -0.0000109700
       -0.0000510654  -0.0000882265   0.0002748838   0.0001664867  -0.0001606702
        0.0016426865  -0.0002941537  -0.0000262722  -0.0237556578   0.0075819597
        0.0014804350   0.0250626076  -0.0089534798  -0.0042086155  -0.0006281861
        0.0006085795   0.0003893929  -0.0005473023  -0.0004286135  -0.0008029548
        0.0001680598   0.0001106807  -0.0000250771   0.0029295056  -0.0003060710
        0.0006301326   0.0000224167   0.0000559571   0.0006817509   0.0000245673
       -0.0000075952   0.0001409152   0.0000223009  -0.0000144106   0.0000386413
        0.0000062971  -0.0000270652   0.0000500784   0.0000022883   0.0000259836
       -0.0000143610  -0.0000714057   0.0000041394   0.0000262642
       -0.0187673816   0.0469509248   0.0107483801  -0.1399776165   0.1642629345
        0.0355763684   0.1543988122  -0.1827530293  -0.0418447801   0.0173780422
       -0.0270293043  -0.0059819462   0.0000573767   0.0042498478   0.0039732086
       -0.0010653914  -0.0005477120  -0.0024628701  -0.0077303614  -0.0088147285
        0.0011780595   0.0001757455  -0.0007127237  -0.0005594346   0.0006160988
        0.0003722103   0.0000116603  -0.0003227734   0.0000758782   0.0000209016
        0.0000616948  -0.0000581264  -0.0000238578   0.0002003856  -0.0000493438
       -0.0000359536  -0.0002225726  -0.0001082744   0.0000556680  -0.0000911833
       -0.0000005332  -0.0000049867   0.0000292263  -0.0000494120  -0.0000045261
        0.0035885416   0.0002412962  -0.0002035058  -0.0038028636   0.0014998404
        0.0007446175  -0.0064860336   0.0024477372   0.0006411592  -0.0010417716
       -0.0009596901  -0.0000489645  -0.0000162548  -0.0003136936  -0.0000086694
        0.0001274314  -0.0003012341   0.0004862031   0.0027544278   0.0016053677
       -0.0024229836  -0.0001056483   0.0000432475   0.0001392602   0.0002427622
       -0.0000367000   0.0000054133  -0.0000115767   0.0000134132   0.0000157529
        0.0000458482  -0.0000011557   0.0000050987  -0.0000169999  -0.0000214329
       -0.0000020300  -0.0000179645  -0.0000056040   0.0000027570
        0.0212931880  -0.0312502153  -0.0090765455   0.1862652843  -0.5471983360
       -0.1013718907  -0.1827530293   0.6872045924   0.1330092001  -0.0295839132
       -0.1111668290  -0.0235652857   0.0128472419  -0.0008851956  -0.0027681712
       -0.0013950453   0.0013373781   0.0003753048  -0.0039067699   0.0014117885
        0.0043480128  -0.0041778388  -0.0008220803   0.0010324250   0.0027404056
        0.0008166623  -0.0006981824  -0.0006851710   0.0001527961   0.0000977089
        0.0000263500  -0.0001323244  -0.0000200224   0.0006668318   0.0003861020
       -0.0001359321  -0.0008027040  -0.0003977877   0.0001757245  -0.0000914276
        0.0001533894   0.0000359861  -0.0006235600  -0.0003643291   0.0001582740
       -0.0016727685   0.0007905798  -0.0003302169   0.0015772182   0.0002488367
       -0.0010847637   0.0045403942  -0.0001719513   0.0000703832  -0.0011138213
        0.0003341243  -0.0009337539   0.0001393786  -0.0002771471   0.0004653530
       -0.0001489660   0.0000347059  -0.0002910976  -0.0037458163  -0.0015279941
        0.0012080671   0.0003660981   0.0013421080  -0.0006936552   0.0000946561
       -0.0001005122  -0.0000304833  -0.0000860270   0.0000070997   0.0000131906
        0.0000428573   0.0001144388  -0.0000101495  -0.0000180075  -0.0000871517
        0.0000217534   0.0002049618   0.0000472520  -0.0000012334
        0.0060357741  -0.0108752923   0.0178284830   0.0398561705  -0.0993344538
       -0.0864537495  -0.0418447801   0.1330092001   0.0568721731  -0.0054840375
       -0.0250157549   0.0203274793   0.0016712559  -0.0003573566  -0.0071034378
       -0.0024517863   0.0002597171  -0.0001097400   0.0055616833   0.0043754472
        0.0012035101  -0.0005251116   0.0003879072   0.0010248288   0.0004340613
        0.0001677410  -0.0002625130  -0.0000919409   0.0000249925   0.0001487534
        0.0000202260  -0.0000076316   0.0000343218   0.0000952250   0.0000624122
       -0.0000632900  -0.0001238501  -0.0000601294   0.0000553532  -0.0000069888
        0.0000301765   0.0000420920  -0.0001094535  -0.0000795569   0.0000355501
       -0.0010917056   0.0003257075  -0.0008723447   0.0031912724  -0.0018039400
       -0.0009990149  -0.0010607336   0.0006731829   0.0002845255  -0.0005133877
       -0.0005946369  -0.0006461797   0.0000935676  -0.0000364953   0.0002726922
       -0.0002589917  -0.0001425581  -0.0002138245  -0.0035343628  -0.0012048078
       -0.0010662988   0.0001582695   0.0001795609  -0.0002080624  -0.0000324704
       -0.0000080963  -0.0001071348  -0.0000211117   0.0000023745  -0.0000113107
        0.0000025670   0.0000247266  -0.0000096838  -0.0000021396  -0.0000119588
        0.0000114224   0.0000327796   0.0000095225  -0.0000146006
       -0.0550350402  -0.0234302436  -0.0024314549  -0.1313610169  -0.0584956790
       -0.0099915701   0.0173780422  -0.0295839132  -0.0054840375   0.3775827253
        0.0719583912   0.0049304304  -0.0808907640   0.0238694074  -0.0195194725
       -0.0374880794   0.0103472123  -0.0089556788  -0.0384161174   0.0267451341
        0.0422083105  -0.0444340285  -0.0167072274   0.0035960324   0.0036244912
       -0.0027372755  -0.0031850431  -0.0006718640   0.0000886134   0.0000212460
        0.0002766172  -0.0004867493   0.0000816463   0.0012555798   0.0004555911
       -0.0002557494  -0.0011088962  -0.0004889834   0.0001960271   0.0000169125
        0.0000144350   0.0001695015  -0.0020856137  -0.0010484069   0.0006216697
       -0.0091846996   0.0016557807   0.0010043044  -0.0008045711  -0.0015508941
       -0.0005508432  -0.0001618410  -0.0020761378   0.0004942675   0.0006279808
       -0.0007442736   0.0010850367   0.0010120461  -0.0010276418   0.0011982141
       -0.0021103448   0.0041422227  -0.0055741466   0.0000325814  -0.0034624801
        0.0000746693   0.0011574240   0.0023891066   0.0004333218   0.0006409041
        0.0001474636  -0.0001059117  -0.0000625681   0.0001308954   0.0000189620
        0.0000860558   0.0000566813  -0.0000168337  -0.0000835678  -0.0001543364
       -0.0000017208   0.0002076524  -0.0000066929  -0.0000611776
       -0.0123896325   0.0088566882  -0.0004084056  -0.0629185741  -0.1708026992
       -0.0207372590  -0.0270293043  -0.1111668290  -0.0250157549   0.0719583912
        0.3688178503   0.0544401442   0.0351262793  -0.0783402697  -0.0041578535
        0.0202434848  -0.0004354835   0.0057638794   0.0228168415  -0.0023269059
       -0.0135779660  -0.0458215563  -0.0076066494   0.0032544514   0.0029092366
       -0.0029238494  -0.0025123771  -0.0007157799   0.0000318133   0.0001401775
        0.0000811726  -0.0001830868   0.0000928774   0.0010098199   0.0006044118
       -0.0002118321  -0.0010763886  -0.0004471710   0.0001960690   0.0000546500
       -0.0000657350   0.0001359234  -0.0021263262  -0.0010685223   0.0005679839
        0.0006799405   0.0006412723   0.0001545045  -0.0008750356  -0.0012183150
       -0.0007613485  -0.0000645000  -0.0011590775   0.0010782579  -0.0007809683
        0.0003283593  -0.0015604230  -0.0000858850   0.0003470259  -0.0005472966
        0.0015312329  -0.0017963613   0.0031686265  -0.0018311636  -0.0014664726
        0.0008201530  -0.0005742350   0.0011969537  -0.0002163890  -0.0000900800
        0.0000265216  -0.0000675672  -0.0001545410   0.0000586054   0.0000426557
        0.0000460198   0.0000912975  -0.0000191583  -0.0001281578  -0.0001365752
        0.0000093083   0.0002050590   0.0001432033  -0.0000713812
        0.0001574306   0.0004138385   0.0063652884  -0.0099684688  -0.0227939966
       -0.0561659786  -0.0059819462  -0.0235652857   0.0203274793   0.0049304304
        0.0544401442   0.0913739847  -0.0023243649  -0.0031552963  -0.0503466596
       -0.0265863672   0.0063687638  -0.0019224992   0.0401854282  -0.0146471390
       -0.0155356276   0.0019737255   0.0009729421   0.0058206717   0.0001833149
        0.0001047614   0.0003544434   0.0000263870   0.0000242192   0.0003281015
        0.0000428454   0.0000672063  -0.0000309385  -0.0000815014  -0.0000608207
       -0.0000527124   0.0001085506   0.0000249877   0.0000488278  -0.0000325344
       -0.0000173122   0.0000055115   0.0000186912   0.0000559863   0.0000890798
        0.0005402871  -0.0000303790   0.0011669179   0.0014365829   0.0000756616
        0.0005081048  -0.0012538711  -0.0000936875   0.0005996481   0.0001677358
       -0.0008991900   0.0005374006  -0.0000807869  -0.0000913202   0.0014373294
       -0.0026482936   0.0031233571  -0.0039025500  -0.0005743496   0.0005028136
        0.0004618894  -0.0001362621  -0.0007590499  -0.0011249945  -0.0001174095
       -0.0000419177  -0.0002265662   0.0000063129  -0.0000086079  -0.0000208257
       -0.0000133461   0.0000049750  -0.0000246216   0.0000041753  -0.0000004795
       -0.0000065650   0.0000176041  -0.0000151746  -0.0000641393
        0.0062439058  -0.0020327712   0.0001258868  -0.0457142595  -0.0405236615
       -0.0042636912   0.0000573767   0.0128472419   0.0016712559  -0.0808907640
        0.0351262793  -0.0023243649   0.3429807083   0.0272317368   0.0198579595
       -0.0648250309   0.0137857955  -0.0239021209  -0.0550150731  -0.0031826599
        0.0241293285  -0.0844557314  -0.0400253640   0.0011439097  -0.0135570011
       -0.0244000627  -0.0012450335   0.0022729882  -0.0012220196  -0.0001377559
       -0.0008273681   0.0003483032   0.0004651476  -0.0017043678  -0.0002317276
        0.0003645648   0.0018780035   0.0008878930  -0.0004591583   0.0004840894
       -0.0016186431   0.0003924837  -0.0037257812  -0.0011239567   0.0006858487
       -0.0001287382   0.0007357048  -0.0001780897  -0.0003478703   0.0001692329
        0.0001706911  -0.0001917648   0.0002845997  -0.0002418331   0.0031223755
       -0.0057908507   0.0091275653   0.0017189877  -0.0035846723   0.0063475411
       -0.0126660275   0.0136177716  -0.0224414836   0.0008946404   0.0000859914
       -0.0112662891   0.0070211607   0.0174346772   0.0019268633  -0.0019643315
        0.0008872081   0.0000684525   0.0001606808  -0.0000556454  -0.0000433099
       -0.0002324830  -0.0000788666   0.0000427812  -0.0002885110   0.0000754742
        0.0000638403  -0.0002998136   0.0003529916  -0.0000809901
       -0.0031121914  -0.0036804282  -0.0011043638  -0.0222787605   0.0164110283
        0.0032246716   0.0042498478  -0.0008851956  -0.0003573566   0.0238694074
       -0.0783402697  -0.0031552963   0.0272317368   0.4756124829  -0.0243124815
        0.0103956717  -0.0842711088   0.0417491842  -0.0068501429  -0.0705208087
       -0.0096384911  -0.0201403615  -0.1894814145   0.0078855811  -0.0272233212
       -0.0112421475   0.0023951754   0.0032180073  -0.0002294994  -0.0004672733
       -0.0004662392   0.0004939524   0.0004217789  -0.0043193085  -0.0023248808
        0.0009582192   0.0050383175   0.0020250268  -0.0011356540  -0.0002267210
       -0.0013463789   0.0004825531   0.0020374101   0.0028171442  -0.0013730998
       -0.0013965392   0.0001645477   0.0000022447   0.0000059501   0.0001966171
        0.0000787332   0.0002845546   0.0000925229  -0.0001208763   0.0058248024
       -0.0171695669   0.0215587039  -0.0027230527   0.0060260843  -0.0108447515
        0.0021776305  -0.0007040580   0.0017298247   0.0063123715  -0.0199644583
       -0.0286053303  -0.0026406222  -0.0241540131   0.0008237212   0.0012023559
       -0.0000442952  -0.0000848538   0.0005813233  -0.0000817914  -0.0001443142
       -0.0004084153  -0.0001066679   0.0000712995   0.0000212048   0.0004221695
        0.0000399330  -0.0006649162   0.0002854068  -0.0000774811
       -0.0018909565  -0.0021960198   0.0038303277  -0.0000930389   0.0136062071
        0.0033229018   0.0039732086  -0.0027681712  -0.0071034378  -0.0195194725
       -0.0041578535  -0.0503466596   0.0198579595  -0.0243124815   0.4259891280
       -0.0262473189   0.0470906956  -0.1255355842   0.0303182159  -0.0478738860
       -0.1729332057  -0.0005359819  -0.0005209466  -0.0471263709   0.0005604968
        0.0081129669  -0.0060947036  -0.0012649860  -0.0003904406  -0.0017842064
        0.0000730356   0.0000501586   0.0002440677   0.0003134549  -0.0000251371
        0.0002688492  -0.0003816348  -0.0000981507  -0.0002223641   0.0002671549
        0.0004742308   0.0012185991   0.0025659298   0.0007140492   0.0001898019
       -0.0006405588   0.0000428031   0.0006364635   0.0006786789  -0.0001862948
        0.0000257540  -0.0001933169   0.0000555925   0.0000652511   0.0001591931
        0.0028809525  -0.0007336302  -0.0054622440   0.0091983329  -0.0233379373
       -0.0028002481   0.0007114203  -0.0008554943  -0.0026341138  -0.0105362447
       -0.0010815371   0.0020133580   0.0104039407   0.0007548342   0.0009135352
       -0.0001880024   0.0004388094  -0.0000865172   0.0000300256   0.0001092056
        0.0000693720  -0.0000381536   0.0000113230   0.0000777430   0.0000554596
       -0.0000774555  -0.0000909478  -0.0001350529   0.0001272705
       -0.0009808016  -0.0001713608   0.0006985580   0.0023654789   0.0040748630
       -0.0002098519  -0.0010653914  -0.0013950453  -0.0024517863  -0.0374880794
        0.0202434848  -0.0265863672  -0.0648250309   0.0103956717  -0.0262473189
        0.5324554128   0.0128163413  -0.0217424152   0.0057878588   0.0007706160
        0.0098192574   0.0065776581  -0.0073892456   0.0063422806  -0.0000655040
       -0.0003987592  -0.0000789237   0.0000424878   0.0007235941  -0.0000393560
        0.0002517839  -0.0000605096  -0.0000013446   0.0001237233   0.0001078871
       -0.0000490480  -0.0002043353  -0.0001723633   0.0000795838  -0.0000898733
        0.0000430863  -0.0000251800  -0.0000434287   0.0001387744  -0.0000338795
       -0.0001382662   0.0000141081   0.0001301438   0.0000644510  -0.0001431980
        0.0001054053   0.0000203693  -0.0001330875  -0.0000612429  -0.0837202901
       -0.0911828894  -0.0012637913  -0.0653306840   0.0383189200   0.0606273716
       -0.2918102129   0.0165574373  -0.0009405468  -0.0005243348  -0.0003571816
        0.0000449276  -0.0006521119  -0.0017596183   0.0008333704  -0.0008323031
       -0.0009750758   0.0010697289   0.0000160952  -0.0000225959  -0.0000088436
        0.0000317435   0.0000518750  -0.0000268352   0.0000000802  -0.0000431450
        0.0000115143   0.0000335049  -0.0000525838   0.0000045894
        0.0001159634   0.0001818630  -0.0002552570  -0.0007918188  -0.0020390363
       -0.0001854934  -0.0005477120   0.0013373781   0.0002597171   0.0103472123
       -0.0004354835   0.0063687638   0.0137857955  -0.0842711088   0.0470906956
        0.0128163413   0.5114591032   0.0422562984  -0.0002065585   0.0054193135
       -0.0156687052   0.0010930081  -0.0335367096   0.0217334515   0.0035415710
       -0.0005778477   0.0008999852  -0.0000499862  -0.0000702680   0.0003336002
        0.0001812466  -0.0001779750  -0.0000765113   0.0006549986   0.0003528864
       -0.0001853331  -0.0008413915  -0.0003031728   0.0002174546  -0.0000111475
        0.0000406959  -0.0002856881  -0.0010467170  -0.0005193651  -0.0000020071
        0.0000733600   0.0000095987  -0.0000267366  -0.0000938466   0.0000128962
       -0.0000483143   0.0000066265  -0.0000175292   0.0000474204  -0.0918375878
       -0.2453730747  -0.0045118266   0.0378849702  -0.1058287114  -0.1001331071
        0.0170462870  -0.0424051409  -0.0006078245  -0.0001284021   0.0005794003
       -0.0004936321  -0.0015889936  -0.0037737454   0.0028154978  -0.0002706912
       -0.0000822468   0.0003445743  -0.0001345593   0.0000186363   0.0000440575
        0.0000771077  -0.0000015804  -0.0000059546  -0.0000754685  -0.0000782320
        0.0000276783   0.0000003924   0.0000794559   0.0000471965
       -0.0002938878   0.0000435897   0.0000779904   0.0010550948  -0.0014888382
       -0.0004398573  -0.0024628701   0.0003753048  -0.0001097400  -0.0089556788
        0.0057638794  -0.0019224992  -0.0239021209   0.0417491842  -0.1255355842
       -0.0217424152   0.0422562984   0.4656904772  -0.0049802665   0.0063248434
       -0.0492074443  -0.0003329634   0.0092380793  -0.0007812949   0.0002473693
        0.0001767878  -0.0000776157   0.0003766797  -0.0004801683  -0.0003041796
       -0.0002054804   0.0002482780  -0.0000072006  -0.0002647669   0.0000004763
        0.0000261385   0.0003849018   0.0002127390  -0.0000178493   0.0002427592
       -0.0000667061  -0.0000069924  -0.0001038946  -0.0001340804   0.0000642032
       -0.0000517137  -0.0000176815  -0.0000080845   0.0000327758  -0.0000330026
        0.0000262946  -0.0000235528   0.0000210871  -0.0000218758  -0.0008852647
       -0.0032220063  -0.0430762435   0.0617195574  -0.1021823845  -0.2034415038
       -0.0015040616  -0.0000158758  -0.0414417600   0.0009064035   0.0006101533
        0.0016638840   0.0003878003  -0.0001821411  -0.0005094871   0.0004024603
        0.0007226734  -0.0005424451   0.0000115166   0.0000065980  -0.0000284518
       -0.0000461155  -0.0000242508  -0.0000173991   0.0000104766   0.0000430183
       -0.0000170262  -0.0000227424   0.0000541452  -0.0000344536
       -0.0016825693   0.0007348620  -0.0009835854   0.0048738452   0.0021859141
        0.0001298252  -0.0077303614  -0.0039067699   0.0055616833  -0.0384161174
        0.0228168415   0.0401854282  -0.0550150731  -0.0068501429   0.0303182159
        0.0057878588  -0.0002065585  -0.0049802665   0.1500774174   0.1259392311
       -0.0791733764   0.0053626261  -0.0084251144  -0.0076892707  -0.0009878344
       -0.0002663027  -0.0001717032  -0.0026599662  -0.0002762086  -0.0015810236
        0.0005644501  -0.0004630764  -0.0001411857   0.0006279053  -0.0000703337
        0.0000082152  -0.0006364909  -0.0004059778   0.0001485957  -0.0003934972
        0.0001079800   0.0001479743   0.0005998546   0.0005830992   0.0000969513
        0.0001384526  -0.0000835034  -0.0000825317   0.0000159331  -0.0001292928
        0.0000593286   0.0002032317  -0.0002666396  -0.0001394833  -0.0006934204
       -0.0000132933  -0.0002470170   0.0003518891   0.0002999583  -0.0011790011
        0.0007751349  -0.0002299214   0.0007899652  -0.0595894372  -0.1288081759
        0.0204744832  -0.0004831557  -0.0009354428  -0.0012002906  -0.0012935590
       -0.0011772234  -0.0002799730   0.0000396125   0.0000307271  -0.0000112258
        0.0001121406   0.0000711547  -0.0000236927   0.0000018402  -0.0000789096
       -0.0000173467   0.0000492899  -0.0001768809  -0.0000196926
        0.0005565743   0.0012357150  -0.0001290345  -0.0023350258  -0.0085452130
       -0.0010047792  -0.0088147285   0.0014117885   0.0043754472   0.0267451341
       -0.0023269059  -0.0146471390  -0.0031826599  -0.0705208087  -0.0478738860
        0.0007706160   0.0054193135   0.0063248434   0.1259392311   0.4654605036
        0.0634692854  -0.0058120084  -0.0490611398  -0.0302097871   0.0069770316
        0.0021952436  -0.0025800914  -0.0013831474  -0.0001154500  -0.0003276749
        0.0000122758  -0.0006440430  -0.0000444017   0.0012330952   0.0011676571
       -0.0001898002  -0.0015271682  -0.0006156011   0.0002796749   0.0005818354
        0.0006121736   0.0001412828  -0.0010157480  -0.0011098036   0.0006534227
        0.0002844923   0.0000552099  -0.0000037479  -0.0001664876   0.0000391668
       -0.0000697592   0.0000726271  -0.0000263169   0.0000844955   0.0002692423
        0.0004961996   0.0000895918   0.0002354391  -0.0000190432   0.0014762237
       -0.0004947071  -0.0002814539  -0.0000870396  -0.1362987083  -0.3440620895
        0.0241092885  -0.0016401047  -0.0010929255  -0.0032412375  -0.0013510116
        0.0001882700  -0.0005946337  -0.0000189598   0.0000752535   0.0000149562
        0.0000974297   0.0000507068   0.0000007879   0.0000367529  -0.0000916499
       -0.0000310822   0.0002286882   0.0001052426   0.0000147942
        0.0019176913   0.0005831232   0.0004707873  -0.0038296095  -0.0087944104
       -0.0026831001   0.0011780595   0.0043480128   0.0012035101   0.0422083105
       -0.0135779660  -0.0155356276   0.0241293285  -0.0096384911  -0.1729332057
        0.0098192574  -0.0156687052  -0.0492074443  -0.0791733764   0.0634692854
        0.2809575429  -0.0076272794  -0.0266121524   0.0005694670   0.0045622693
        0.0011656394  -0.0005800774  -0.0009123479   0.0004834905   0.0007664451
        0.0000434116  -0.0004379805  -0.0001459136   0.0008530451   0.0006743471
       -0.0003380004  -0.0011989881  -0.0005200249   0.0003208336   0.0002482377
        0.0003364421   0.0000558465  -0.0007416564  -0.0008506578   0.0003353356
        0.0001937542   0.0000982280  -0.0000422462  -0.0000015232   0.0000106881
       -0.0000822936  -0.0001257537   0.0001988968   0.0001314761   0.0006141094
       -0.0013241800   0.0013672728  -0.0026050086   0.0045723161  -0.0093442840
        0.0008187475  -0.0010749880   0.0015932343   0.0108053932   0.0029403882
       -0.0339935706  -0.0006660950  -0.0001510256  -0.0022841389  -0.0006831825
       -0.0001997137  -0.0004210325  -0.0000489842   0.0000139400  -0.0000576152
        0.0000921332   0.0000463135  -0.0000224741  -0.0000021859  -0.0000859444
       -0.0000140923   0.0001322423  -0.0000048714  -0.0000866349
       -0.0032981352  -0.0012446858  -0.0006003822  -0.0012426648   0.0088218170
        0.0026626136   0.0001757455  -0.0041778388  -0.0005251116  -0.0444340285
       -0.0458215563   0.0019737255  -0.0844557314  -0.0201403615  -0.0005359819
        0.0065776581   0.0010930081  -0.0003329634   0.0053626261  -0.0058120084
       -0.0076272794   0.6360307293  -0.0284172607   0.0008619176  -0.2460841669
       -0.0434526203   0.0682946635  -0.0402594779  -0.0003094334   0.0090923010
       -0.0018167075   0.0003026296   0.0002925759   0.0108710925   0.0056579734
       -0.0024792539  -0.0135930140  -0.0051767308   0.0028842229  -0.0004048576
        0.0012897868   0.0002084918  -0.0202821872  -0.0194002531   0.0068626660
       -0.0005699544  -0.0000292161   0.0000229029   0.0001145502  -0.0000598301
        0.0000821391   0.0003469404  -0.0001604618  -0.0001382026   0.0001755275
        0.0008974014  -0.0013475874  -0.0000346388   0.0002795058  -0.0004585241
        0.0000136074   0.0002143691   0.0003256386   0.0017597300   0.0011147105
        0.0010727956  -0.2068318561   0.1549167466  -0.0810178966   0.0009751684
       -0.0008498216  -0.0002482138  -0.0018773935  -0.0001044790   0.0004484274
        0.0014932266  -0.0001605876  -0.0002387851  -0.0004854832  -0.0005307494
        0.0001296038   0.0017736950   0.0012599464   0.0003354967
       -0.0011756631  -0.0000932130  -0.0002013278   0.0004492132   0.0019258916
        0.0005187918  -0.0007127237  -0.0008220803   0.0003879072  -0.0167072274
       -0.0076066494   0.0009729421  -0.0400253640  -0.1894814145  -0.0005209466
       -0.0073892456  -0.0335367096   0.0092380793  -0.0084251144  -0.0490611398
       -0.0266121524  -0.0284172607   0.5970230300  -0.0845034686  -0.0427837476
       -0.0910361751   0.0216662015   0.0223618048   0.0083934066  -0.0051987445
        0.0008053278  -0.0062801825  -0.0004183066   0.0031130877   0.0043066024
       -0.0006114259  -0.0046050797  -0.0018525867   0.0009459618   0.0017493755
       -0.0049708841  -0.0000083031  -0.0415920627  -0.0220969312   0.0111434502
       -0.0000994427  -0.0000114968   0.0000104730   0.0000631129  -0.0000754433
        0.0000005329   0.0000819310  -0.0001036295  -0.0000224737   0.0016602520
       -0.0035252523   0.0048484259  -0.0007019261   0.0004790508  -0.0009586184
        0.0000761986   0.0004397821  -0.0008936165   0.0013081672  -0.0021743645
       -0.0058623422   0.1628471249  -0.2011035870   0.0762236187  -0.0003089622
        0.0007807244  -0.0000937311   0.0009481005   0.0002550391  -0.0002515163
        0.0003814829   0.0000395282  -0.0000871559  -0.0015040145  -0.0009599256
        0.0002015638  -0.0013973446   0.0011486100   0.0000861813
        0.0004776472   0.0002302126   0.0001502498  -0.0001799238  -0.0018970413
       -0.0014003117  -0.0005594346   0.0010324250   0.0010248288   0.0035960324
        0.0032544514   0.0058206717   0.0011439097   0.0078855811  -0.0471263709
        0.0063422806   0.0217334515  -0.0007812949  -0.0076892707  -0.0302097871
        0.0005694670   0.0008619176  -0.0845034686   0.1077978427   0.0378292513
        0.0144910709  -0.0406678773   0.0101591137  -0.0025566989   0.0002449526
        0.0001065092   0.0005556392   0.0054901671  -0.0056374704  -0.0021224400
        0.0012165106   0.0069394295   0.0026814547  -0.0021349393   0.0013189755
       -0.0006427837   0.0036674351   0.0061965453   0.0067337960   0.0017387620
        0.0000525958   0.0000622019   0.0000078876   0.0000765795  -0.0000371853
       -0.0000303769  -0.0002480451   0.0000211584   0.0000341305  -0.0009630290
        0.0034027840  -0.0029230906  -0.0002610489  -0.0000909079   0.0019781673
        0.0007303486  -0.0006904441   0.0003667925   0.0008895571  -0.0032538395
       -0.0036700833  -0.0600019699   0.0630747602  -0.0278045311  -0.0005910848
        0.0004818426  -0.0018359239   0.0004855821  -0.0000124756   0.0000168962
       -0.0008094237   0.0000608171  -0.0000854612   0.0002508353   0.0002946383
        0.0001306353  -0.0005164094   0.0000207872  -0.0017951356
        0.0015658269   0.0001191567   0.0000934542  -0.0047158159  -0.0053306907
       -0.0007845811   0.0006160988   0.0027404056   0.0004340613   0.0036244912
        0.0029092366   0.0001833149  -0.0135570011  -0.0272233212   0.0005604968
       -0.0000655040   0.0035415710   0.0002473693  -0.0009878344   0.0069770316
        0.0045622693  -0.2460841669  -0.0427837476   0.0378292513   0.6393397868
       -0.0210662608  -0.1128659375  -0.2034051935   0.1440601269   0.0323993022
       -0.0568423004  -0.0017139524   0.0119663494  -0.0154614158   0.0155217933
        0.0018174058   0.0144507161   0.0047635733  -0.0030375224   0.0057893325
       -0.0336252396  -0.0005964618  -0.0936890048  -0.0698520770   0.0098897396
        0.0001086844   0.0001654539  -0.0000290130  -0.0001068050   0.0000038988
        0.0000180286  -0.0001639737   0.0000459593   0.0000166815   0.0001617345
        0.0008239662  -0.0003315557  -0.0002473233  -0.0003674497   0.0009732244
        0.0006789328  -0.0000871255  -0.0004003561   0.0003163534   0.0001574815
        0.0002549980  -0.0281323629   0.0040476983   0.0139061900   0.0043410032
       -0.0025200385  -0.0009443220  -0.0032322109  -0.0021387743   0.0023142640
       -0.0012394540  -0.0000537569   0.0002304731  -0.0040704247  -0.0014818469
        0.0027098197   0.0010078306   0.0223669279  -0.0014169437
        0.0001359203  -0.0001520625  -0.0000656196  -0.0022986731  -0.0009479249
        0.0000337938   0.0003722103   0.0008166623   0.0001677410  -0.0027372755
       -0.0029238494   0.0001047614  -0.0244000627  -0.0112421475   0.0081129669
       -0.0003987592  -0.0005778477   0.0001767878  -0.0002663027   0.0021952436
        0.0011656394  -0.0434526203  -0.0910361751   0.0144910709  -0.0210662608
        0.6431435978  -0.0139211061   0.0706691031  -0.1950207555  -0.0137671497
        0.0504763631   0.0546785323  -0.0116221244   0.0182706731  -0.0617939319
       -0.0027367241   0.0026946358   0.0026647031  -0.0005754240  -0.0860436115
       -0.0096242959   0.0185752337   0.0038002556  -0.2924547157   0.0071603733
       -0.0000277776   0.0000651142  -0.0000079572  -0.0000371908  -0.0000148539
       -0.0000178310  -0.0000190669  -0.0000039877   0.0000095578   0.0003147908
       -0.0000406048   0.0002168430  -0.0001612429  -0.0000687424   0.0002746170
        0.0002203496  -0.0004390098  -0.0001824718   0.0004135614   0.0002826111
        0.0001168608   0.0168347120   0.0055824444  -0.0055596700   0.0215521182
       -0.0236671369  -0.0033930768  -0.0026442492   0.0005347121   0.0007278206
       -0.0004969418   0.0007089464   0.0000361129  -0.0010657274   0.0013339158
        0.0002462921  -0.0006389309  -0.0219984415   0.0002326823
       -0.0004879647  -0.0000735945  -0.0001802061   0.0006610209   0.0014298485
        0.0008688060   0.0000116603  -0.0006981824  -0.0002625130  -0.0031850431
       -0.0025123771   0.0003544434  -0.0012450335   0.0023951754  -0.0060947036
       -0.0000789237   0.0008999852  -0.0000776157  -0.0001717032  -0.0025800914
       -0.0005800774   0.0682946635   0.0216662015  -0.0406678773  -0.1128659375
       -0.0139211061   0.1488631009   0.0311868382  -0.0275084588  -0.0545543503
        0.0112076546  -0.0007828206  -0.0041998434   0.0025792191  -0.0021970370
       -0.0062876051  -0.0042386393  -0.0014694191   0.0007474856  -0.0003473049
        0.0074074953  -0.0014676315   0.0091790620   0.0223555568  -0.0516874028
       -0.0000356519  -0.0000462602  -0.0000021444  -0.0000531769   0.0000241145
        0.0000038888   0.0001070486  -0.0000128678   0.0000109664  -0.0003116070
        0.0000103236  -0.0002899650   0.0003375465   0.0002425843  -0.0005628805
       -0.0003401133   0.0005147302  -0.0000064260   0.0002551196   0.0001097403
        0.0000079532  -0.0055123204  -0.0030293037  -0.0019911685  -0.0006788794
        0.0006723237   0.0010243224   0.0023753740   0.0005698490   0.0074604953
        0.0004549474  -0.0000233126   0.0002221767   0.0026160623   0.0004981293
        0.0077813943   0.0002860816  -0.0039412260   0.0015673776
       -0.0003379856   0.0000060804  -0.0000127766   0.0010890539   0.0009771969
        0.0001497512  -0.0003227734  -0.0006851710  -0.0000919409  -0.0006718640
       -0.0007157799   0.0000263870   0.0022729882   0.0032180073  -0.0012649860
        0.0000424878  -0.0000499862   0.0003766797  -0.0026599662  -0.0013831474
       -0.0009123479  -0.0402594779   0.0223618048   0.0101591137  -0.2034051935
        0.0706691031   0.0311868382   0.6387386179   0.0094232688  -0.1116054630
       -0.3011521479  -0.0372802983   0.0561196802   0.0079709922  -0.0875749348
       -0.0007828465  -0.0050363805  -0.0006878316   0.0023036553  -0.0584297047
        0.0133504874   0.0114501142   0.0404198482   0.0594431309  -0.0088249640
       -0.0000315007  -0.0000236206   0.0000072340   0.0000294620  -0.0000272764
        0.0000139266   0.0000407832  -0.0000351124  -0.0000180400  -0.0000708766
        0.0001175995  -0.0000722591  -0.0001655273   0.0000197750  -0.0001113592
       -0.0006875877  -0.0002077847   0.0002908449  -0.0000241240   0.0004430064
        0.0002715346  -0.0042816603  -0.0021048507   0.0012846789  -0.0494719650
       -0.0436165851   0.0032177046  -0.0239535267  -0.0049976568   0.0054130333
       -0.0000317897   0.0006515270   0.0000410967  -0.0005035011   0.0003211359
       -0.0000712753   0.0008933193  -0.0016120875   0.0014559852
        0.0000560595  -0.0000411758   0.0000040094  -0.0001828375  -0.0001350972
       -0.0000574220   0.0000758782   0.0001527961   0.0000249925   0.0000886134
        0.0000318133   0.0000242192  -0.0012220196  -0.0002294994  -0.0003904406
        0.0007235941  -0.0000702680  -0.0004801683  -0.0002762086  -0.0001154500
        0.0004834905  -0.0003094334   0.0083934066  -0.0025566989   0.1440601269
       -0.1950207555  -0.0275084588   0.0094232688   0.6692656797   0.0001644310
       -0.1093947399  -0.1170293077   0.0239081835  -0.0328650286  -0.0117324823
        0.0069763647  -0.0005607974  -0.0056937962   0.0002971845   0.0109430763
        0.0000182690  -0.0023842854   0.0090000234  -0.0484521500  -0.0010982726
       -0.0000133418  -0.0000032341   0.0000000646   0.0000046836  -0.0000028363
       -0.0000029672  -0.0000139885   0.0000029704  -0.0000017077   0.0000859309
        0.0000711952  -0.0000345201   0.0001172867  -0.0000687234  -0.0000427007
       -0.0007856211  -0.0002137201   0.0013283172  -0.0001177978   0.0001669822
        0.0000347687  -0.0020428299   0.0004369245   0.0016580739  -0.0444678241
       -0.2996856397   0.0030185812   0.0185278337   0.0050941116  -0.0039306485
       -0.0002114454  -0.0002746964   0.0000417119   0.0000880401   0.0008945818
       -0.0000406843  -0.0007305019  -0.0057598982   0.0005645823
        0.0000510215  -0.0000030734   0.0000016496  -0.0001749782  -0.0001764141
       -0.0001234681   0.0000209016   0.0000977089   0.0001487534   0.0000212460
        0.0001401775   0.0003281015  -0.0001377559  -0.0004672733  -0.0017842064
       -0.0000393560   0.0003336002  -0.0003041796  -0.0015810236  -0.0003276749
        0.0007664451   0.0090923010  -0.0051987445   0.0002449526   0.0323993022
       -0.0137671497  -0.0545543503  -0.1116054630   0.0001644310   0.1307886743
        0.0572579678   0.0086890069  -0.0516328602  -0.0012541824   0.0183376790
       -0.0016531434   0.0017412941   0.0000379405   0.0060481320   0.0111693094
       -0.0025381519  -0.0047941320  -0.0079373848  -0.0116838996   0.0023469023
        0.0000026387   0.0000024865  -0.0000015394   0.0000055953   0.0000002015
       -0.0000006735  -0.0000137491   0.0000131188   0.0000046717   0.0002580935
       -0.0000623624   0.0000041425   0.0002131967  -0.0000261057   0.0001058764
        0.0007324539   0.0000561737  -0.0001067034   0.0000676637   0.0000395532
       -0.0002040435   0.0001583706   0.0004789249   0.0008308111   0.0033629049
        0.0044339239  -0.0312655700   0.0048561041   0.0010169828  -0.0014575913
        0.0000912458  -0.0001355565   0.0001604426   0.0000805433  -0.0001013603
       -0.0000976407   0.0011617390   0.0006458570   0.0062005465
        0.0000718640  -0.0000212308   0.0000089315  -0.0001847454  -0.0001285253
       -0.0000385251   0.0000616948   0.0000263500   0.0000202260   0.0002766172
        0.0000811726   0.0000428454  -0.0008273681  -0.0004662392   0.0000730356
        0.0002517839   0.0001812466  -0.0002054804   0.0005644501   0.0000122758
        0.0000434116  -0.0018167075   0.0008053278   0.0001065092  -0.0568423004
        0.0504763631   0.0112076546  -0.3011521479  -0.1093947399   0.0572579678
        0.6454257674  -0.0005653843  -0.1145603891  -0.0956952297   0.0061370892
        0.0101420304  -0.0214461965  -0.0438227829   0.0060097582   0.0407032105
        0.0077102407  -0.0087324708  -0.0254131408  -0.0308443441   0.0050893061
       -0.0000152486  -0.0000069477   0.0000098988  -0.0000007840   0.0000185758
        0.0000164379  -0.0000036028   0.0000233907  -0.0000045570   0.0000144758
       -0.0000003633   0.0000499035  -0.0000433908  -0.0000005466   0.0000050497
       -0.0000709718  -0.0002932225   0.0001993309  -0.0000828591  -0.0000436859
       -0.0001155816  -0.0005172335  -0.0000246443   0.0012128055  -0.0072950281
       -0.0045018725   0.0017052782  -0.1750294828   0.1240819953   0.0289311105
        0.0015692524  -0.0021457520  -0.0003521510  -0.0027796829   0.0036561551
        0.0018886155   0.0002770046  -0.0009499013  -0.0000109518
       -0.0001001329  -0.0000045867  -0.0000090317   0.0002125601   0.0002839748
        0.0000557731  -0.0000581264  -0.0001323244  -0.0000076316  -0.0004867493
       -0.0001830868   0.0000672063   0.0003483032   0.0004939524   0.0000501586
       -0.0000605096  -0.0001779750   0.0002482780  -0.0004630764  -0.0006440430
       -0.0004379805   0.0003026296  -0.0062801825   0.0005556392  -0.0017139524
        0.0546785323  -0.0007828206  -0.0372802983  -0.1170293077   0.0086890069
       -0.0005653843   0.6615747089  -0.0068030728  -0.0780637617  -0.3124176646
        0.0205068218  -0.0119986774  -0.0198233418   0.0029226338   0.0623095196
       -0.0511413868  -0.0120636979  -0.0323218406  -0.0341397667   0.0071411773
       -0.0000129190  -0.0000033783   0.0000069935   0.0000010350   0.0000018819
        0.0000034452   0.0000025224   0.0000048340  -0.0000028551  -0.0000414529
       -0.0000413239   0.0000532163  -0.0001207747   0.0000467053   0.0000428844
       -0.0000184989  -0.0000445220  -0.0002198690   0.0000986516   0.0000119652
       -0.0000761429   0.0011868234  -0.0000232369  -0.0002595887  -0.0279700158
       -0.0132812193   0.0063037991   0.1230354325  -0.1613620087  -0.0253370253
        0.0014215027   0.0016654543  -0.0003272568   0.0030473049  -0.0021760115
       -0.0003875070  -0.0006901148   0.0001433574   0.0000674465
       -0.0000194931   0.0000058975   0.0000091406   0.0001268256   0.0000466332
       -0.0000466796  -0.0000238578  -0.0000200224   0.0000343218   0.0000816463
        0.0000928774  -0.0000309385   0.0004651476   0.0004217789   0.0002440677
       -0.0000013446  -0.0000765113  -0.0000072006  -0.0001411857  -0.0000444017
       -0.0001459136   0.0002925759  -0.0004183066   0.0054901671   0.0119663494
       -0.0116221244  -0.0041998434   0.0561196802   0.0239081835  -0.0516328602
       -0.1145603891  -0.0068030728   0.1306842258   0.0112851048   0.0023476486
       -0.0500059924   0.0056195078   0.0095315431   0.0027232385  -0.0097233492
       -0.0006625733   0.0022725740   0.0052216366   0.0070437090  -0.0041664897
        0.0000043808  -0.0000007755  -0.0000005011   0.0000106604  -0.0000143065
       -0.0000103100  -0.0000058690  -0.0000022206  -0.0000031778   0.0000182679
       -0.0000192129   0.0000301713  -0.0000282884   0.0000015083   0.0000266529
       -0.0000473582   0.0000009771  -0.0000382633   0.0000059466   0.0000040873
        0.0000596945   0.0010266316   0.0001510836   0.0003938772   0.0016513002
        0.0010994668  -0.0002656162   0.0292374012  -0.0250606919  -0.0371276771
       -0.0004398857   0.0004283262  -0.0008173372   0.0019230600  -0.0005340276
        0.0065253308  -0.0000651022   0.0001945273   0.0000053386
        0.0004836244   0.0000576217   0.0000288959  -0.0010067255  -0.0011850197
       -0.0001796227   0.0002003856   0.0006668318   0.0000952250   0.0012555798
        0.0010098199  -0.0000815014  -0.0017043678  -0.0043193085   0.0003134549
        0.0001237233   0.0006549986  -0.0002647669   0.0006279053   0.0012330952
        0.0008530451   0.0108710925   0.0031130877  -0.0056374704  -0.0154614158
        0.0182706731   0.0025792191   0.0079709922  -0.0328650286  -0.0012541824
       -0.0956952297  -0.0780637617   0.0112851048   0.6088576246  -0.0122137187
       -0.0983971540  -0.2247806728  -0.0557027393   0.0400045019  -0.2013471411
        0.1473699097   0.0272878542  -0.0567245400  -0.0014183292   0.0110669104
        0.0000046704   0.0000524906  -0.0000043833  -0.0000497666  -0.0000072074
        0.0000089783  -0.0000625035   0.0000079848  -0.0000017411   0.0000502455
        0.0001498010   0.0000694019  -0.0000470819  -0.0001565470   0.0000707127
       -0.0000415194  -0.0002850459   0.0002278892  -0.0000943494   0.0000113356
       -0.0000913643  -0.0000494464   0.0004554943   0.0014201990  -0.0036744003
       -0.0015142618   0.0024392533   0.0007269694   0.0229766642  -0.0003265371
       -0.0322554831  -0.0024499758   0.0063472911   0.0046850763  -0.0038302450
       -0.0002569917  -0.0028632462  -0.0020186196   0.0023977787
        0.0001603477   0.0000523366   0.0000239779  -0.0002670354  -0.0006769751
       -0.0001203500  -0.0000493438   0.0003861020   0.0000624122   0.0004555911
        0.0006044118  -0.0000608207  -0.0002317276  -0.0023248808  -0.0000251371
        0.0001078871   0.0003528864   0.0000004763  -0.0000703337   0.0011676571
        0.0006743471   0.0056579734   0.0043066024  -0.0021224400   0.0155217933
       -0.0617939319  -0.0021970370  -0.0875749348  -0.0117324823   0.0183376790
        0.0061370892  -0.3124176646   0.0023476486  -0.0122137187   0.6627826241
       -0.0080336915  -0.0845819499  -0.1096645096   0.0187216341   0.0674305539
       -0.1952717824  -0.0096850019   0.0521994676   0.0555637085  -0.0117991571
       -0.0000001548   0.0000223796  -0.0000008839  -0.0000304221  -0.0000156082
       -0.0000068217  -0.0000352336  -0.0000140679   0.0000227027   0.0000040374
        0.0001503916  -0.0000393282  -0.0000477519  -0.0001022247   0.0000408107
       -0.0002118910   0.0000469255  -0.0001100059   0.0000567275  -0.0000174156
        0.0001694034  -0.0005103594   0.0005478656   0.0000024949  -0.0007955196
        0.0016748453   0.0003046222  -0.0011760565  -0.0224324683   0.0010935638
        0.0210032920   0.0131811059  -0.0045239722   0.0216346109  -0.0250019353
       -0.0038480408  -0.0025729385   0.0006261045   0.0007709152
       -0.0001052032  -0.0000087330  -0.0000162604   0.0002316868   0.0002643505
        0.0000681725  -0.0000359536  -0.0001359321  -0.0000632900  -0.0002557494
       -0.0002118321  -0.0000527124   0.0003645648   0.0009582192   0.0002688492
       -0.0000490480  -0.0001853331   0.0000261385   0.0000082152  -0.0001898002
       -0.0003380004  -0.0024792539  -0.0006114259   0.0012165106   0.0018174058
       -0.0027367241  -0.0062876051  -0.0007828465   0.0069763647  -0.0016531434
        0.0101420304   0.0205068218  -0.0500059924  -0.0983971540  -0.0080336915
        0.1415656422   0.0406389596   0.0129733486  -0.0416518256   0.0290768748
       -0.0265546606  -0.0551379216   0.0103083485  -0.0008468509  -0.0037475972
       -0.0000022139  -0.0000091717  -0.0000058254   0.0000062994   0.0000135815
        0.0000018614   0.0000164698  -0.0000089698   0.0000028781  -0.0000361830
       -0.0000553862  -0.0000203518  -0.0000026437   0.0000238548  -0.0000255256
        0.0000197533   0.0000701369  -0.0000694055   0.0000061628  -0.0000018791
        0.0000414580   0.0000532872  -0.0002507815  -0.0001154539   0.0024683909
        0.0002052563   0.0074548788   0.0000124566  -0.0045811879   0.0009565081
        0.0057119842   0.0002049904  -0.0024849871  -0.0011812404   0.0015167838
        0.0020286452   0.0024445996   0.0007086515   0.0080443552
       -0.0005404255  -0.0000832166  -0.0000399280   0.0011140863   0.0012981657
        0.0001988335  -0.0002225726  -0.0008027040  -0.0001238501  -0.0011088962
       -0.0010763886   0.0001085506   0.0018780035   0.0050383175  -0.0003816348
       -0.0002043353  -0.0008413915   0.0003849018  -0.0006364909  -0.0015271682
       -0.0011989881  -0.0135930140  -0.0046050797   0.0069394295   0.0144507161
        0.0026946358  -0.0042386393  -0.0050363805  -0.0005607974   0.0017412941
       -0.0214461965  -0.0119986774   0.0056195078  -0.2247806728  -0.0845819499
        0.0406389596   0.4690105937  -0.0930791220  -0.0880153921  -0.0436462262
       -0.0051907249   0.0096535861  -0.0032464348  -0.0001207072   0.0019664739
        0.0000066168  -0.0000606598  -0.0000014234   0.0000789367   0.0000119387
        0.0000071237   0.0000969318  -0.0000089942  -0.0000285419  -0.0000504156
       -0.0001614993  -0.0000772742   0.0000218352   0.0002023570  -0.0001570906
       -0.0000167119   0.0002872193  -0.0003098850  -0.0000039017  -0.0001134951
        0.0000863005   0.0005626302  -0.0008033524  -0.0015937774  -0.0012713088
       -0.0010135221   0.0004465411   0.0025225696   0.0016377225  -0.0008293008
       -0.1733760308   0.1957135843   0.0297961581   0.0015862987  -0.0002276306
       -0.0010350754  -0.0021492045  -0.0000268598   0.0004431408
       -0.0002216961  -0.0000229248  -0.0000108999   0.0004636859   0.0005900485
        0.0000937534  -0.0001082744  -0.0003977877  -0.0000601294  -0.0004889834
       -0.0004471710   0.0000249877   0.0008878930   0.0020250268  -0.0000981507
       -0.0001723633  -0.0003031728   0.0002127390  -0.0004059778  -0.0006156011
       -0.0005200249  -0.0051767308  -0.0018525867   0.0026814547   0.0047635733
        0.0026647031  -0.0014694191  -0.0006878316  -0.0056937962   0.0000379405
       -0.0438227829  -0.0198233418   0.0095315431  -0.0557027393  -0.1096645096
        0.0129733486  -0.0930791220   0.4026739029   0.0104606820   0.0235216263
        0.0105746360  -0.0049845894   0.0012942857  -0.0058793190   0.0000880318
       -0.0000044234  -0.0000303372   0.0000022912   0.0000278641  -0.0000078345
        0.0000051098   0.0000401602  -0.0000167937  -0.0000014597  -0.0000097239
       -0.0000698410  -0.0000289779   0.0000023118   0.0000792589  -0.0000519068
        0.0000174595   0.0001272147  -0.0001935174   0.0000258411  -0.0000032616
        0.0000451494   0.0001174736  -0.0003742888  -0.0006368623  -0.0018129664
       -0.0011509071   0.0004866955  -0.0006829796   0.0018895539   0.0000847814
        0.1710172285  -0.2757781780  -0.0284951382  -0.0006942579   0.0013162538
        0.0000033896   0.0008914497   0.0001910542  -0.0001808220
        0.0001112545   0.0000173487   0.0000271713  -0.0002350476  -0.0002649447
       -0.0000594928   0.0000556680   0.0001757245   0.0000553532   0.0001960271
        0.0001960690   0.0000488278  -0.0004591583  -0.0011356540  -0.0002223641
        0.0000795838   0.0002174546  -0.0000178493   0.0001485957   0.0002796749
        0.0003208336   0.0028842229   0.0009459618  -0.0021349393  -0.0030375224
       -0.0005754240   0.0007474856   0.0023036553   0.0002971845   0.0060481320
        0.0060097582   0.0029226338   0.0027232385   0.0400045019   0.0187216341
       -0.0416518256  -0.0880153921   0.0104606820   0.0416552045   0.0091086297
        0.0009444931   0.0013561749   0.0017246201   0.0002921081   0.0047263119
       -0.0000010627   0.0000154978   0.0000102649  -0.0000169365   0.0000031909
        0.0000087856  -0.0000187178   0.0000051071   0.0000200994   0.0000129712
        0.0000526782  -0.0000046962  -0.0000332108  -0.0000372684   0.0000324132
       -0.0000061274  -0.0000750663   0.0000358894  -0.0000110489   0.0000060266
       -0.0000710014  -0.0002220725   0.0002310497   0.0002301295   0.0003300709
        0.0001867425   0.0000107304  -0.0008735146  -0.0003779152  -0.0014685465
        0.0304184663  -0.0334732562  -0.0098442242  -0.0009078709  -0.0000351088
       -0.0026946031   0.0004496567   0.0000033757   0.0001124967
       -0.0000296991   0.0000432962   0.0000048895   0.0001365147   0.0000294988
       -0.0000109700  -0.0000911833  -0.0000914276  -0.0000069888   0.0000169125
        0.0000546500  -0.0000325344   0.0004840894  -0.0002267210   0.0002671549
       -0.0000898733  -0.0000111475   0.0002427592  -0.0003934972   0.0005818354
        0.0002482377  -0.0004048576   0.0017493755   0.0013189755   0.0057893325
       -0.0860436115  -0.0003473049  -0.0584297047   0.0109430763   0.0111693094
        0.0407032105   0.0623095196  -0.0097233492  -0.2013471411   0.0674305539
        0.0290768748  -0.0436462262   0.0235216263   0.0091086297   0.6555332384
        0.0183892433  -0.1131011834  -0.3152098061  -0.0433058253   0.0590480482
        0.0000002724   0.0000008734   0.0000009730   0.0000015716  -0.0000169964
       -0.0000069350  -0.0000016200  -0.0000174155   0.0000037751   0.0000148479
        0.0000613702  -0.0000362875  -0.0000321522  -0.0000310999   0.0000168756
       -0.0001254482   0.0001466791  -0.0002369864   0.0000310653   0.0000129086
        0.0002267625  -0.0005075533   0.0003753228  -0.0005946600  -0.0003717881
        0.0004933161   0.0002749277   0.0010609101  -0.0015813580   0.0014436558
       -0.0049856552  -0.0007192055   0.0012173793  -0.0534248913  -0.0492818127
        0.0052654929  -0.0246808684  -0.0048165245   0.0051624787
        0.0000335491  -0.0000043150  -0.0000000199  -0.0002205679  -0.0002951079
       -0.0000510654  -0.0000005332   0.0001533894   0.0000301765   0.0000144350
       -0.0000657350  -0.0000173122  -0.0016186431  -0.0013463789   0.0004742308
        0.0000430863   0.0000406959  -0.0000667061   0.0001079800   0.0006121736
        0.0003364421   0.0012897868  -0.0049708841  -0.0006427837  -0.0336252396
       -0.0096242959   0.0074074953   0.0133504874   0.0000182690  -0.0025381519
        0.0077102407  -0.0511413868  -0.0006625733   0.1473699097  -0.1952717824
       -0.0265546606  -0.0051907249   0.0105746360   0.0009444931   0.0183892433
        0.6648506320  -0.0181321411  -0.1136591972  -0.1195893685   0.0253065242
       -0.0000045796   0.0000098714  -0.0000018058  -0.0000062995  -0.0000087845
       -0.0000019558  -0.0000044331  -0.0000071917   0.0000019436   0.0000218859
        0.0000467674   0.0000029301  -0.0000127903  -0.0000207623  -0.0000119523
       -0.0000290519  -0.0000416381  -0.0000144786  -0.0000222002  -0.0000386131
        0.0000427611   0.0000292392  -0.0003974549   0.0001692450   0.0000903307
        0.0008621541  -0.0000232921  -0.0009081572  -0.0058927465   0.0003144752
       -0.0019852707  -0.0003259829   0.0004413358  -0.0499144140  -0.2931404907
        0.0172725225   0.0187519283   0.0050143302  -0.0040256766
        0.0000177472  -0.0000038884   0.0000242310   0.0000323119  -0.0000256658
       -0.0000882265  -0.0000049867   0.0000359861   0.0000420920   0.0001695015
        0.0001359234   0.0000055115   0.0003924837   0.0004825531   0.0012185991
       -0.0000251800  -0.0002856881  -0.0000069924   0.0001479743   0.0001412828
        0.0000558465   0.0002084918  -0.0000083031   0.0036674351  -0.0005964618
        0.0185752337  -0.0014676315   0.0114501142  -0.0023842854  -0.0047941320
       -0.0087324708  -0.0120636979   0.0022725740   0.0272878542  -0.0096850019
       -0.0551379216   0.0096535861  -0.0049845894   0.0013561749  -0.1131011834
       -0.0181321411   0.1317513944   0.0597647646   0.0104267522  -0.0512520701
        0.0000031797  -0.0000021529   0.0000006145   0.0000113046   0.0000025995
       -0.0000003245  -0.0000076716   0.0000056372  -0.0000061697   0.0000333367
       -0.0000545807   0.0000720419  -0.0000304592   0.0000090472   0.0000299221
        0.0000380358  -0.0000742997   0.0000399495  -0.0000424179   0.0000251084
       -0.0000274794   0.0005246503  -0.0005082487   0.0001346856   0.0000760755
       -0.0001313999  -0.0000934120   0.0013221070   0.0004743034   0.0065991529
        0.0013190833   0.0001448354   0.0009300896   0.0055050748   0.0170220197
       -0.0340571364   0.0045831542   0.0008626609  -0.0012688187
       -0.0003592648  -0.0000904221  -0.0000545137   0.0003629932   0.0012334976
        0.0002748838   0.0000292263  -0.0006235600  -0.0001094535  -0.0020856137
       -0.0021263262   0.0000186912  -0.0037257812   0.0020374101   0.0025659298
       -0.0000434287  -0.0010467170  -0.0001038946   0.0005998546  -0.0010157480
       -0.0007416564  -0.0202821872  -0.0415920627   0.0061965453  -0.0936890048
        0.0038002556   0.0091790620   0.0404198482   0.0090000234  -0.0079373848
       -0.0254131408  -0.0323218406   0.0052216366  -0.0567245400   0.0521994676
        0.0103083485  -0.0032464348   0.0012942857   0.0017246201  -0.3152098061
       -0.1136591972   0.0597647646   0.6671589220   0.0019610793  -0.1175643793
       -0.0000619934  -0.0000029244   0.0000086679   0.0000204391  -0.0000072441
        0.0000125367   0.0000446509  -0.0000218714  -0.0000161045   0.0000721446
       -0.0002502306   0.0002547076   0.0000138891   0.0000089046  -0.0001461054
       -0.0000035798  -0.0000601584   0.0001764404   0.0000105075   0.0001512546
       -0.0001366237   0.0014314428  -0.0030148992   0.0001400667  -0.0027315801
        0.0035105380   0.0017559105   0.0002064295  -0.0009185268  -0.0002187844
       -0.0009788501  -0.0007745871   0.0004578813  -0.0065850049  -0.0039872486
        0.0016031042  -0.1792301373   0.1263168478   0.0273651029
       -0.0002153930  -0.0000704576  -0.0000279985   0.0005039849   0.0007982233
        0.0001664867  -0.0000494120  -0.0003643291  -0.0000795569  -0.0010484069
       -0.0010685223   0.0000559863  -0.0011239567   0.0028171442   0.0007140492
        0.0001387744  -0.0005193651  -0.0001340804   0.0005830992  -0.0011098036
       -0.0008506578  -0.0194002531  -0.0220969312   0.0067337960  -0.0698520770
       -0.2924547157   0.0223555568   0.0594431309  -0.0484521500  -0.0116838996
       -0.0308443441  -0.0341397667   0.0070437090  -0.0014183292   0.0555637085
       -0.0008468509  -0.0001207072  -0.0058793190   0.0002921081  -0.0433058253
       -0.1195893685   0.0104267522   0.0019610793   0.6404437269  -0.0159448971
       -0.0000348839  -0.0000196274   0.0000016199   0.0000200659   0.0000197687
        0.0000303957   0.0000400947   0.0000058263  -0.0000301374   0.0000990191
       -0.0001084286   0.0001408495  -0.0000354839   0.0000337191  -0.0001695102
        0.0001120315  -0.0002520968   0.0001369527   0.0000834630   0.0001533439
       -0.0002192639   0.0022928401   0.0006656569  -0.0005298917   0.0029173930
       -0.0021252025  -0.0005036702  -0.0007672121   0.0001555648   0.0000968309
        0.0016670915  -0.0004298130  -0.0002584196  -0.0271425697  -0.0120646255
        0.0060136779   0.1254967866  -0.1599121600  -0.0229299366
        0.0000975749   0.0000321417   0.0000251909  -0.0001017877  -0.0003098123
       -0.0001606702  -0.0000045261   0.0001582740   0.0000355501   0.0006216697
        0.0005679839   0.0000890798   0.0006858487  -0.0013730998   0.0001898019
       -0.0000338795  -0.0000020071   0.0000642032   0.0000969513   0.0006534227
        0.0003353356   0.0068626660   0.0111434502   0.0017387620   0.0098897396
        0.0071603733  -0.0516874028  -0.0088249640  -0.0010982726   0.0023469023
        0.0050893061   0.0071411773  -0.0041664897   0.0110669104  -0.0117991571
       -0.0037475972   0.0019664739   0.0000880318   0.0047263119   0.0590480482
        0.0253065242  -0.0512520701  -0.1175643793  -0.0159448971   0.1321377728
        0.0000166956   0.0000007662  -0.0000056418   0.0000070993   0.0000113733
       -0.0000020179  -0.0000204463   0.0000022620   0.0000031437  -0.0000380132
        0.0000175095   0.0000026223  -0.0000436250  -0.0000266631   0.0000744457
        0.0000085978  -0.0000268749  -0.0001183679  -0.0000622129  -0.0000608439
        0.0000693548  -0.0000808622   0.0007910423  -0.0003846060   0.0019681003
       -0.0008006987   0.0065908456  -0.0000412312   0.0001833332  -0.0000595538
        0.0003443813   0.0002005185   0.0009570583   0.0019538916   0.0011214437
       -0.0008108547   0.0270919725  -0.0231373012  -0.0369911086
       -0.1284750529  -0.1171243590   0.0050086062  -0.0212706665  -0.0229989671
        0.0016426865   0.0035885416  -0.0016727685  -0.0010917056  -0.0091846996
        0.0006799405   0.0005402871  -0.0001287382  -0.0013965392  -0.0006405588
       -0.0001382662   0.0000733600  -0.0000517137   0.0001384526   0.0002844923
        0.0001937542  -0.0005699544  -0.0000994427   0.0000525958   0.0001086844
       -0.0000277776  -0.0000356519  -0.0000315007  -0.0000133418   0.0000026387
       -0.0000152486  -0.0000129190   0.0000043808   0.0000046704  -0.0000001548
       -0.0000022139   0.0000066168  -0.0000044234  -0.0000010627   0.0000002724
       -0.0000045796   0.0000031797  -0.0000619934  -0.0000348839   0.0000166956
        0.1496500602   0.1380789748  -0.0049899891   0.0046098381   0.0038048180
        0.0002504235   0.0019288307   0.0004910658  -0.0009712709  -0.0000673853
       -0.0000365308   0.0000081853   0.0000100522  -0.0000095831   0.0000632860
        0.0000345074   0.0000344330  -0.0000187056  -0.0001203061  -0.0001141415
        0.0000311234  -0.0000347236   0.0000960030  -0.0000119703   0.0000152098
       -0.0000133590  -0.0000056070   0.0000021776  -0.0000026880  -0.0000027352
       -0.0000059612   0.0000043344   0.0000019169   0.0000011247  -0.0000001557
        0.0000017344   0.0000054578   0.0000191929   0.0000016908
       -0.1202591338  -0.2083675221   0.0046248391   0.0006566256   0.0056580793
       -0.0002941537   0.0002412962   0.0007905798   0.0003257075   0.0016557807
        0.0006412723  -0.0000303790   0.0007357048   0.0001645477   0.0000428031
        0.0000141081   0.0000095987  -0.0000176815  -0.0000835034   0.0000552099
        0.0000982280  -0.0000292161  -0.0000114968   0.0000622019   0.0001654539
        0.0000651142  -0.0000462602  -0.0000236206  -0.0000032341   0.0000024865
       -0.0000069477  -0.0000033783  -0.0000007755   0.0000524906   0.0000223796
       -0.0000091717  -0.0000606598  -0.0000303372   0.0000154978   0.0000008734
        0.0000098714  -0.0000021529  -0.0000029244  -0.0000196274   0.0000007662
        0.1380789748   0.2338210003  -0.0063609001  -0.0108642417  -0.0172673234
        0.0032366533  -0.0102931454  -0.0156411584  -0.0015861434  -0.0000298990
        0.0000462228  -0.0000185625   0.0000104306  -0.0000196251  -0.0000017405
        0.0000083455   0.0000118012  -0.0000109713  -0.0000362564   0.0000142339
        0.0000158117   0.0000740789   0.0000330271  -0.0000487718  -0.0000068026
        0.0000111760   0.0000040947  -0.0000132496   0.0000031424   0.0000056788
        0.0000021521   0.0000104976  -0.0000037150   0.0000025708  -0.0000069115
       -0.0000011313   0.0000107146   0.0000028598  -0.0000022584
        0.0051272898   0.0039443053  -0.0430412939   0.0003010751   0.0030002427
       -0.0000262722  -0.0002035058  -0.0003302169  -0.0008723447   0.0010043044
        0.0001545045   0.0011669179  -0.0001780897   0.0000022447   0.0006364635
        0.0001301438  -0.0000267366  -0.0000080845  -0.0000825317  -0.0000037479
       -0.0000422462   0.0000229029   0.0000104730   0.0000078876  -0.0000290130
       -0.0000079572  -0.0000021444   0.0000072340   0.0000000646  -0.0000015394
        0.0000098988   0.0000069935  -0.0000005011  -0.0000043833  -0.0000008839
       -0.0000058254  -0.0000014234   0.0000022912   0.0000102649   0.0000009730
       -0.0000018058   0.0000006145   0.0000086679   0.0000016199  -0.0000056418
       -0.0049899891  -0.0063609001   0.0441876334   0.0135573511   0.0209778821
       -0.0018457259  -0.0146503061  -0.0213413326  -0.0002212950  -0.0000235468
        0.0000057428   0.0000149470   0.0000212641  -0.0000176292  -0.0000004776
        0.0000179305  -0.0000175695   0.0000212881  -0.0000187160   0.0000239593
        0.0000545244  -0.0000208379  -0.0000162347  -0.0000303179  -0.0000035491
        0.0000019863   0.0000053145  -0.0000026452  -0.0000015743   0.0000020290
        0.0000016594  -0.0000053583  -0.0000031723  -0.0000001343   0.0000012088
        0.0000014376  -0.0000020234  -0.0000015716  -0.0000024404
       -0.0524505835   0.0331249598  -0.0500011293  -0.0092301935   0.0183722240
       -0.0237556578  -0.0038028636   0.0015772182   0.0031912724  -0.0008045711
       -0.0008750356   0.0014365829  -0.0003478703   0.0000059501   0.0006786789
        0.0000644510  -0.0000938466   0.0000327758   0.0000159331  -0.0001664876
       -0.0000015232   0.0001145502   0.0000631129   0.0000765795  -0.0001068050
       -0.0000371908  -0.0000531769   0.0000294620   0.0000046836   0.0000055953
       -0.0000007840   0.0000010350   0.0000106604  -0.0000497666  -0.0000304221
        0.0000062994   0.0000789367   0.0000278641  -0.0000169365   0.0000015716
       -0.0000062995   0.0000113046   0.0000204391   0.0000200659   0.0000070993
        0.0046098381  -0.0108642417   0.0135573511   0.0591789036  -0.0395149735
        0.0535843064   0.0026505071  -0.0015477997   0.0012566768   0.0000535301
       -0.0000511789   0.0000074976   0.0000213667   0.0000304033   0.0000508632
        0.0000389831  -0.0000398556   0.0000625966   0.0001021276   0.0000825780
       -0.0000531488  -0.0001920488  -0.0000767117  -0.0000672923   0.0000030392
        0.0000036448  -0.0000128673   0.0000150414  -0.0000009619  -0.0000055662
       -0.0000114792   0.0000019228   0.0000006447   0.0000065858   0.0000056515
       -0.0000022780  -0.0000083009  -0.0000163091  -0.0000072088
        0.0303649960  -0.1189377909   0.1144552800   0.0092855188  -0.0074051623
        0.0075819597   0.0014998404   0.0002488367  -0.0018039400  -0.0015508941
       -0.0012183150   0.0000756616   0.0001692329   0.0001966171  -0.0001862948
       -0.0001431980   0.0000128962  -0.0000330026  -0.0001292928   0.0000391668
        0.0000106881  -0.0000598301  -0.0000754433  -0.0000371853   0.0000038988
       -0.0000148539   0.0000241145  -0.0000272764  -0.0000028363   0.0000002015
        0.0000185758   0.0000018819  -0.0000143065  -0.0000072074  -0.0000156082
        0.0000135815   0.0000119387  -0.0000078345   0.0000031909  -0.0000169964
       -0.0000087845   0.0000025995  -0.0000072441   0.0000197687   0.0000113733
        0.0038048180  -0.0172673234   0.0209778821  -0.0395149735   0.1353767472
       -0.1291032705  -0.0035763761   0.0090597335  -0.0119678631  -0.0000181034
       -0.0000143648   0.0000286070   0.0000067561  -0.0000066559   0.0000006703
       -0.0000314936   0.0000274470  -0.0000368365   0.0000385729  -0.0000676921
        0.0000215467  -0.0001360913   0.0000771905  -0.0000360114   0.0000153821
       -0.0000029253   0.0000035856  -0.0000016224  -0.0000009142   0.0000035335
        0.0000017846  -0.0000008236  -0.0000037176   0.0000001612  -0.0000055311
        0.0000051911  -0.0000008768  -0.0000074263   0.0000027613
       -0.0461801120   0.1122808410  -0.1894667052  -0.0019139600   0.0018957448
        0.0014804350   0.0007446175  -0.0010847637  -0.0009990149  -0.0005508432
       -0.0007613485   0.0005081048   0.0001706911   0.0000787332   0.0000257540
        0.0001054053  -0.0000483143   0.0000262946   0.0000593286  -0.0000697592
       -0.0000822936   0.0000821391   0.0000005329  -0.0000303769   0.0000180286
       -0.0000178310   0.0000038888   0.0000139266  -0.0000029672  -0.0000006735
        0.0000164379   0.0000034452  -0.0000103100   0.0000089783  -0.0000068217
        0.0000018614   0.0000071237   0.0000051098   0.0000087856  -0.0000069350
       -0.0000019558  -0.0000003245   0.0000125367   0.0000303957  -0.0000020179
        0.0002504235   0.0032366533  -0.0018457259   0.0535843064  -0.1291032705
        0.2169540697  -0.0064228750   0.0136488645  -0.0266261579   0.0000221955
       -0.0000127100  -0.0000082459   0.0000448145   0.0000325623  -0.0000161295
        0.0000245145  -0.0000226064   0.0000233897   0.0000072152  -0.0000072473
        0.0000173250  -0.0001027164  -0.0000586357   0.0000403282   0.0000008272
        0.0000082207   0.0000024840   0.0000066631  -0.0000000468  -0.0000026052
       -0.0000020866  -0.0000081757  -0.0000088331   0.0000027252   0.0000020281
        0.0000020893  -0.0000033703  -0.0000166778   0.0000046038
       -0.0423946489   0.0100126090   0.0223343647  -0.0030152453   0.0150134440
        0.0250626076  -0.0064860336   0.0045403942  -0.0010607336  -0.0001618410
       -0.0000645000  -0.0012538711  -0.0001917648   0.0002845546  -0.0001933169
        0.0000203693   0.0000066265  -0.0000235528   0.0002032317   0.0000726271
       -0.0001257537   0.0003469404   0.0000819310  -0.0002480451  -0.0001639737
       -0.0000190669   0.0001070486   0.0000407832  -0.0000139885  -0.0000137491
       -0.0000036028   0.0000025224  -0.0000058690  -0.0000625035  -0.0000352336
        0.0000164698   0.0000969318   0.0000401602  -0.0000187178  -0.0000016200
       -0.0000044331  -0.0000076716   0.0000446509   0.0000400947  -0.0000204463
        0.0019288307  -0.0102931454  -0.0146503061   0.0026505071  -0.0035763761
       -0.0064228750   0.0473534983  -0.0159471065  -0.0236121147   0.0000204185
        0.0000414432   0.0000935396  -0.0001437000  -0.0000276857  -0.0000819319
        0.0000682233  -0.0000168103  -0.0000236090  -0.0000947963  -0.0000952894
        0.0000007148  -0.0000644668  -0.0000396409   0.0001338167   0.0000068380
        0.0000057423   0.0000094486   0.0000171109  -0.0000010063  -0.0000021292
       -0.0000112102  -0.0000040348   0.0000020623   0.0000075087   0.0000090374
       -0.0000019514  -0.0000104361  -0.0000128692   0.0000065717
        0.0083896242  -0.1132898248  -0.1161787846   0.0084154597  -0.0073549615
       -0.0089534798   0.0024477372  -0.0001719513   0.0006731829  -0.0020761378
       -0.0011590775  -0.0000936875   0.0002845997   0.0000925229   0.0000555925
       -0.0001330875  -0.0000175292   0.0000210871  -0.0002666396  -0.0000263169
        0.0001988968  -0.0001604618  -0.0001036295   0.0000211584   0.0000459593
       -0.0000039877  -0.0000128678  -0.0000351124   0.0000029704   0.0000131188
        0.0000233907   0.0000048340  -0.0000022206   0.0000079848  -0.0000140679
       -0.0000089698  -0.0000089942  -0.0000167937   0.0000051071  -0.0000174155
       -0.0000071917   0.0000056372  -0.0000218714   0.0000058263   0.0000022620
        0.0004910658  -0.0156411584  -0.0213413326  -0.0015477997   0.0090597335
        0.0136488645  -0.0159471065   0.1285817346   0.1319912033   0.0000528498
       -0.0000847317  -0.0000424701   0.0000518674   0.0000704886   0.0000489442
       -0.0000546168   0.0000120701   0.0000067924   0.0001102677   0.0000058013
       -0.0000789406  -0.0000574375   0.0000662154   0.0000299750   0.0000159084
       -0.0000062096  -0.0000091204  -0.0000075079   0.0000000462   0.0000011086
        0.0000023598   0.0000077875  -0.0000046138  -0.0000018038  -0.0000054272
        0.0000006966  -0.0000030821  -0.0000071724   0.0000028600
        0.0213027215  -0.1150276974  -0.2121531815   0.0015703729  -0.0046449473
       -0.0042086155   0.0006411592   0.0000703832   0.0002845255   0.0004942675
        0.0010782579   0.0005996481  -0.0002418331  -0.0001208763   0.0000652511
       -0.0000612429   0.0000474204  -0.0000218758  -0.0001394833   0.0000844955
        0.0001314761  -0.0001382026  -0.0000224737   0.0000341305   0.0000166815
        0.0000095578   0.0000109664  -0.0000180400  -0.0000017077   0.0000046717
       -0.0000045570  -0.0000028551  -0.0000031778  -0.0000017411   0.0000227027
        0.0000028781  -0.0000285419  -0.0000014597   0.0000200994   0.0000037751
        0.0000019436  -0.0000061697  -0.0000161045  -0.0000301374   0.0000031437
       -0.0009712709  -0.0015861434  -0.0002212950   0.0012566768  -0.0119678631
       -0.0266261579  -0.0236121147   0.1319912033   0.2421396805  -0.0000129499
       -0.0000180652  -0.0000185974  -0.0000370346   0.0000286498   0.0000702537
       -0.0000315149  -0.0000016608  -0.0000272963  -0.0000500817   0.0000082072
        0.0000055224   0.0000903083   0.0000676525  -0.0000882696   0.0000014746
        0.0000004528   0.0000042436  -0.0000091631   0.0000022861   0.0000044659
        0.0000036864  -0.0000068998  -0.0000092135  -0.0000084681  -0.0000000026
        0.0000016857   0.0000012204   0.0000195767   0.0000012077
        0.0001377816  -0.0002919360   0.0000071639  -0.0010002367   0.0022184654
       -0.0006281861  -0.0010417716  -0.0011138213  -0.0005133877   0.0006279808
       -0.0007809683   0.0001677358   0.0031223755   0.0058248024   0.0001591931
       -0.0837202901  -0.0918375878  -0.0008852647  -0.0006934204   0.0002692423
        0.0006141094   0.0001755275   0.0016602520  -0.0009630290   0.0001617345
        0.0003147908  -0.0003116070  -0.0000708766   0.0000859309   0.0002580935
        0.0000144758  -0.0000414529   0.0000182679   0.0000502455   0.0000040374
       -0.0000361830  -0.0000504156  -0.0000097239   0.0000129712   0.0000148479
        0.0000218859   0.0000333367   0.0000721446   0.0000990191  -0.0000380132
       -0.0000673853  -0.0000298990  -0.0000235468   0.0000535301  -0.0000181034
        0.0000221955   0.0000204185   0.0000528498  -0.0000129499   0.0940380573
        0.1055034132   0.0024795293   0.0042039565   0.0080475000   0.0004769018
       -0.0167197194  -0.0298344915  -0.0010105160   0.0007228269  -0.0000396421
        0.0003090847   0.0001010943   0.0002405034  -0.0001732219  -0.0001272163
       -0.0003128308   0.0000344068  -0.0000086370  -0.0000168684   0.0000139846
        0.0000047254  -0.0000063693  -0.0000025328  -0.0000075224  -0.0000023831
        0.0000052088  -0.0000142313  -0.0000066148  -0.0000137450
       -0.0000906819  -0.0000115312  -0.0000463056   0.0009552179  -0.0004587240
        0.0006085795  -0.0009596901   0.0003341243  -0.0005946369  -0.0007442736
        0.0003283593  -0.0008991900  -0.0057908507  -0.0171695669   0.0028809525
       -0.0911828894  -0.2453730747  -0.0032220063  -0.0000132933   0.0004961996
       -0.0013241800   0.0008974014  -0.0035252523   0.0034027840   0.0008239662
       -0.0000406048   0.0000103236   0.0001175995   0.0000711952  -0.0000623624
       -0.0000003633  -0.0000413239  -0.0000192129   0.0001498010   0.0001503916
       -0.0000553862  -0.0001614993  -0.0000698410   0.0000526782   0.0000613702
        0.0000467674  -0.0000545807  -0.0002502306  -0.0001084286   0.0000175095
       -0.0000365308   0.0000462228   0.0000057428  -0.0000511789  -0.0000143648
       -0.0000127100   0.0000414432  -0.0000847317  -0.0000180652   0.1055034132
        0.2827315342   0.0025559882  -0.0069108440  -0.0177662897  -0.0035646274
       -0.0018491997   0.0004652788  -0.0004574416   0.0001127034   0.0005551228
        0.0002449866  -0.0004519901  -0.0005137195   0.0004286921  -0.0001717064
       -0.0001198038   0.0001267601  -0.0000151746   0.0000063197  -0.0000022304
        0.0000068784   0.0000263490  -0.0000033982  -0.0000050448  -0.0000124625
        0.0000036337   0.0000156470   0.0000518546  -0.0000022969
        0.0002870116  -0.0002862806  -0.0001849305  -0.0008272289   0.0018707607
        0.0003893929  -0.0000489645  -0.0009337539  -0.0006461797   0.0010850367
       -0.0015604230   0.0005374006   0.0091275653   0.0215587039  -0.0007336302
       -0.0012637913  -0.0045118266  -0.0430762435  -0.0002470170   0.0000895918
        0.0013672728  -0.0013475874   0.0048484259  -0.0029230906  -0.0003315557
        0.0002168430  -0.0002899650  -0.0000722591  -0.0000345201   0.0000041425
        0.0000499035   0.0000532163   0.0000301713   0.0000694019  -0.0000393282
       -0.0000203518  -0.0000772742  -0.0000289779  -0.0000046962  -0.0000362875
        0.0000029301   0.0000720419   0.0002547076   0.0001408495   0.0000026223
        0.0000081853  -0.0000185625   0.0000149470   0.0000074976   0.0000286070
       -0.0000082459   0.0000935396  -0.0000424701  -0.0000185974   0.0024795293
        0.0025559882   0.0479707460  -0.0099454523  -0.0246516795  -0.0017064004
        0.0003677208  -0.0001663297   0.0009026861   0.0000509298   0.0000294712
       -0.0010514894   0.0003267462   0.0009284743  -0.0005875997   0.0000227993
        0.0000018398  -0.0000402429  -0.0000322411   0.0000002815   0.0000055179
        0.0000166468   0.0000041995   0.0000053164  -0.0000060438  -0.0000091792
       -0.0000016914  -0.0000115183  -0.0000468513  -0.0000089029
        0.0000103781  -0.0000418452   0.0000865080  -0.0001358713  -0.0003601057
       -0.0005473023  -0.0000162548   0.0001393786   0.0000935676   0.0010120461
       -0.0000858850  -0.0000807869   0.0017189877  -0.0027230527  -0.0054622440
       -0.0653306840   0.0378849702   0.0617195574   0.0003518891   0.0002354391
       -0.0026050086  -0.0000346388  -0.0007019261  -0.0002610489  -0.0002473233
       -0.0001612429   0.0003375465  -0.0001655273   0.0001172867   0.0002131967
       -0.0000433908  -0.0001207747  -0.0000282884  -0.0000470819  -0.0000477519
       -0.0000026437   0.0000218352   0.0000023118  -0.0000332108  -0.0000321522
       -0.0000127903  -0.0000304592   0.0000138891  -0.0000354839  -0.0000436250
        0.0000100522   0.0000104306   0.0000212641   0.0000213667   0.0000067561
        0.0000448145  -0.0001437000   0.0000518674  -0.0000370346   0.0042039565
       -0.0069108440  -0.0099454523   0.0717232619  -0.0442011207  -0.0699434761
       -0.0130280597   0.0169559286   0.0267061139  -0.0000347745   0.0000091273
       -0.0001102193   0.0000125803   0.0000224107   0.0000664858   0.0000871319
       -0.0000248849  -0.0001600166   0.0000445315   0.0000019546  -0.0000178306
       -0.0000043398  -0.0000021793  -0.0000056550   0.0000110909   0.0000037076
        0.0000051047   0.0000208012  -0.0000116820   0.0000201434
       -0.0000497015   0.0000471813   0.0000937664   0.0000251162   0.0000651952
       -0.0004286135  -0.0003136936  -0.0002771471  -0.0000364953  -0.0010276418
        0.0003470259  -0.0000913202  -0.0035846723   0.0060260843   0.0091983329
        0.0383189200  -0.1058287114  -0.1021823845   0.0002999583  -0.0000190432
        0.0045723161   0.0002795058   0.0004790508  -0.0000909079  -0.0003674497
       -0.0000687424   0.0002425843   0.0000197750  -0.0000687234  -0.0000261057
       -0.0000005466   0.0000467053   0.0000015083  -0.0001565470  -0.0001022247
        0.0000238548   0.0002023570   0.0000792589  -0.0000372684  -0.0000310999
       -0.0000207623   0.0000090472   0.0000089046   0.0000337191  -0.0000266631
       -0.0000095831  -0.0000196251  -0.0000176292   0.0000304033  -0.0000066559
        0.0000325623  -0.0000276857   0.0000704886   0.0000286498   0.0080475000
       -0.0177662897  -0.0246516795  -0.0442011207   0.1181961869   0.1162383673
        0.0021971742  -0.0012783737  -0.0031318561   0.0002426240   0.0000867731
        0.0000489843   0.0000656865  -0.0000009585   0.0002070453   0.0000266358
       -0.0000424969  -0.0000254647   0.0000166166  -0.0000102543  -0.0000192760
       -0.0000190578   0.0000074631   0.0000054715   0.0000133298   0.0000211960
        0.0000221814  -0.0000057073   0.0000036802   0.0000409923
        0.0000981506   0.0000727648   0.0000754074  -0.0007104170  -0.0007578410
       -0.0008029548  -0.0000086694   0.0004653530   0.0002726922   0.0011982141
       -0.0005472966   0.0014373294   0.0063475411  -0.0108447515  -0.0233379373
        0.0606273716  -0.1001331071  -0.2034415038  -0.0011790011   0.0014762237
       -0.0093442840  -0.0004585241  -0.0009586184   0.0019781673   0.0009732244
        0.0002746170  -0.0005628805  -0.0001113592  -0.0000427007   0.0001058764
        0.0000050497   0.0000428844   0.0000266529   0.0000707127   0.0000408107
       -0.0000255256  -0.0001570906  -0.0000519068   0.0000324132   0.0000168756
       -0.0000119523   0.0000299221  -0.0001461054  -0.0001695102   0.0000744457
        0.0000632860  -0.0000017405  -0.0000004776   0.0000508632   0.0000006703
       -0.0000161295  -0.0000819319   0.0000489442   0.0000702537   0.0004769018
       -0.0035646274  -0.0017064004  -0.0699434761   0.1162383673   0.2365560447
        0.0028829824  -0.0018747679  -0.0011345379   0.0001428558   0.0004810286
        0.0000626010  -0.0000193421  -0.0002229266  -0.0002726500  -0.0000462205
        0.0000187134  -0.0000962888  -0.0000599548  -0.0000038189   0.0000074768
        0.0000133908   0.0000012436  -0.0000007737  -0.0000283012  -0.0000140310
        0.0000162968  -0.0000170264   0.0000379758  -0.0000032356
       -0.0001231826  -0.0000144847   0.0000717106   0.0003074458   0.0007007839
        0.0001680598   0.0001274314  -0.0001489660  -0.0002589917  -0.0021103448
        0.0015312329  -0.0026482936  -0.0126660275   0.0021776305  -0.0028002481
       -0.2918102129   0.0170462870  -0.0015040616   0.0007751349  -0.0004947071
        0.0008187475   0.0000136074   0.0000761986   0.0007303486   0.0006789328
        0.0002203496  -0.0003401133  -0.0006875877  -0.0007856211   0.0007324539
       -0.0000709718  -0.0000184989  -0.0000473582  -0.0000415194  -0.0002118910
        0.0000197533  -0.0000167119   0.0000174595  -0.0000061274  -0.0001254482
       -0.0000290519   0.0000380358  -0.0000035798   0.0001120315   0.0000085978
        0.0000345074   0.0000083455   0.0000179305   0.0000389831  -0.0000314936
        0.0000245145   0.0000682233  -0.0000546168  -0.0000315149  -0.0167197194
       -0.0018491997   0.0003677208  -0.0130280597   0.0021971742   0.0028829824
        0.3358739531  -0.0198715134   0.0007169343  -0.0004103442   0.0000114704
       -0.0002730673  -0.0000018288  -0.0003363949   0.0001511204   0.0000774768
       -0.0002648337   0.0011075139  -0.0000991194  -0.0000014184   0.0000296696
       -0.0000084957  -0.0000108710   0.0000097636  -0.0000371180   0.0000046595
        0.0000046049  -0.0000354242   0.0000199391   0.0000093140
        0.0002004106   0.0001026133  -0.0000956970  -0.0001255270  -0.0007204497
        0.0001106807  -0.0003012341   0.0000347059  -0.0001425581   0.0041422227
       -0.0017963613   0.0031233571   0.0136177716  -0.0007040580   0.0007114203
        0.0165574373  -0.0424051409  -0.0000158758  -0.0002299214  -0.0002814539
       -0.0010749880   0.0002143691   0.0004397821  -0.0006904441  -0.0000871255
       -0.0004390098   0.0005147302  -0.0002077847  -0.0002137201   0.0000561737
       -0.0002932225  -0.0000445220   0.0000009771  -0.0002850459   0.0000469255
        0.0000701369   0.0002872193   0.0001272147  -0.0000750663   0.0001466791
       -0.0000416381  -0.0000742997  -0.0000601584  -0.0002520968  -0.0000268749
        0.0000344330   0.0000118012  -0.0000175695  -0.0000398556   0.0000274470
       -0.0000226064  -0.0000168103   0.0000120701  -0.0000016608  -0.0298344915
        0.0004652788  -0.0001663297   0.0169559286  -0.0012783737  -0.0018747679
       -0.0198715134   0.0457862170  -0.0009116201  -0.0003249102   0.0001128636
       -0.0000721242  -0.0000950277   0.0002254153  -0.0001098054  -0.0004836519
        0.0006454045   0.0007975143   0.0000920540   0.0000317257  -0.0000247816
       -0.0000310142  -0.0000088698   0.0000271449   0.0000322570   0.0000425222
       -0.0000149325   0.0000065117   0.0000737072  -0.0000001333
       -0.0002210304  -0.0001472071   0.0001936218  -0.0000088948   0.0011269464
       -0.0000250771   0.0004862031  -0.0002910976  -0.0002138245  -0.0055741466
        0.0031686265  -0.0039025500  -0.0224414836   0.0017298247  -0.0008554943
       -0.0009405468  -0.0006078245  -0.0414417600   0.0007899652  -0.0000870396
        0.0015932343   0.0003256386  -0.0008936165   0.0003667925  -0.0004003561
       -0.0001824718  -0.0000064260   0.0002908449   0.0013283172  -0.0001067034
        0.0001993309  -0.0002198690  -0.0000382633   0.0002278892  -0.0001100059
       -0.0000694055  -0.0003098850  -0.0001935174   0.0000358894  -0.0002369864
       -0.0000144786   0.0000399495   0.0001764404   0.0001369527  -0.0001183679
       -0.0000187056  -0.0000109713   0.0000212881   0.0000625966  -0.0000368365
        0.0000233897  -0.0000236090   0.0000067924  -0.0000272963  -0.0010105160
       -0.0004574416   0.0009026861   0.0267061139  -0.0031318561  -0.0011345379
        0.0007169343  -0.0009116201   0.0464713613  -0.0003447632   0.0000608702
       -0.0002136828   0.0000608731  -0.0001994156   0.0002424181   0.0014464320
        0.0000687244  -0.0017995941  -0.0000054309  -0.0000199511   0.0000322958
        0.0000493542   0.0000318645   0.0000276470  -0.0000091726  -0.0000420956
        0.0000091511   0.0000069109  -0.0001016033  -0.0000067417
        0.0010605168  -0.0011950261   0.0003626565  -0.0024226583   0.0079436358
        0.0029295056   0.0027544278  -0.0037458163  -0.0035343628   0.0000325814
       -0.0018311636  -0.0005743496   0.0008946404   0.0063123715  -0.0026341138
       -0.0005243348  -0.0001284021   0.0009064035  -0.0595894372  -0.1362987083
        0.0108053932   0.0017597300   0.0013081672   0.0008895571   0.0003163534
        0.0004135614   0.0002551196  -0.0000241240  -0.0001177978   0.0000676637
       -0.0000828591   0.0000986516   0.0000059466  -0.0000943494   0.0000567275
        0.0000061628  -0.0000039017   0.0000258411  -0.0000110489   0.0000310653
       -0.0000222002  -0.0000424179   0.0000105075   0.0000834630  -0.0000622129
       -0.0001203061  -0.0000362564  -0.0000187160   0.0001021276   0.0000385729
        0.0000072152  -0.0000947963   0.0001102677  -0.0000500817   0.0007228269
        0.0001127034   0.0000509298  -0.0000347745   0.0002426240   0.0001428558
       -0.0004103442  -0.0003249102  -0.0003447632   0.0565543216   0.1274900796
       -0.0088300391  -0.0000563564   0.0000463978  -0.0000261472  -0.0006411792
       -0.0005960566  -0.0003064550  -0.0000737278  -0.0000328872  -0.0000031053
       -0.0000182152  -0.0000005984  -0.0000001340  -0.0000245113  -0.0000000524
        0.0000003983  -0.0000232230   0.0000468112   0.0000081396
       -0.0001287834  -0.0005963980   0.0001817901   0.0029190320   0.0032429080
       -0.0003060710   0.0016053677  -0.0015279941  -0.0012048078  -0.0034624801
       -0.0014664726   0.0005028136   0.0000859914  -0.0199644583  -0.0105362447
       -0.0003571816   0.0005794003   0.0006101533  -0.1288081759  -0.3440620895
        0.0029403882   0.0011147105  -0.0021743645  -0.0032538395   0.0001574815
        0.0002826111   0.0001097403   0.0004430064   0.0001669822   0.0000395532
       -0.0000436859   0.0000119652   0.0000040873   0.0000113356  -0.0000174156
       -0.0000018791  -0.0001134951  -0.0000032616   0.0000060266   0.0000129086
       -0.0000386131   0.0000251084   0.0001512546   0.0001533439  -0.0000608439
       -0.0001141415   0.0000142339   0.0000239593   0.0000825780  -0.0000676921
       -0.0000072473  -0.0000952894   0.0000058013   0.0000082072  -0.0000396421
        0.0005551228   0.0000294712   0.0000091273   0.0000867731   0.0004810286
        0.0000114704   0.0001128636   0.0000608702   0.1274900796   0.3650521972
        0.0106748173  -0.0003783694  -0.0000595677  -0.0002259150  -0.0003615933
       -0.0003128508  -0.0000666179  -0.0000707686  -0.0000187753   0.0000039774
        0.0000265027  -0.0000311523  -0.0000205214  -0.0000407474  -0.0000019379
       -0.0000046257  -0.0001064926   0.0000788408  -0.0000133789
       -0.0006457618   0.0004365417  -0.0000673696   0.0017531814  -0.0023998284
        0.0006301326  -0.0024229836   0.0012080671  -0.0010662988   0.0000746693
        0.0008201530   0.0004618894  -0.0112662891  -0.0286053303  -0.0010815371
        0.0000449276  -0.0004936321   0.0016638840   0.0204744832   0.0241092885
       -0.0339935706   0.0010727956  -0.0058623422  -0.0036700833   0.0002549980
        0.0001168608   0.0000079532   0.0002715346   0.0000347687  -0.0002040435
       -0.0001155816  -0.0000761429   0.0000596945  -0.0000913643   0.0001694034
        0.0000414580   0.0000863005   0.0000451494  -0.0000710014   0.0002267625
        0.0000427611  -0.0000274794  -0.0001366237  -0.0002192639   0.0000693548
        0.0000311234   0.0000158117   0.0000545244  -0.0000531488   0.0000215467
        0.0000173250   0.0000007148  -0.0000789406   0.0000055224   0.0003090847
        0.0002449866  -0.0010514894  -0.0001102193   0.0000489843   0.0000626010
       -0.0002730673  -0.0000721242  -0.0002136828  -0.0088300391   0.0106748173
        0.0388681768  -0.0003211764  -0.0004365310  -0.0006188456  -0.0003887664
        0.0001493708   0.0001268188   0.0000393466   0.0000133602  -0.0000023092
       -0.0000175525  -0.0000039210   0.0000044566   0.0000226201   0.0000213465
       -0.0000139415   0.0000100317   0.0000748387   0.0000078606
       -0.0000827652  -0.0000021069  -0.0001063150  -0.0009223749  -0.0012328962
        0.0000224167  -0.0001056483   0.0003660981   0.0001582695   0.0011574240
       -0.0005742350  -0.0001362621   0.0070211607  -0.0026406222   0.0020133580
       -0.0006521119  -0.0015889936   0.0003878003  -0.0004831557  -0.0016401047
       -0.0006660950  -0.2068318561   0.1628471249  -0.0600019699  -0.0281323629
        0.0168347120  -0.0055123204  -0.0042816603  -0.0020428299   0.0001583706
       -0.0005172335   0.0011868234   0.0010266316  -0.0000494464  -0.0005103594
        0.0000532872   0.0005626302   0.0001174736  -0.0002220725  -0.0005075533
        0.0000292392   0.0005246503   0.0014314428   0.0022928401  -0.0000808622
       -0.0000347236   0.0000740789  -0.0000208379  -0.0001920488  -0.0001360913
       -0.0001027164  -0.0000644668  -0.0000574375   0.0000903083   0.0001010943
       -0.0004519901   0.0003267462   0.0000125803   0.0000656865  -0.0000193421
       -0.0000018288  -0.0000950277   0.0000608731  -0.0000563564  -0.0003783694
       -0.0003211764   0.2327715015  -0.1703766949   0.0627046930   0.0001545692
       -0.0004964980  -0.0001425033  -0.0002760447  -0.0001748204   0.0001281560
       -0.0000131932   0.0000395043  -0.0000221982   0.0001534115   0.0000715281
       -0.0000254353  -0.0001609839  -0.0015260316  -0.0002754539
        0.0003149251   0.0000510676  -0.0000122236  -0.0007407363  -0.0019227793
        0.0000559571   0.0000432475   0.0013421080   0.0001795609   0.0023891066
        0.0011969537  -0.0007590499   0.0174346772  -0.0241540131   0.0104039407
       -0.0017596183  -0.0037737454  -0.0001821411  -0.0009354428  -0.0010929255
       -0.0001510256   0.1549167466  -0.2011035870   0.0630747602   0.0040476983
        0.0055824444  -0.0030293037  -0.0021048507   0.0004369245   0.0004789249
       -0.0000246443  -0.0000232369   0.0001510836   0.0004554943   0.0005478656
       -0.0002507815  -0.0008033524  -0.0003742888   0.0002310497   0.0003753228
       -0.0003974549  -0.0005082487  -0.0030148992   0.0006656569   0.0007910423
        0.0000960030   0.0000330271  -0.0000162347  -0.0000767117   0.0000771905
       -0.0000586357  -0.0000396409   0.0000662154   0.0000676525   0.0002405034
       -0.0005137195   0.0009284743   0.0000224107  -0.0000009585  -0.0002229266
       -0.0003363949   0.0002254153  -0.0001994156   0.0000463978  -0.0000595677
       -0.0004365310  -0.1703766949   0.2240292661  -0.0709673102  -0.0001183435
        0.0000730496   0.0000597762  -0.0001052833  -0.0000071545   0.0000578540
        0.0001218347  -0.0000588754   0.0000140816  -0.0001130017  -0.0000795431
        0.0000665029   0.0000452472  -0.0007653350   0.0002331671
       -0.0000549558  -0.0000283386  -0.0001258900   0.0003411930   0.0008387445
        0.0006817509   0.0001392602  -0.0006936552  -0.0002080624   0.0004333218
       -0.0002163890  -0.0011249945   0.0019268633   0.0008237212   0.0007548342
        0.0008333704   0.0028154978  -0.0005094871  -0.0012002906  -0.0032412375
       -0.0022841389  -0.0810178966   0.0762236187  -0.0278045311   0.0139061900
       -0.0055596700  -0.0019911685   0.0012846789   0.0016580739   0.0008308111
        0.0012128055  -0.0002595887   0.0003938772   0.0014201990   0.0000024949
       -0.0001154539  -0.0015937774  -0.0006368623   0.0002301295  -0.0005946600
        0.0001692450   0.0001346856   0.0001400667  -0.0005298917  -0.0003846060
       -0.0000119703  -0.0000487718  -0.0000303179  -0.0000672923  -0.0000360114
        0.0000403282   0.0001338167   0.0000299750  -0.0000882696  -0.0001732219
        0.0004286921  -0.0005875997   0.0000664858   0.0002070453  -0.0002726500
        0.0001511204  -0.0001098054   0.0002424181  -0.0000261472  -0.0002259150
       -0.0006188456   0.0627046930  -0.0709673102   0.0329115228  -0.0000063812
       -0.0001813326   0.0002069428   0.0001174742   0.0000117811  -0.0000923980
        0.0001667186  -0.0000007352  -0.0000320397  -0.0000328432  -0.0000943001
       -0.0000288169  -0.0001988211  -0.0003790749  -0.0001280305
        0.0001134740  -0.0000316475  -0.0000038902  -0.0003493087  -0.0000742609
        0.0000245673   0.0002427622   0.0000946561  -0.0000324704   0.0006409041
       -0.0000900800  -0.0001174095  -0.0019643315   0.0012023559   0.0009135352
       -0.0008323031  -0.0002706912   0.0004024603  -0.0012935590  -0.0013510116
       -0.0006831825   0.0009751684  -0.0003089622  -0.0005910848   0.0043410032
        0.0215521182  -0.0006788794  -0.0494719650  -0.0444678241   0.0033629049
       -0.0072950281  -0.0279700158   0.0016513002  -0.0036744003  -0.0007955196
        0.0024683909  -0.0012713088  -0.0018129664   0.0003300709  -0.0003717881
        0.0000903307   0.0000760755  -0.0027315801   0.0029173930   0.0019681003
        0.0000152098  -0.0000068026  -0.0000035491   0.0000030392   0.0000153821
        0.0000008272   0.0000068380   0.0000159084   0.0000014746  -0.0001272163
       -0.0001717064   0.0000227993   0.0000871319   0.0000266358  -0.0000462205
        0.0000774768  -0.0004836519   0.0014464320  -0.0006411792  -0.0003615933
       -0.0003887664   0.0001545692  -0.0001183435  -0.0000063812   0.0628583667
        0.0522054098  -0.0088782610   0.0004913519  -0.0010017907  -0.0007213800
        0.0001276050  -0.0000750136  -0.0000327346  -0.0000799354   0.0000038504
       -0.0003169997  -0.0000309970   0.0012678408  -0.0001677293
       -0.0000050800   0.0000031787   0.0000043637  -0.0000758762  -0.0000001436
       -0.0000075952  -0.0000367000  -0.0001005122  -0.0000080963   0.0001474636
        0.0000265216  -0.0000419177   0.0008872081  -0.0000442952  -0.0001880024
       -0.0009750758  -0.0000822468   0.0007226734  -0.0011772234   0.0001882700
       -0.0001997137  -0.0008498216   0.0007807244   0.0004818426  -0.0025200385
       -0.0236671369   0.0006723237  -0.0436165851  -0.2996856397   0.0044339239
       -0.0045018725  -0.0132812193   0.0010994668  -0.0015142618   0.0016748453
        0.0002052563  -0.0010135221  -0.0011509071   0.0001867425   0.0004933161
        0.0008621541  -0.0001313999   0.0035105380  -0.0021252025  -0.0008006987
       -0.0000133590   0.0000111760   0.0000019863   0.0000036448  -0.0000029253
        0.0000082207   0.0000057423  -0.0000062096   0.0000004528  -0.0003128308
       -0.0001198038   0.0000018398  -0.0000248849  -0.0000424969   0.0000187134
       -0.0002648337   0.0006454045   0.0000687244  -0.0005960566  -0.0003128508
        0.0001493708  -0.0004964980   0.0000730496  -0.0001813326   0.0522054098
        0.3365228875  -0.0065389210   0.0006657789   0.0010841358  -0.0001085415
        0.0001268672   0.0000413791  -0.0000222579  -0.0000125823   0.0000516245
        0.0000266003  -0.0000388663  -0.0013437612   0.0001459758
       -0.0000283470  -0.0000004617  -0.0000260273   0.0000495290   0.0000607156
        0.0001409152   0.0000054133  -0.0000304833  -0.0001071348  -0.0001059117
       -0.0000675672  -0.0002265662   0.0000684525  -0.0000848538   0.0004388094
        0.0010697289   0.0003445743  -0.0005424451  -0.0002799730  -0.0005946337
       -0.0004210325  -0.0002482138  -0.0000937311  -0.0018359239  -0.0009443220
       -0.0033930768   0.0010243224   0.0032177046   0.0030185812  -0.0312655700
        0.0017052782   0.0063037991  -0.0002656162   0.0024392533   0.0003046222
        0.0074548788   0.0004465411   0.0004866955   0.0000107304   0.0002749277
       -0.0000232921  -0.0000934120   0.0017559105  -0.0005036702   0.0065908456
       -0.0000056070   0.0000040947   0.0000053145  -0.0000128673   0.0000035856
        0.0000024840   0.0000094486  -0.0000091204   0.0000042436   0.0000344068
        0.0001267601  -0.0000402429  -0.0001600166  -0.0000254647  -0.0000962888
        0.0011075139   0.0007975143  -0.0017995941  -0.0003064550  -0.0000666179
        0.0001268188  -0.0001425033   0.0000597762   0.0002069428  -0.0088782610
       -0.0065389210   0.0253868101  -0.0006798891   0.0001424707  -0.0027372469
       -0.0000455745   0.0000162449  -0.0000149896  -0.0002926975  -0.0000300971
       -0.0015207228  -0.0000534696  -0.0002074433  -0.0004003024
       -0.0000699550  -0.0000326998  -0.0000076740   0.0001254000   0.0001432195
        0.0000223009  -0.0000115767  -0.0000860270  -0.0000211117  -0.0000625681
       -0.0001545410   0.0000063129   0.0001606808   0.0005813233  -0.0000865172
        0.0000160952  -0.0001345593   0.0000115166   0.0000396125  -0.0000189598
       -0.0000489842  -0.0018773935   0.0009481005   0.0004855821  -0.0032322109
       -0.0026442492   0.0023753740  -0.0239535267   0.0185278337   0.0048561041
       -0.1750294828   0.1230354325   0.0292374012   0.0007269694  -0.0011760565
        0.0000124566   0.0025225696  -0.0006829796  -0.0008735146   0.0010609101
       -0.0009081572   0.0013221070   0.0002064295  -0.0007672121  -0.0000412312
        0.0000021776  -0.0000132496  -0.0000026452   0.0000150414  -0.0000016224
        0.0000066631   0.0000171109  -0.0000075079  -0.0000091631  -0.0000086370
       -0.0000151746  -0.0000322411   0.0000445315   0.0000166166  -0.0000599548
       -0.0000991194   0.0000920540  -0.0000054309  -0.0000737278  -0.0000707686
        0.0000393466  -0.0002760447  -0.0001052833   0.0001174742   0.0004913519
        0.0006657789  -0.0006798891   0.1995565006  -0.1375319719  -0.0361104115
       -0.0001154272   0.0003926134  -0.0001492150   0.0000266309  -0.0000114982
       -0.0000669541  -0.0002023418  -0.0000404542  -0.0002977015
        0.0000282436   0.0000028165   0.0000015741  -0.0000802186  -0.0000516501
       -0.0000144106   0.0000134132   0.0000070997   0.0000023745   0.0001308954
        0.0000586054  -0.0000086079  -0.0000556454  -0.0000817914   0.0000300256
       -0.0000225959   0.0000186363   0.0000065980   0.0000307271   0.0000752535
        0.0000139400  -0.0001044790   0.0002550391  -0.0000124756  -0.0021387743
        0.0005347121   0.0005698490  -0.0049976568   0.0050941116   0.0010169828
        0.1240819953  -0.1613620087  -0.0250606919   0.0229766642  -0.0224324683
       -0.0045811879   0.0016377225   0.0018895539  -0.0003779152  -0.0015813580
       -0.0058927465   0.0004743034  -0.0009185268   0.0001555648   0.0001833332
       -0.0000026880   0.0000031424  -0.0000015743  -0.0000009619  -0.0000009142
       -0.0000000468  -0.0000010063   0.0000000462   0.0000022861  -0.0000168684
        0.0000063197   0.0000002815   0.0000019546  -0.0000102543  -0.0000038189
       -0.0000014184   0.0000317257  -0.0000199511  -0.0000328872  -0.0000187753
        0.0000133602  -0.0001748204  -0.0000071545   0.0000117811  -0.0010017907
        0.0010841358   0.0001424707  -0.1375319719   0.1822205374   0.0275431207
       -0.0015073008  -0.0002186457   0.0002553033   0.0012942355  -0.0013959814
       -0.0001908114  -0.0000248825   0.0000350901   0.0000039072
        0.0000102263   0.0000047791  -0.0000145556  -0.0000138538  -0.0000225873
        0.0000386413   0.0000157529   0.0000131906  -0.0000113107   0.0000189620
        0.0000426557  -0.0000208257  -0.0000433099  -0.0001443142   0.0001092056
       -0.0000088436   0.0000440575  -0.0000284518  -0.0000112258   0.0000149562
       -0.0000576152   0.0004484274  -0.0002515163   0.0000168962   0.0023142640
        0.0007278206   0.0074604953   0.0054130333  -0.0039306485  -0.0014575913
        0.0289311105  -0.0253370253  -0.0371276771  -0.0003265371   0.0010935638
        0.0009565081  -0.0008293008   0.0000847814  -0.0014685465   0.0014436558
        0.0003144752   0.0065991529  -0.0002187844   0.0000968309  -0.0000595538
       -0.0000027352   0.0000056788   0.0000020290  -0.0000055662   0.0000035335
       -0.0000026052  -0.0000021292   0.0000011086   0.0000044659   0.0000139846
       -0.0000022304   0.0000055179  -0.0000178306  -0.0000192760   0.0000074768
        0.0000296696  -0.0000247816   0.0000322958  -0.0000031053   0.0000039774
       -0.0000023092   0.0001281560   0.0000578540  -0.0000923980  -0.0007213800
       -0.0001085415  -0.0027372469  -0.0361104115   0.0275431207   0.0300223192
       -0.0001143363  -0.0001424944  -0.0003882886  -0.0000701886  -0.0000115304
       -0.0003218996  -0.0002677042  -0.0000574382  -0.0014641284
        0.0000547818   0.0000040575  -0.0000018732  -0.0001145069  -0.0000678045
        0.0000062971   0.0000458482   0.0000428573   0.0000025670   0.0000860558
        0.0000460198  -0.0000133461  -0.0002324830  -0.0004084153   0.0000693720
        0.0000317435   0.0000771077  -0.0000461155   0.0001121406   0.0000974297
        0.0000921332   0.0014932266   0.0003814829  -0.0008094237  -0.0012394540
       -0.0004969418   0.0004549474  -0.0000317897  -0.0002114454   0.0000912458
        0.0015692524   0.0014215027  -0.0004398857  -0.0322554831   0.0210032920
        0.0057119842  -0.1733760308   0.1710172285   0.0304184663  -0.0049856552
       -0.0019852707   0.0013190833  -0.0009788501   0.0016670915   0.0003443813
       -0.0000059612   0.0000021521   0.0000016594  -0.0000114792   0.0000017846
       -0.0000020866  -0.0000112102   0.0000023598   0.0000036864   0.0000047254
        0.0000068784   0.0000166468  -0.0000043398  -0.0000190578   0.0000133908
       -0.0000084957  -0.0000310142   0.0000493542  -0.0000182152   0.0000265027
       -0.0000175525  -0.0000131932   0.0001218347   0.0001667186   0.0001276050
        0.0001268672  -0.0000455745  -0.0001154272  -0.0015073008  -0.0001143363
        0.2100383912  -0.1903312500  -0.0373243806   0.0001816062  -0.0007409366
        0.0000104861  -0.0003428023  -0.0002470121   0.0000421549
        0.0000148780  -0.0000015237  -0.0000047397  -0.0000187532  -0.0001160384
       -0.0000270652  -0.0000011557   0.0001144388   0.0000247266   0.0000566813
        0.0000912975   0.0000049750  -0.0000788666  -0.0001066679  -0.0000381536
        0.0000518750  -0.0000015804  -0.0000242508   0.0000711547   0.0000507068
        0.0000463135  -0.0001605876   0.0000395282   0.0000608171  -0.0000537569
        0.0007089464  -0.0000233126   0.0006515270  -0.0002746964  -0.0001355565
       -0.0021457520   0.0016654543   0.0004283262  -0.0024499758   0.0131811059
        0.0002049904   0.1957135843  -0.2757781780  -0.0334732562  -0.0007192055
       -0.0003259829   0.0001448354  -0.0007745871  -0.0004298130   0.0002005185
        0.0000043344   0.0000104976  -0.0000053583   0.0000019228  -0.0000008236
       -0.0000081757  -0.0000040348   0.0000077875  -0.0000068998  -0.0000063693
        0.0000263490   0.0000041995  -0.0000021793   0.0000074631   0.0000012436
       -0.0000108710  -0.0000088698   0.0000318645  -0.0000005984  -0.0000311523
       -0.0000039210   0.0000395043  -0.0000588754  -0.0000007352  -0.0000750136
        0.0000413791   0.0000162449   0.0003926134  -0.0002186457  -0.0001424944
       -0.1903312500   0.2606525348   0.0327212656  -0.0002056551   0.0006889160
        0.0000200570   0.0000405367   0.0000664425  -0.0000164588
       -0.0000142486  -0.0000052678  -0.0000279971   0.0000399926   0.0000127869
        0.0000500784   0.0000050987  -0.0000101495  -0.0000096838  -0.0000168337
       -0.0000191583  -0.0000246216   0.0000427812   0.0000712995   0.0000113230
       -0.0000268352  -0.0000059546  -0.0000173991  -0.0000236927   0.0000007879
       -0.0000224741  -0.0002387851  -0.0000871559  -0.0000854612   0.0002304731
        0.0000361129   0.0002221767   0.0000410967   0.0000417119   0.0001604426
       -0.0003521510  -0.0003272568  -0.0008173372   0.0063472911  -0.0045239722
       -0.0024849871   0.0297961581  -0.0284951382  -0.0098442242   0.0012173793
        0.0004413358   0.0009300896   0.0004578813  -0.0002584196   0.0009570583
        0.0000019169  -0.0000037150  -0.0000031723   0.0000006447  -0.0000037176
       -0.0000088331   0.0000020623  -0.0000046138  -0.0000092135  -0.0000025328
       -0.0000033982   0.0000053164  -0.0000056550   0.0000054715  -0.0000007737
        0.0000097636   0.0000271449   0.0000276470  -0.0000001340  -0.0000205214
        0.0000044566  -0.0000221982   0.0000140816  -0.0000320397  -0.0000327346
       -0.0000222579  -0.0000149896  -0.0001492150   0.0002553033  -0.0003882886
       -0.0373243806   0.0327212656   0.0114919282  -0.0000138028   0.0001236450
        0.0000846022   0.0000306598   0.0000397500  -0.0001536232
       -0.0000433400  -0.0000061274  -0.0000040990   0.0000185618   0.0000161421
        0.0000022883  -0.0000169999  -0.0000180075  -0.0000021396  -0.0000835678
       -0.0001281578   0.0000041753  -0.0002885110   0.0000212048   0.0000777430
        0.0000000802  -0.0000754685   0.0000104766   0.0000018402   0.0000367529
       -0.0000021859  -0.0004854832  -0.0015040145   0.0002508353  -0.0040704247
       -0.0010657274   0.0026160623  -0.0005035011   0.0000880401   0.0000805433
       -0.0027796829   0.0030473049   0.0019230600   0.0046850763   0.0216346109
       -0.0011812404   0.0015862987  -0.0006942579  -0.0009078709  -0.0534248913
       -0.0499144140   0.0055050748  -0.0065850049  -0.0271425697   0.0019538916
        0.0000011247   0.0000025708  -0.0000001343   0.0000065858   0.0000001612
        0.0000027252   0.0000075087  -0.0000018038  -0.0000084681  -0.0000075224
       -0.0000050448  -0.0000060438   0.0000110909   0.0000133298  -0.0000283012
       -0.0000371180   0.0000322570  -0.0000091726  -0.0000245113  -0.0000407474
        0.0000226201   0.0001534115  -0.0001130017  -0.0000328432  -0.0000799354
       -0.0000125823  -0.0002926975   0.0000266309   0.0012942355  -0.0000701886
        0.0001816062  -0.0002056551  -0.0000138028   0.0611278227   0.0556428993
       -0.0091447019   0.0006228551  -0.0009019294  -0.0007456061
       -0.0000599711  -0.0000150615  -0.0000018136   0.0000853857   0.0001381250
        0.0000259836  -0.0000214329  -0.0000871517  -0.0000119588  -0.0001543364
       -0.0001365752  -0.0000004795   0.0000754742   0.0004221695   0.0000554596
       -0.0000431450  -0.0000782320   0.0000430183  -0.0000789096  -0.0000916499
       -0.0000859444  -0.0005307494  -0.0009599256   0.0002946383  -0.0014818469
        0.0013339158   0.0004981293   0.0003211359   0.0008945818  -0.0001013603
        0.0036561551  -0.0021760115  -0.0005340276  -0.0038302450  -0.0250019353
        0.0015167838  -0.0002276306   0.0013162538  -0.0000351088  -0.0492818127
       -0.2931404907   0.0170220197  -0.0039872486  -0.0120646255   0.0011214437
       -0.0000001557  -0.0000069115   0.0000012088   0.0000056515  -0.0000055311
        0.0000020281   0.0000090374  -0.0000054272  -0.0000000026  -0.0000023831
       -0.0000124625  -0.0000091792   0.0000037076   0.0000211960  -0.0000140310
        0.0000046595   0.0000425222  -0.0000420956  -0.0000000524  -0.0000019379
        0.0000213465   0.0000715281  -0.0000795431  -0.0000943001   0.0000038504
        0.0000516245  -0.0000300971  -0.0000114982  -0.0013959814  -0.0000115304
       -0.0007409366   0.0006889160   0.0001236450   0.0556428993   0.3293419894
       -0.0195012582   0.0005728695   0.0010081596  -0.0002525173
        0.0000125387   0.0000071341   0.0000100886   0.0000053969  -0.0000057166
       -0.0000143610  -0.0000020300   0.0000217534   0.0000114224  -0.0000017208
        0.0000093083  -0.0000065650   0.0000638403   0.0000399330  -0.0000774555
        0.0000115143   0.0000276783  -0.0000170262  -0.0000173467  -0.0000310822
       -0.0000140923   0.0001296038   0.0002015638   0.0001306353   0.0027098197
        0.0002462921   0.0077813943  -0.0000712753  -0.0000406843  -0.0000976407
        0.0018886155  -0.0003875070   0.0065253308  -0.0002569917  -0.0038480408
        0.0020286452  -0.0010350754   0.0000033896  -0.0026946031   0.0052654929
        0.0172725225  -0.0340571364   0.0016031042   0.0060136779  -0.0008108547
        0.0000017344  -0.0000011313   0.0000014376  -0.0000022780   0.0000051911
        0.0000020893  -0.0000019514   0.0000006966   0.0000016857   0.0000052088
        0.0000036337  -0.0000016914   0.0000051047   0.0000221814   0.0000162968
        0.0000046049  -0.0000149325   0.0000091511   0.0000003983  -0.0000046257
       -0.0000139415  -0.0000254353   0.0000665029  -0.0000288169  -0.0003169997
        0.0000266003  -0.0015207228  -0.0000669541  -0.0001908114  -0.0003218996
        0.0000104861   0.0000200570   0.0000846022  -0.0091447019  -0.0195012582
        0.0259547493  -0.0007747036   0.0000376740  -0.0028807215
        0.0000272551   0.0000058236   0.0000031975  -0.0001169172  -0.0003419719
       -0.0000714057  -0.0000179645   0.0002049618   0.0000327796   0.0002076524
        0.0002050590   0.0000176041  -0.0002998136  -0.0006649162  -0.0000909478
        0.0000335049   0.0000003924  -0.0000227424   0.0000492899   0.0002286882
        0.0001322423   0.0017736950  -0.0013973446  -0.0005164094   0.0010078306
       -0.0006389309   0.0002860816   0.0008933193  -0.0007305019   0.0011617390
        0.0002770046  -0.0006901148  -0.0000651022  -0.0028632462  -0.0025729385
        0.0024445996  -0.0021492045   0.0008914497   0.0004496567  -0.0246808684
        0.0187519283   0.0045831542  -0.1792301373   0.1254967866   0.0270919725
        0.0000054578   0.0000107146  -0.0000020234  -0.0000083009  -0.0000008768
       -0.0000033703  -0.0000104361  -0.0000030821   0.0000012204  -0.0000142313
        0.0000156470  -0.0000115183   0.0000208012  -0.0000057073  -0.0000170264
       -0.0000354242   0.0000065117   0.0000069109  -0.0000232230  -0.0001064926
        0.0000100317  -0.0001609839   0.0000452472  -0.0001988211  -0.0000309970
       -0.0000388663  -0.0000534696  -0.0002023418  -0.0000248825  -0.0002677042
       -0.0003428023   0.0000405367   0.0000306598   0.0006228551   0.0005728695
       -0.0007747036   0.2052682265  -0.1392599901  -0.0341566053
        0.0000105984   0.0000256625   0.0000010862   0.0000275506  -0.0000758281
        0.0000041394  -0.0000056040   0.0000472520   0.0000095225  -0.0000066929
        0.0001432033  -0.0000151746   0.0003529916   0.0002854068  -0.0001350529
       -0.0000525838   0.0000794559   0.0000541452  -0.0001768809   0.0001052426
       -0.0000048714   0.0012599464   0.0011486100   0.0000207872   0.0223669279
       -0.0219984415  -0.0039412260  -0.0016120875  -0.0057598982   0.0006458570
       -0.0009499013   0.0001433574   0.0001945273  -0.0020186196   0.0006261045
        0.0007086515  -0.0000268598   0.0001910542   0.0000033757  -0.0048165245
        0.0050143302   0.0008626609   0.1263168478  -0.1599121600  -0.0231373012
        0.0000191929   0.0000028598  -0.0000015716  -0.0000163091  -0.0000074263
       -0.0000166778  -0.0000128692  -0.0000071724   0.0000195767  -0.0000066148
        0.0000518546  -0.0000468513  -0.0000116820   0.0000036802   0.0000379758
        0.0000199391   0.0000737072  -0.0001016033   0.0000468112   0.0000788408
        0.0000748387  -0.0015260316  -0.0007653350  -0.0003790749   0.0012678408
       -0.0013437612  -0.0002074433  -0.0000404542   0.0000350901  -0.0000574382
       -0.0002470121   0.0000664425   0.0000397500  -0.0009019294   0.0010081596
        0.0000376740  -0.1392599901   0.1807397083   0.0253297182
        0.0000028085   0.0000047543   0.0000045137  -0.0000043466   0.0000256402
        0.0000262642   0.0000027570  -0.0000012334  -0.0000146006  -0.0000611776
       -0.0000713812  -0.0000641393  -0.0000809901  -0.0000774811   0.0001272705
        0.0000045894   0.0000471965  -0.0000344536  -0.0000196926   0.0000147942
       -0.0000866349   0.0003354967   0.0000861813  -0.0017951356  -0.0014169437
        0.0002326823   0.0015673776   0.0014559852   0.0005645823   0.0062005465
       -0.0000109518   0.0000674465   0.0000053386   0.0023977787   0.0007709152
        0.0080443552   0.0004431408  -0.0001808220   0.0001124967   0.0051624787
       -0.0040256766  -0.0012688187   0.0273651029  -0.0229299366  -0.0369911086
        0.0000016908  -0.0000022584  -0.0000024404  -0.0000072088   0.0000027613
        0.0000046038   0.0000065717   0.0000028600   0.0000012077  -0.0000137450
       -0.0000022969  -0.0000089029   0.0000201434   0.0000409923  -0.0000032356
        0.0000093140  -0.0000001333  -0.0000067417   0.0000081396  -0.0000133789
        0.0000078606  -0.0002754539   0.0002331671  -0.0001280305  -0.0001677293
        0.0001459758  -0.0004003024  -0.0002977015   0.0000039072  -0.0014641284
        0.0000421549  -0.0000164588  -0.0001536232  -0.0007456061  -0.0002525173
       -0.0028807215  -0.0341566053   0.0253297182   0.0292011827
