29
 energy: -47.408969809772 gnorm: 0.330116889097 xtb: 6.7.1 (edcfbbe)
O            4.00605401410000        3.62591243160000       -2.97317683270000
O            4.28874014420000        1.46859740770000       -3.28154233940000
O            3.31528124800000        5.83819323230000       -3.14045343710000
C            4.53689000110000        2.45824149310000       -2.60513569210000
C            4.11683512580000        4.94977738250000       -2.39177229450000
C            5.41117588240000        2.20175775240000       -1.40707444430000
C            5.54972560070000        5.49501283760000       -2.55783482420000
H            4.80661176940000        1.70954055110000       -0.61584665810000
H            5.89759347560000        3.07756024450000       -0.94133382120000
H            6.24406835630000        1.51722793130000       -1.67690106330000
H            5.62665104800000        6.56174061750000       -2.25117379000000
H            6.32113461260000        4.95699061500000       -1.97940250410000
H            2.94127265980000        9.17392893370000        3.50553789450000
H            2.35915955480000        5.57502747740000       -3.07817715890000
O            2.96926121910000        9.32113343460000        2.52662739890000
N            3.63269509030000        4.96145210250000       -0.99786120160000
C            3.53958503500000        6.26553597950000       -0.33977979380000
C            4.61944471830000        6.47144582430000        0.73405586290000
C            2.13750931270000        6.45075009520000        0.25100142890000
C            3.08471542140000        8.03989952260000        1.98311078580000
C            4.48072923500000        7.84799125390000        1.38408993410000
C            1.99751205250000        7.81561345060000        0.92838821370000
H            5.63160848050000        6.37699929490000        0.28814959760000
H            1.35834700580000        6.35368795720000       -0.53609739530000
H            5.24402529990000        7.94938427950000        2.18319311740000
H            0.98750218290000        7.91283660710000        1.38009094640000
H            5.86136777030000        5.43801753630000       -3.62249079230000
H            3.98018021110000        4.21364838770000       -0.36364287600000
H            3.44193807450000        3.58173186140000       -3.82153795860000
29
 energy: -47.532611662432 gnorm: 0.199136812260 xtb: 6.7.1 (edcfbbe)
O            4.00779973836446        3.64172164617389       -2.96346713763913
O            4.27398309403595        1.46341421494056       -3.30464412253002
O            3.31832456467156        5.81505110430426       -3.14499709479985
C            4.55221126062645        2.43364362080052       -2.59539938898709
C            4.12780442977297        4.98556393798461       -2.37039463742786
C            5.41869238469357        2.21094010664949       -1.39325425108481
C            5.56431404046870        5.49693178258785       -2.56321168126520
H            4.81477964826601        1.71204123826703       -0.62194006043668
H            5.88873617856948        3.08772529836045       -0.94441945810612
H            6.22662423590215        1.52183201085472       -1.67729701593337
H            5.61395211103935        6.54852194354185       -2.25511123003601
H            6.30883396014487        4.95234979907405       -1.97822460824186
H            2.94367060830071        9.16608227054709        3.51117301333962
H            2.36958963493282        5.57715570868464       -3.06335001518208
O            2.95710260067357        9.33678259207807        2.55299167878537
N            3.61933387043952        4.94487803864158       -1.00507016183214
C            3.52163502095612        6.19791340362339       -0.26922486436827
C            4.61653954229616        6.54380908857279        0.66081224202460
C            2.16414624883580        6.53333849418414        0.18481317468335
C            3.10021666231389        8.10352981626366        1.89014053002582
C            4.45906384574997        7.76138322209160        1.44684349175939
C            1.99654516011568        7.73562341533241        0.99001930133737
H            5.63798521043455        6.36192240077529        0.29779454440431
H            1.35067922275327        6.33828832947685       -0.52768881616723
H            5.25653456155718        7.96669348510202        2.17608355529074
H            0.98320588880480        7.92799492159113        1.37020798652597
H            5.85446005779142        5.43977679471945       -3.61855885395535
H            3.99181022435908        4.21503226192349       -0.39478304266928
H            3.44904059522994        3.58969554785310       -3.80683277481418
29
 energy: -47.597975176304 gnorm: 0.086901165666 xtb: 6.7.1 (edcfbbe)
O            4.00131120193726        3.66508758557629       -2.95078330410026
O            4.24801920511067        1.44355646327282       -3.34858227068344
O            3.32253280873447        5.80265054524309       -3.14546471994290
C            4.57858428384901        2.39449527055278       -2.58385465248793
C            4.12858510595980        5.03788368598518       -2.34587476744974
C            5.42629362360228        2.21148230722017       -1.37457060100763
C            5.57254546546506        5.50738322244098       -2.55970060256643
H            4.82716094295862        1.71105942049105       -0.61233327211018
H            5.87668009132395        3.09884307811004       -0.95431808589005
H            6.21824266812161        1.52395982172458       -1.66890323681694
H            5.60972266999274        6.54670325440344       -2.25794618885550
H            6.29174641026513        4.94645025518120       -1.97613986150574
H            2.94930037584276        9.14564034541242        3.50070517659515
H            2.38150334462319        5.58904123396500       -3.04263238100530
O            2.95136211425597        9.30038649399829        2.55346906037411
N            3.61001586775317        4.96620182562631       -1.00490324374370
C            3.49905745986290        6.17040912138698       -0.18758810602917
C            4.57388849147880        6.62484804125059        0.60865647544229
C            2.22142025339253        6.61852427157139        0.15243832262082
C            3.11997504636962        8.11403771299241        1.79550401560958
C            4.39818009444485        7.67496495707163        1.47340327479115
C            2.04285668973784        7.65292664523427        1.02872446686984
H            5.60076650269329        6.34447503433150        0.33155134054507
H            1.37514216377795        6.31886408413819       -0.48045960750081
H            5.23347753083045        7.98471013526671        2.12359748226408
H            1.02690646854241        7.94493257658750        1.33167225782710
H            5.83901153388349        5.43921691630600       -3.60794712850005
H            4.00442218548944        4.23423226721211       -0.42916929174099
H            3.45890400180072        3.59666992244705       -3.78554024830242
29
 energy: -47.611097542973 gnorm: 0.042714000911 xtb: 6.7.1 (edcfbbe)
O            3.99926697581790        3.67165618938798       -2.93709712880677
O            4.22642820057633        1.43025698103904       -3.38071977294338
O            3.32343816985975        5.81857600135759       -3.13964968615020
C            4.60177191438905        2.36226647084535       -2.58563614954854
C            4.12246233600138        5.06592662560491       -2.34223498058599
C            5.42676194306579        2.19451796920996       -1.36346619708535
C            5.56626113697396        5.52587378780616       -2.54726929316373
H            4.84320176006606        1.70920526306393       -0.57600175428108
H            5.85714061221520        3.11248477965374       -0.97812570483804
H            6.23151061041342        1.51409152945587       -1.63651631092235
H            5.61740462494802        6.56746884972364       -2.25305443315830
H            6.26976680231089        4.94084096940882       -1.96613210600417
H            2.96752036223439        9.12487145928169        3.49617161253851
H            2.38104865702066        5.62469361431803       -2.99896593546212
O            2.94355555826145        9.29915722796836        2.54815236505001
N            3.60561347931081        4.96478241436225       -1.01174952504366
C            3.49321857491590        6.13889114787344       -0.16949129004315
C            4.58966590854651        6.65415834787370        0.55071181102090
C            2.21976760273663        6.65716867416339        0.08444368072660
C            3.12400016085864        8.15076911015760        1.75747033702111
C            4.39927512516945        7.63043875202731        1.52151719094696
C            2.02219197067466        7.61810504490422        1.06695169522045
H            5.60642952167304        6.32243547542062        0.32698576708805
H            1.36513307980181        6.30321976046331       -0.49400172447028
H            5.24228453984909        7.98568788059288        2.11925729136852
H            1.01837049502803        7.95742346595208        1.32229076161198
H            5.81778808927541        5.44209920647622       -3.59901600690859
H            4.04058721249307        4.22609375496887       -0.46882215153667
H            3.46574917761269        3.59647574163903       -3.76299205894071
29
 energy: -47.616975728455 gnorm: 0.053094497060 xtb: 6.7.1 (edcfbbe)
O            4.00020174056563        3.68137289240259       -2.91891701150901
O            4.21135294105499        1.43375013240612       -3.39953666245086
O            3.31712017080795        5.84448240158605       -3.12912410530370
C            4.63069136030580        2.34347982745644       -2.59563117904423
C            4.11581896482081        5.09466101342693       -2.33705146241751
C            5.42445965853489        2.18219008522990       -1.35556556003906
C            5.55959276438292        5.54594584056659       -2.53731135395869
H            4.84551414059113        1.71921473698256       -0.54681706890232
H            5.83921967512751        3.12358040297781       -1.00053704189211
H            6.24129672783106        1.50099499137893       -1.59403941999733
H            5.62507204515540        6.58796980096398       -2.24295835546189
H            6.24912319205528        4.94410112670465       -1.95481555584489
H            3.00566152684630        9.05592252218707        3.48824918165556
H            2.37260233531936        5.67665493769580       -2.94143045277243
O            2.93011954079483        9.26313191345850        2.54193254741203
N            3.60275861662595        4.96803245634916       -1.01004902780779
C            3.48262332676810        6.11665767156033       -0.14660380450880
C            4.57261436420460        6.64937757349402        0.54848736405443
C            2.22385325081862        6.65086123796750        0.08704159197732
C            3.12678354886393        8.15400080229779        1.71331147407319
C            4.38887776021841        7.62235928112277        1.49619967929205
C            2.03823712370962        7.61587921219635        1.03563420712386
H            5.57648084409383        6.26621303866075        0.36260616293154
H            1.37348552939659        6.25696619071793       -0.45741118698227
H            5.23365110088848        8.01738036596554        2.05621145087540
H            1.04512664796416        8.00823601670651        1.25234445640870
H            5.80549441793294        5.45681319909345       -3.59086234996917
H            4.08059255719403        4.22634581844058       -0.50141527635430
H            3.46918872922695        3.60306100500334       -3.73893093788771
29
 energy: -47.622020794439 gnorm: 0.046235280251 xtb: 6.7.1 (edcfbbe)
O            4.00664341867418        3.68641484471641       -2.90238508200612
O            4.20007942002347        1.43524903661951       -3.40747865759281
O            3.30014577982044        5.86775350571690       -3.11146809563394
C            4.68705795039136        2.32591828818790       -2.62552293673815
C            4.10758855618239        5.11534794602366       -2.33295099421197
C            5.42135817450909        2.17129055059150       -1.34802857347597
C            5.54962097315575        5.56508598048921       -2.53040291714418
H            4.82468244451923        1.74174549228734       -0.52812501828323
H            5.83029227646100        3.12363289412157       -1.01615052065046
H            6.24685615430525        1.48009763171734       -1.53666737000633
H            5.62742894880242        6.60620574224490       -2.23065988000291
H            6.23297649724059        4.95589948009321       -1.94930815441894
H            3.06829778544422        8.99733542607846        3.47439987152770
H            2.35852476712575        5.72448497849367       -2.87995417608364
O            2.91541539927251        9.23050829917970        2.53379368090311
N            3.60490375542993        4.96514424439352       -1.00333734882924
C            3.48305295075889        6.10133159138174       -0.14422389680802
C            4.56493067194541        6.62858259542679        0.54761869224614
C            2.22048621141918        6.64672693525698        0.06590345594066
C            3.12153813723396        8.15451289301608        1.69030770603639
C            4.38379412112527        7.62126448656673        1.47935123369768
C            2.03647777582643        7.63218488333688        1.00898708350205
H            5.55026843542166        6.22760344416906        0.38417147322028
H            1.37441393609037        6.22883525191955       -0.44966603149045
H            5.22471823055841        8.03087663020221        2.01177099282998
H            1.06161300609283        8.03438555600029        1.20643604734326
H            5.79716961670997        5.48050843698500       -3.58421888383893
H            4.12046743063682        4.22681507879639       -0.52537966001742
H            3.46681177692336        3.60389437098741       -3.71380173731449
29
 energy: -47.628291385694 gnorm: 0.079883916010 xtb: 6.7.1 (edcfbbe)
O            4.01953964471306        3.69383699373899       -2.88235430190070
O            4.17623212609161        1.43102818661226       -3.40916553176209
O            3.26449936288629        5.90038266335508       -3.08147595848594
C            4.82809896171763        2.29864429716609       -2.71251839944543
C            4.08935499783201        5.14265508371269       -2.32727983379844
C            5.41901709939257        2.15289688978272       -1.34369685090912
C            5.52914777205693        5.59332530332858       -2.52155810301079
H            4.76873662813251        1.77605241213089       -0.52714127368297
H            5.83057601459504        3.10851933327235       -1.03670742985333
H            6.25055053726721        1.44195770241207       -1.44943019535073
H            5.62464982286616        6.63240976708287       -2.21193083195576
H            6.20874946237216        4.97524970907699       -1.94698746997531
H            3.14865348716257        8.93696094829238        3.44697597804660
H            2.33680375828008        5.78283413220857       -2.80732178186571
O            2.88835637609924        9.19109249131235        2.52604056929889
N            3.60952363478079        4.95772736884643       -0.98797736589457
C            3.47523977558824        6.08167242521549       -0.14026712255576
C            4.55685982316500        6.60179867878871        0.54656883679898
C            2.21373952406955        6.61227068607628        0.05970561795349
C            3.11247152525433        8.16437763684588        1.67065003248398
C            4.38597278012925        7.63382609992613        1.47200779750634
C            2.04222800527068        7.65521068246537        0.96151018932913
H            5.52569919306983        6.15466838044491        0.43430877691075
H            1.37259240320782        6.17126834518675       -0.41624251283567
H            5.22560905900345        8.05785227175851        1.96556936458319
H            1.07817614219462        8.11129385188425        1.10468536951410
H            5.78203224845872        5.51749676386477       -3.57526243719409
H            4.17338932569545        4.22996111144568       -0.55433824803941
H            3.45111511074745        3.60236627876579       -3.67335658120965
29
 energy: -47.632629800504 gnorm: 0.059924445931 xtb: 6.7.1 (edcfbbe)
O            4.01088629521012        3.69255938934099       -2.87689782287411
O            4.23443908840678        1.43460621265079       -3.41999405590862
O            3.24782429676030        5.90723681020297       -3.05755731644751
C            4.88622709830162        2.28787237050429       -2.75425749266419
C            4.07705491070228        5.13663004044399       -2.31947833928192
C            5.41742973433407        2.14620080738286       -1.35039865716986
C            5.51614221023262        5.59770379478168       -2.51291737954926
H            4.72182317901919        1.76687851424700       -0.57753854558940
H            5.82873030169030        3.09044071237424       -1.02466430711999
H            6.24631602665037        1.43346525810078       -1.42950611524778
H            5.61224349515384        6.63414741760439       -2.19370455541747
H            6.20124641671594        4.97826929739708       -1.94641268266160
H            3.16317812938712        8.93104971141068        3.43535571643403
H            2.32559553228228        5.80063679096881       -2.78028644735881
O            2.89395071991888        9.19136723892862        2.53462940695990
N            3.61376652454966        4.93782743711073       -0.97255704309389
C            3.48201874322608        6.06371711501950       -0.12122432950527
C            4.56419123671062        6.58416749022001        0.58063749330343
C            2.20658250509578        6.61918577787073        0.05685121014128
C            3.11786989591760        8.18165850466998        1.64961591711525
C            4.39356232818800        7.65250083012628        1.44122541285471
C            2.03073390330825        7.68767557651084        0.93095978549246
H            5.52757420574275        6.13434147408120        0.46633035924310
H            1.35870767857666        6.15523878988628       -0.41336529974747
H            5.23873094210601        8.09211455913756        1.93416062487838
H            1.07686709680284        8.11911686769637        1.08856338870793
H            5.77224431156084        5.53326603207834       -3.56663257091127
H            4.17881893999699        4.21434641517485       -0.54863204167578
H            3.44285885555256        3.60541525907796       -3.66929401020632
29
 energy: -47.636650511785 gnorm: 0.071339700790 xtb: 6.7.1 (edcfbbe)
O            3.97770272221030        3.68806782392742       -2.85561602138965
O            4.32832109743538        1.43431624163572       -3.42505811370312
O            3.23028988160860        5.89756358070260       -3.03796831929068
C            4.93560880867340        2.26586122956878       -2.78241088004621
C            4.06166120015636        5.11843942185484       -2.30804155101616
C            5.43263933923905        2.13417008766127       -1.36841438626308
C            5.50068446640770        5.59455923490525       -2.50596887228855
H            4.67562388460146        1.74566664884231       -0.66881665278669
H            5.84147648329977        3.06639586448066       -1.00923175705606
H            6.24602755869670        1.41467680109051       -1.42300915623301
H            5.58547510012222        6.62734849794206       -2.17679363092347
H            6.19417454259116        4.97701947331250       -1.94714970530619
H            3.20673019535170        8.96156089768566        3.42421521149409
H            2.30856110352221        5.81376113661351       -2.74345146486977
O            2.88617786287092        9.19786925397766        2.54388522214168
N            3.61458402323591        4.92539262041333       -0.95654506345105
C            3.47863520366821        6.07017070289479       -0.12232464366300
C            4.56440498527090        6.58909936046743        0.58926955063984
C            2.20825330219778        6.61248235210740        0.05566689701814
C            3.11802214311373        8.18807763665789        1.64848941937774
C            4.39255264932158        7.66614469523207        1.43928948683792
C            2.03386546799998        7.68931680390537        0.91279187407090
H            5.53558407204095        6.14110661512645        0.48269421130366
H            1.36873369023999        6.18368902450816       -0.43588811505609
H            5.23174114118605        8.07910457785623        1.95598547670734
H            1.05890771905429        8.15209306315786        1.04106828146119
H            5.75767033136415        5.54211673246393       -3.55957262712452
H            4.18704181896951        4.21968610322941       -0.52504782903854
H            3.42646380765061        3.61388001277879       -3.65903653884674
29
 energy: -47.642865226680 gnorm: 0.050245300968 xtb: 6.7.1 (edcfbbe)
O            3.94767222360185        3.69681741421677       -2.82236144884041
O            4.34918757236724        1.41744827597071       -3.42202949313685
O            3.21244538072452        5.89193390636973       -3.01236397077566
C            5.03924022678593        2.23165290770151       -2.84195725372919
C            4.05102225785428        5.10868187234324       -2.29167947690692
C            5.46521962755138        2.10172423612131       -1.39865340708241
C            5.48860550343461        5.59878012640592       -2.49638168038022
H            4.62537225858424        1.74169156892409       -0.77136654884365
H            5.87515416509603        3.02708374350070       -1.01432493677835
H            6.25156920273507        1.35208011891696       -1.39601046505331
H            5.55762332333296        6.62675913363043       -2.15479675814317
H            6.18714565795810        4.97756791216722       -1.94653631909814
H            3.28945427712092        8.99776515679403        3.39920696728448
H            2.29566438518620        5.82784460052972       -2.69710683202020
O            2.84943694268135        9.20281060631088        2.54120037176534
N            3.61909045810148        4.91757675321506       -0.93680390057357
C            3.48046112518588        6.07823594922018       -0.11825119831357
C            4.55450956063482        6.59658525123598        0.59611578242867
C            2.22414574378067        6.64122482881593        0.03635157728046
C            3.09746748908994        8.20328329325499        1.62899966948809
C            4.36876580924140        7.66591928869197        1.44939233604689
C            2.02813390340050        7.70910349430125        0.88437359022546
H            5.53163903697839        6.14691130193952        0.51081592353988
H            1.37265510211536        6.19010391364196       -0.45065179006614
H            5.21149841407165        8.08219147459128        1.97604184551470
H            1.05569084664518        8.14693611168992        1.01304669657687
H            5.74009568083613        5.55744970430548       -3.55112165426769
H            4.21661830438377        4.23156782005719       -0.50400904323578
H            3.40203012262084        3.64190573013595       -3.62612828020584
29
 energy: -47.645629577178 gnorm: 0.068911147557 xtb: 6.7.1 (edcfbbe)
O            3.90518246155278        3.70922996608232       -2.78455549026944
O            4.35337078203555        1.39502769324824       -3.43735008784379
O            3.19297656559251        5.88253639479530       -2.98417407589415
C            5.10584842700909        2.19049693308882       -2.88173619671861
C            4.03640116084926        5.08374432429483       -2.27309345615095
C            5.51057772290086        2.06479441687162       -1.44220531237397
C            5.47158520766309        5.58803940103833       -2.48786481514592
H            4.64190873849464        1.73680882331202       -0.86147436266636
H            5.91672457561960        2.98964109928975       -1.03770523469083
H            6.26868965467562        1.29019499752257       -1.39900506530893
H            5.52173620285709        6.61285400643680       -2.13674367523119
H            6.17936535540456        4.96721653264417       -1.94899235041863
H            3.27292057900314        9.09973770571257        3.34210519958185
H            2.28407664897613        5.81700682430445       -2.67126824087621
O            2.85889372325998        9.22319549060255        2.51448607120832
N            3.61851848025192        4.90770427736907       -0.91041887176737
C            3.48424682851202        6.07796705928336       -0.09494824856744
C            4.54838488453149        6.59819663101103        0.61845632398821
C            2.22903299422246        6.68148780778809        0.00869061731797
C            3.08552110098292        8.20371360359485        1.64024793848378
C            4.34965941408318        7.64308630379470        1.49298020535098
C            2.04210122550897        7.72453563512067        0.87961549543834
H            5.52834839653252        6.16848436528950        0.52471092714539
H            1.39258135532310        6.25609893385742       -0.51367306273288
H            5.19324679322922        8.05677908814088        2.04297243752121
H            1.06143867769234        8.15497111868840        1.00331378055961
H            5.70916091596735        5.55845563486895       -3.54603489016434
H            4.23904829273309        4.23678171864531       -0.46919110926961
H            3.38606743663651        3.69084970830348       -3.60413414780538
29
 energy: -47.649379380036 gnorm: 0.062290320899 xtb: 6.7.1 (edcfbbe)
O            3.87137967709716        3.71782212695056       -2.76175606609535
O            4.40749146972223        1.38427990808947       -3.49144378686218
O            3.18150553465038        5.88235625805530       -2.96602971660006
C            5.13358476736543        2.15171182568566       -2.90346641215694
C            4.02193565422669        5.05534895201467       -2.26454696220680
C            5.53187934969687        2.03145408001447       -1.46926495628447
C            5.45608733089904        5.56996539058308       -2.47864295471434
H            4.66268776337074        1.72794842672139       -0.91183407718608
H            5.93264564082667        2.95603334088857       -1.05313604098417
H            6.27687873564967        1.24691219540111       -1.39955223548846
H            5.49833100944411        6.59358899975056       -2.12001228190141
H            6.17064605163301        4.95017038630604       -1.94720097309677
H            3.39578096589001        9.18567035972458        3.31431909264947
H            2.27680544691234        5.81437295687863       -2.65485227771650
O            2.80191277594188        9.24527927883766        2.49415013520794
N            3.61858101038480        4.90734285250870       -0.88964597868484
C            3.48259268146484        6.08402404980004       -0.08317672107571
C            4.53748688306903        6.61895091083435        0.63922031002341
C            2.22652368378508        6.69385901760343       -0.00872448693282
C            3.07152781442725        8.21547994671803        1.64286553078418
C            4.33412479928541        7.65830066392533        1.51237461530025
C            2.02871961987142        7.72296179479663        0.88114849845311
H            5.52709316765368        6.17526242727220        0.54834006870688
H            1.40019182211017        6.28427328397698       -0.56354460030975
H            5.16571862353143        8.04890413085590        2.09610391794658
H            1.04470212166476        8.14941378060191        1.00901238230747
H            5.68545534962992        5.55172978904602       -3.53904036281922
H            4.24807686098846        4.24759664202319       -0.43679150186646
H            3.39726799090871        3.73862271913564       -3.61186185569742
29
 energy: -47.651591769442 gnorm: 0.064708554483 xtb: 6.7.1 (edcfbbe)
O            3.86710972998852        3.71271312432151       -2.76107299996625
O            4.47149961598951        1.38198993922082       -3.55146173345160
O            3.16619593434858        5.88617213464726       -2.96230574090898
C            5.15265220543006        2.12842453591273       -2.92111528242829
C            4.00918249766585        5.04342956447829       -2.26734250648581
C            5.53242443915144        2.00463696718010       -1.47168254514525
C            5.44067517401904        5.56061930689651       -2.48170012731771
H            4.64346085116670        1.72478840421370       -0.90805058709746
H            5.94241625364125        2.92721621503421       -1.07202073460269
H            6.28146958773798        1.21775210377442       -1.38905194232354
H            5.49064044486241        6.58434634523945       -2.12035667483479
H            6.15708559537687        4.94188139590162       -1.95278151785974
H            3.35552800565210        9.20243809709066        3.30219983784645
H            2.25628476271303        5.82862933013752       -2.61378409443347
O            2.80755248462464        9.27327927914530        2.49761487555017
N            3.62309603478987        4.92796953875300       -0.87903834401092
C            3.48580899018184        6.11289593996631       -0.10491144487086
C            4.53639023471397        6.62041489206827        0.63886748921237
C            2.24919457226457        6.68697827410333        0.01287644075401
C            3.07692960643599        8.25019935461626        1.63105090819731
C            4.35099539388020        7.67054003612534        1.52445615064818
C            2.02104054384349        7.74595497261739        0.86391888141174
H            5.52631290640366        6.16618537088672        0.55785459407011
H            1.40422401502735        6.25046947662169       -0.52960083429459
H            5.15916850862165        8.02450643313778        2.12912095190872
H            1.04689187711439        8.16677274412521        1.00293485133388
H            5.66831919528064        5.54584886939274       -3.54251808982119
H            4.24749969585591        4.27510529320180       -0.42177501260048
H            3.41756544531975        3.74747855619015       -3.62731446577979
29
 energy: -47.653840924091 gnorm: 0.034400713712 xtb: 6.7.1 (edcfbbe)
O            3.86942226029935        3.71230482017516       -2.75456968593959
O            4.49101527734540        1.37677596798493       -3.59945136593650
O            3.14530117708739        5.89238973820988       -2.93488413579626
C            5.18652790763364        2.10624491146036       -2.94245238206043
C            4.00043204744028        5.03980406911418       -2.25557184509767
C            5.54434994431907        1.97083065897873       -1.48228181851750
C            5.42744864688149        5.56082675874292       -2.47989245817043
H            4.63949834776680        1.71306578554870       -0.90838310045055
H            5.97354236019459        2.89046809167119       -1.10649805714881
H            6.28744961111873        1.17908938257499       -1.39802339760558
H            5.48562668784396        6.58291628628029       -2.11436880270611
H            6.14654000857702        4.93822058576289       -1.95961118199587
H            3.35307169855708        9.21563376983402        3.30054016372752
H            2.24088569560688        5.81757943664724       -2.58502722074464
O            2.80751798784598        9.27255186875133        2.50729552930328
N            3.62965584987961        4.92111874463968       -0.85596113242654
C            3.48645885666424        6.09498257219959       -0.07819973333680
C            4.54328692980908        6.60953199010201        0.67044081473450
C            2.23234282546215        6.69135198265620        0.00945364261924
C            3.07360944620558        8.24808988092779        1.64918337357072
C            4.33330989504270        7.67846180153925        1.52381860174984
C            2.02704057851826        7.76128837640993        0.86315170366324
H            5.51751675003066        6.17774865591774        0.57583964122340
H            1.41278527740765        6.29562082851055       -0.55262003701241
H            5.15395699134403        8.06030112182253        2.11186219171576
H            1.04028087028189        8.23208613714979        0.95819814996810
H            5.64871849725717        5.54968582304538       -3.54261145952484
H            4.25928463692277        4.26595392463478       -0.41277950920242
H            3.43073753875798        3.75471252370816       -3.62358618590324
29
 energy: -47.655536843001 gnorm: 0.035271931049 xtb: 6.7.1 (edcfbbe)
O            3.84487136806366        3.71707860609823       -2.73477473744774
O            4.50478760429414        1.36742968126550       -3.63552063682929
O            3.12984585837638        5.89044598811632       -2.91420538499993
C            5.19065828934484        2.07864505943527       -2.93913493090291
C            3.99136537891540        5.03233021011332       -2.24260944673840
C            5.56814588611210        1.93790627910128       -1.50787023362374
C            5.41766492216343        5.55455815396477       -2.47795445792283
H            4.68981077917516        1.68156431480931       -0.92943533473043
H            6.01397702294706        2.85450001323256       -1.14095780676631
H            6.29042523909905        1.14150130642266       -1.44412620918093
H            5.47797625045951        6.57421433863812       -2.10916261354976
H            6.13911611713118        4.92694913795494       -1.96554166469204
H            3.37032067488911        9.27661080130496        3.27628969865412
H            2.23419558376883        5.78653959340196       -2.58831674382384
O            2.79734152498482        9.29355613566647        2.49686697123493
N            3.62815028344640        4.92567262951229       -0.83851173304953
C            3.48552046163425        6.10494653944366       -0.06906933530593
C            4.52740582840686        6.61749855268939        0.69496715500494
C            2.22853869445507        6.73048821081655       -0.00462482499910
C            3.05676957790355        8.25901084465759        1.64872063062693
C            4.31870636673435        7.67848782622774        1.55430481824637
C            2.02959978809774        7.79506180910719        0.84599135041694
H            5.51903984845856        6.15586566933355        0.63463943399714
H            1.41132035769809        6.33555121503620       -0.57823884777757
H            5.13761519410610        8.05696057108030        2.15529625281774
H            1.04873765259732        8.24095918911017        0.94783850897777
H            5.63067793466445        5.54529088739375       -3.54208609449833
H            4.27037224897538        4.27722367008053       -0.39316740439064
H            3.43465786519891        3.77278926098572       -3.61659607604833
29
 energy: -47.656901761247 gnorm: 0.035018862511 xtb: 6.7.1 (edcfbbe)
O            3.82133275794528        3.72543564253930       -2.72057101727700
O            4.55271702428384        1.35882660656286       -3.68198052648294
O            3.10947720789052        5.89413339321749       -2.89545657956067
C            5.23576628853231        2.04607946000371       -2.96753803620207
C            3.97933881826409        5.03120421663707       -2.23497448668190
C            5.58449616438096        1.89867044076662       -1.53190388425029
C            5.40524343916786        5.55459350751023       -2.47673197871003
H            4.68341227326439        1.67021720754992       -0.96689215268163
H            6.04755329166851        2.80654285782266       -1.16231502235688
H            6.28533002557987        1.06984093461234       -1.43995437416784
H            5.46966482812081        6.57029618459584       -2.09844536984551
H            6.12711600549977        4.91847371960774       -1.97315606483185
H            3.41095448702832        9.34980150260025        3.23865524350624
H            2.21654241605793        5.78298903153645       -2.55485921601027
O            2.77176836464277        9.31574516465430        2.48082467668198
N            3.63428799326051        4.93253531783763       -0.82292400575029
C            3.48455283346011        6.11614999762675       -0.05658550066708
C            4.51660151220285        6.61719771344290        0.72318909108640
C            2.23751834091429        6.73386472456322       -0.00161907884165
C            3.04831149084222        8.27624958804654        1.65004329521656
C            4.30657511066118        7.67905512618915        1.57969928047089
C            2.02623131507266        7.80288135127773        0.83744368294337
H            5.49837994348784        6.17667152200962        0.66052207585631
H            1.41830396706840        6.34110073155902       -0.58213737594050
H            5.12021426007029        8.05170698201180        2.19177731634532
H            1.05010062112479        8.25007639383849        0.92715426153648
H            5.61137444339189        5.55216481460830       -3.54200772332748
H            4.29478879609092        4.29417157261875       -0.38268592225222
H            3.43966058212666        3.79296078915368       -3.61356030510625
29
 energy: -47.658227141033 gnorm: 0.024773207258 xtb: 6.7.1 (edcfbbe)
O            3.80752316331541        3.72685421923863       -2.71739816668064
O            4.60089871267783        1.34979210943042       -3.73196062395308
O            3.08773909044582        5.89905976271908       -2.87986509227791
C            5.26705756004783        2.01815046898261       -2.98640111118928
C            3.96741195970456        5.04053652249019       -2.22937069685926
C            5.59439174394767        1.85961392490838       -1.54718896580370
C            5.39174701353173        5.55946995078982       -2.48148554057825
H            4.68794086938833        1.64977918031177       -0.97406910902364
H            6.07798858826401        2.75579553868822       -1.17615176717363
H            6.28256141381742        1.01187517702666       -1.44910946891230
H            5.46790841782101        6.57193287641445       -2.09583410342704
H            6.11285020000077        4.91500409298636       -1.98708710960298
H            3.40366020254733        9.37274395255763        3.22147679635924
H            2.19356985618540        5.77629690241540       -2.51863648945570
O            2.76139820858593        9.33283314392153        2.48681322312019
N            3.64241363037691        4.94123150879370       -0.81148776551413
C            3.48661926871489        6.12540865413167       -0.05024149561982
C            4.50595337426719        6.62578195257658        0.75018001037416
C            2.24574328997992        6.74398228646055       -0.00563603747834
C            3.05545184751194        8.29873404699305        1.64914012734558
C            4.30278494694913        7.70170844314716        1.58627072013548
C            2.02754645388039        7.82081145717103        0.83392013954376
H            5.48668429510380        6.15374546971235        0.71890459085321
H            1.42339739421505        6.35258844840017       -0.58418373319031
H            5.10403977699803        8.05831362075797        2.20566464385632
H            1.05657889040249        8.28677918540204        0.89831047546618
H            5.58989674125260        5.56273540674332       -3.54843938581917
H            4.31120086117031        4.30934869958966       -0.38091135151403
H            3.44465683099828        3.78872949224000       -3.61221241028181
29
 energy: -47.659225523778 gnorm: 0.024646807321 xtb: 6.7.1 (edcfbbe)
O            3.78674156081862        3.73056045578596       -2.71000071670475
O            4.66689238052819        1.34128723262366       -3.78769333769476
O            3.06073263110052        5.90852810503731       -2.85066721669563
C            5.29567167425539        1.98832278354841       -2.99757376093376
C            3.94755523671517        5.05387974267888       -2.21319493198220
C            5.60939481664605        1.81270806726402       -1.56445771425089
C            5.37011770244062        5.56498190660694       -2.48466981323926
H            4.70790119567349        1.60505677220368       -0.98687806031997
H            6.11384342931577        2.69106207725464       -1.17790457838647
H            6.28466633323960        0.96416277171912       -1.48802138209666
H            5.46108832655362        6.57355070900612       -2.09171908465069
H            6.09325776184378        4.91118789872623       -2.00582279257972
H            3.40361992761145        9.41748214463182        3.19266673382217
H            2.16892363957534        5.75429520536725       -2.50331336157385
O            2.76055466788519        9.35969770663234        2.48381715346429
N            3.64587454227590        4.94532559909181       -0.79088617422609
C            3.48780535336663        6.12623617938980       -0.02655600055737
C            4.50809124969453        6.60914585844432        0.78714480299527
C            2.25117696102122        6.76563142049223       -0.00053544120486
C            3.04418235181000        8.32249037717131        1.64694425176213
C            4.29219918398859        7.69151650908830        1.62419764654606
C            2.03360367138600        7.86002829498649        0.80808851183807
H            5.47316108231334        6.15004478250104        0.75964036038208
H            1.43282610245258        6.37653639501292       -0.58617762963325
H            5.08848102565078        8.05290073304459        2.24886015590450
H            1.06678873454057        8.35162836447964        0.84072899206843
H            5.55468332774219        5.57676291904047       -3.55490718553487
H            4.32344703178900        4.32029023495734       -0.37349233747391
H            3.45433269986818        3.78433524821387       -3.61460678634504
29
 energy: -47.660327622635 gnorm: 0.019109007305 xtb: 6.7.1 (edcfbbe)
O            3.76607970808042        3.74105289241488       -2.69577814819591
O            4.72604910914169        1.33196068952747       -3.83026190312699
O            3.03440882668391        5.91695281615060       -2.82139525552750
C            5.34550156030922        1.95754051488439       -3.01824484942986
C            3.92815886240512        5.06031940772528       -2.19832356383231
C            5.63071879879496        1.76375015527760       -1.58335923795795
C            5.34728329676889        5.57206451070994       -2.48633761685030
H            4.70509927137391        1.57452248013626       -1.02414575203569
H            6.15017262395091        2.62678626768324       -1.17645180157135
H            6.28531728349409        0.89780198482399       -1.50110241513824
H            5.44419561069931        6.57653906154685       -2.08454552754961
H            6.07486508758838        4.91106399451515       -2.02423715565268
H            3.44200840541494        9.49505646153027        3.15207960085349
H            2.14628744766563        5.73650968634606       -2.49385134889302
O            2.75376880192710        9.37998564804720        2.46991440334094
N            3.64738232941525        4.94628559057253       -0.77229791437920
C            3.48329050048528        6.12991632186574       -0.01312714051410
C            4.49589481060232        6.60790539048707        0.81632988071229
C            2.25135674432753        6.78363380814604       -0.00947723041139
C            3.03456449135781        8.33128303201628        1.65562348618759
C            4.27082428015623        7.69500184157251        1.64703041197066
C            2.03470363273722        7.87877468092857        0.80079722617771
H            5.46578853771118        6.11988637363512        0.82567753350707
H            1.44242861609707        6.41518442629956       -0.61170666144259
H            5.06981821977142        8.05826547729505        2.28019716512271
H            1.07663860793212        8.37060766768979        0.81997484320548
H            5.51701759060457        5.59524366054429       -3.55963622627005
H            4.34703041341548        4.33702387206656       -0.36133586022627
H            3.47096113319064        3.79871778056233       -3.61899863937407
29
 energy: -47.660973716436 gnorm: 0.020643583492 xtb: 6.7.1 (edcfbbe)
O            3.75128657225384        3.75434041127155       -2.68410025967513
O            4.75520254189248        1.32342972461056       -3.85644395940077
O            3.01619848618142        5.92325412044565       -2.80102475161358
C            5.37484783226510        1.93599146627111       -3.02278977196207
C            3.91669355239860        5.07021901025474       -2.18747708061069
C            5.65168863408731        1.71592293059946       -1.59984733514110
C            5.33128370549609        5.58384549587130       -2.48971600935425
H            4.72877736985205        1.53584659296944       -1.04987362430097
H            6.18302604792718        2.56468039752241       -1.17296159888701
H            6.28316528861642        0.82968798876995       -1.52258694364259
H            5.43403370529690        6.58479087565144       -2.08124218558466
H            6.06263048879231        4.91622451339078       -2.04371451907400
H            3.46001260353753        9.55362594402941        3.11680737095932
H            2.12608067282342        5.71462862872743       -2.49388719063906
O            2.74901324085841        9.40520803547914        2.45978074765578
N            3.65130236009814        4.95349259604887       -0.76106538358239
C            3.48107473560963        6.13698489961050        0.00004109661997
C            4.47993676782829        6.60905862626876        0.84735543251298
C            2.25529428625930        6.79829067255283       -0.01610361396789
C            3.03685576110523        8.34587300671503        1.65375969831376
C            4.26383270903356        7.69789923558199        1.66715036294812
C            2.03703092488236        7.88992508828503        0.79737924710002
H            5.44317234059810        6.11326493637386        0.86799777117871
H            1.45032270796390        6.43726281658733       -0.63452039297032
H            5.04995069735208        8.03905704973796        2.32426507604919
H            1.08358255709638        8.39371293714383        0.79998538723450
H            5.48479491823766        5.61577982815313       -3.56490877020444
H            4.36330686840267        4.35638204760524       -0.35316729833784
H            3.48321622535648        3.81095661847194       -3.61608119892485
29
 energy: -47.661596370005 gnorm: 0.015639775410 xtb: 6.7.1 (edcfbbe)
O            3.74067406029811        3.76627514694741       -2.67785901106389
O            4.80628709551399        1.31376524087246       -3.86406481077038
O            2.98943594163418        5.93086156635329       -2.78181109394054
C            5.42292360310001        1.92001594682883       -3.03564405755296
C            3.90018478698948        5.08254665210289       -2.18141087577357
C            5.67072554342209        1.67291576449984       -1.60680053109885
C            5.30837259138089        5.60554206488526       -2.49532949241999
H            4.72739526413073        1.50312340236626       -1.08203188563601
H            6.20554219776882        2.50556457240417       -1.15126758412888
H            6.28161338672343        0.76512901460656       -1.52267387134647
H            5.41640009708333        6.60215109410711       -2.07639409122512
H            6.04606909570234        4.93193951031110       -2.06899713624111
H            3.47556757050488        9.59011487612021        3.08140559719681
H            2.09622249685687        5.69233533831786       -2.49980073502444
O            2.75597324095440        9.42506615903841        2.45218629553217
N            3.65391735738681        4.95611373383109       -0.75389002633847
C            3.47992185065825        6.13788893215803        0.01110939311005
C            4.46610175582028        6.59556483607610        0.87660237546293
C            2.26089453066534        6.81675582902517       -0.02356638607588
C            3.03920552860360        8.35789381760940        1.65142016524536
C            4.25887359878970        7.69057467706248        1.68911939915974
C            2.04633613196653        7.91361753250930        0.78414249746625
H            5.42250508257263        6.08501703998175        0.91519022518815
H            1.46308547887630        6.46798187974263       -0.65772312456597
H            5.03478605936230        8.01431668679400        2.36647524493076
H            1.09969488518818        8.42884516094156        0.77082143177100
H            5.44561612806380        5.65127092473681       -3.57187191020514
H            4.38254454106899        4.37216244216980       -0.35370952471206
H            3.49074470101684        3.81428665260099       -3.61061617424479
29
 energy: -47.661950534580 gnorm: 0.006035712033 xtb: 6.7.1 (edcfbbe)
O            3.74571450427028        3.76732194583198       -2.68433032374664
O            4.80744489134733        1.32356875324419       -3.86151590573469
O            2.98448397483580        5.93136273584627       -2.78444683630061
C            5.42386902890996        1.92518491690405       -3.02642949615744
C            3.89705250129252        5.08353312866218       -2.18381318694759
C            5.67445973451483        1.66564240067544       -1.59902743217775
C            5.30294550621744        5.61534221289782       -2.49698783934152
H            4.72878740039334        1.49869233469035       -1.08176828254340
H            6.20808709852453        2.49351136192528       -1.14025620198806
H            6.28237507808409        0.76147826485485       -1.52437212967995
H            5.40883210784489        6.60974773143399       -2.07315480553587
H            6.04500343996447        4.94386760643031       -2.07631585523355
H            3.49193540140639        9.59745858937764        3.06721257837287
H            2.08799814516715        5.68113096395022       -2.51644167699482
O            2.76435568481192        9.42799137268009        2.44982767600409
N            3.65122487749724        4.95660844398688       -0.75481948756669
C            3.47681934406255        6.13389344022428        0.01252923118653
C            4.46530719980137        6.58640914358700        0.87982205575391
C            2.26089592505413        6.81484499073838       -0.01945037871705
C            3.03917085629910        8.35255823659526        1.65840770569635
C            4.25465138317767        7.67997101706897        1.69817175156113
C            2.04850788324755        7.91431109010947        0.78570224744031
H            5.41520644945120        6.07007664607443        0.92333690330926
H            1.46315162579072        6.46990694243753       -0.65493675092586
H            5.03485225243751        8.00865395640928        2.36881632152240
H            1.10558114090739        8.43717200512968        0.76745551194132
H            5.43776203436066        5.66801092180704       -3.57290952584873
H            4.37964347918574        4.37296401283851       -0.35824010884521
H            3.50149565324544        3.81842132858931       -3.61905545580386
29
 energy: -47.662264515092 gnorm: 0.006688261748 xtb: 6.7.1 (edcfbbe)
O            3.75537124258872        3.77204710799663       -2.69402167164116
O            4.81431975881514        1.34388938635382       -3.85576607752167
O            2.97080215712646        5.93103624565101       -2.78696823777208
C            5.42590131944994        1.93739289182525       -3.00923502286043
C            3.89072871638099        5.08801238330217       -2.18786955781424
C            5.67987900174996        1.65273866314398       -1.58455744434693
C            5.29110402631034        5.63801913866296       -2.49958190133480
H            4.72990534851101        1.48766718166840       -1.07875237318739
H            6.21334743255719        2.47239115077415       -1.11648286802670
H            6.28202949652716        0.75002168119325       -1.52710459287873
H            5.39000346805264        6.62779735705284       -2.06364207591808
H            6.04220197507464        4.96923169848921       -2.09140013934395
H            3.52583347791386        9.60915248776393        3.04072131772097
H            2.07078490484692        5.65333396913989       -2.54773048220937
O            2.78213602185218        9.43149651977022        2.44565605173735
N            3.64610362102114        4.95556156682052       -0.75740424564424
C            3.47040050255221        6.12434509808959        0.01679727469363
C            4.46099964906963        6.56522073156151        0.89035296401404
C            2.26131165091635        6.81369721485910       -0.01609724942874
C            3.04438359767733        8.34780837219490        1.66239826593009
C            4.25039634894866        7.66119298235654        1.70974726890309
C            2.05361838616541        7.91670729040726        0.78581623957730
H            5.40258823851924        6.04069181035473        0.93977896690077
H            1.46439727427814        6.47773478747088       -0.65709018499576
H            5.03285046402603        7.98698848975210        2.37996248770756
H            1.11669074482277        8.45115981060954        0.76156178648953
H            5.41948483119830        5.70643269065378       -3.57510543475102
H            4.37501522846291        4.37042970665977       -0.36806079243978
H            3.52502571668815        3.82743808042255       -3.63291196885994
29
 energy: -47.662499974246 gnorm: 0.010110840799 xtb: 6.7.1 (edcfbbe)
O            3.76306225303350        3.77761037853955       -2.70131646428256
O            4.82695277804997        1.36363363703247       -3.85050218075523
O            2.95379910396452        5.92850475084183       -2.78875993531249
C            5.42960759231203        1.95125212719671       -2.99327002786077
C            3.88334322650515        5.09341637682899       -2.19218667342977
C            5.68319919033202        1.64218537285707       -1.57122292962244
C            5.27712265177675        5.66217845836819       -2.50277289555866
H            4.72980423024992        1.47587770531156       -1.07348277898113
H            6.21871112768764        2.45267453570850       -1.09018237598940
H            6.27945830089789        0.73624942784362       -1.52886660769819
H            5.36836514278588        6.64679024798065       -2.05314772314907
H            6.03710239153390        4.99503186630349       -2.10810769763050
H            3.55771795545939        9.61805033761760        3.01886271047528
H            2.05416810697945        5.62313410850819       -2.57539851328405
O            2.80039755151712        9.43319183318669        2.44287371921601
N            3.64093202211189        4.95382680242206       -0.76129361867937
C            3.46592827166878        6.11663676899486        0.01913583074683
C            4.45561768754124        6.54417525455730        0.90186799840315
C            2.26377055231907        6.81682090222283       -0.01836283471700
C            3.05185550087585        8.34374673613448        1.66418618049726
C            4.24848282028794        7.64196937906128        1.72036834845838
C            2.06088822092212        7.92113829671540        0.78312034610249
H            5.39006452230884        6.00939779495588        0.95874770696179
H            1.46818536135251        6.49018116014515       -0.66609499397790
H            5.03040069357478        7.95846911725603        2.39604635864472
H            1.12943752976675        8.46517543695261        0.75415527281138
H            5.39864364574565        5.74785452631917       -3.57807391799167
H            4.37065509644032        4.36581085597366       -0.37850810377946
H            3.54994107410277        3.83465229916446       -3.64480389691781
29
 energy: -47.662867793246 gnorm: 0.011266316662 xtb: 6.7.1 (edcfbbe)
O            3.77346495818203        3.78665033969932       -2.71129710548693
O            4.85633201251898        1.39373310306594       -3.84311672764059
O            2.92146966280933        5.92060308356182       -2.79227673285469
C            5.43948381473867        1.97460696763865       -2.96840923591044
C            3.86908872703638        5.10234711373516       -2.19995229200025
C            5.68591493161775        1.62849052585590       -1.55061694018275
C            5.25077342945610        5.70235413380644       -2.50910966448126
H            4.72719682912278        1.45979194164326       -1.06366932900868
H            6.22747079323574        2.42183883134935       -1.04568635219271
H            6.27066701590370        0.71305230050670       -1.52864448705516
H            5.32942420620285        6.67739628923677       -2.03529916658519
H            6.02520166805033        5.03737129063274       -2.13778849484439
H            3.60556192592584        9.62822356764209        2.99083926972206
H            2.02769331660538        5.57208535857653       -2.61566805238955
O            2.83126423247280        9.43424836193240        2.44011113419397
N            3.63176919766790        4.95052293822932       -0.76913715206686
C            3.46095902097294        6.10605441395566        0.02092258940555
C            4.44560151836644        6.50936674896212        0.92199858805715
C            2.27099897723278        6.82687279228181       -0.02766409497596
C            3.06706553855836        8.33752819162942        1.66596508123939
C            4.24748660770832        7.60894149405737        1.73888966050453
C            2.07683918504382        7.93165948419520        0.77541087023434
H            5.36880170097571        5.95562297493025        0.99210517938904
H            1.47904194198654        6.51739964056372       -0.68889927727164
H            5.02589821534670        7.90448413046447        2.42863615225547
H            1.15448752381918        8.49061604760498        0.73847768284627
H            5.36081297200980        5.81816285370268       -3.58370054518976
H            4.36262557634139        4.35657777493304       -0.39633752547289
H            3.59421910219548        3.84303380060689       -3.66307272953738
29
 energy: -47.663250525946 gnorm: 0.009806018037 xtb: 6.7.1 (edcfbbe)
O            3.78437245101526        3.79595854643009       -2.72190465124813
O            4.89833405354706        1.41977537305487       -3.83681531263363
O            2.88048236053413        5.90691710942474       -2.79660656310528
C            5.45609089079661        1.99532729472858       -2.94287666250643
C            3.85051847815786        5.11138795601721       -2.20886787329651
C            5.68626915865706        1.61585903574394       -1.52955179503045
C            5.21681225584907        5.74811122603739       -2.51589462942484
H            4.72104850004928        1.44855753266026       -1.05334860776149
H            6.23634146830360        2.38928786502700       -0.99985644897471
H            6.25562441230291        0.68743081715124       -1.52141358802431
H            5.28056405599246        6.71148277470469       -2.01476275041752
H            6.00747314366271        5.08710057351336       -2.17021739879108
H            3.64917424723015        9.62711037639524        2.97319095784029
H            1.99934446105888        5.51838660815029       -2.64874873860469
O            2.86588913987653        9.43249266819332        2.43803309409601
N            3.62068093413446        4.94600811465046       -0.77864867609472
C            3.45789874092711        6.09570784180597        0.02138600289477
C            4.43407380379203        6.47135436856028        0.94418785977129
C            2.28283600547214        6.84175296875205       -0.04291062151864
C            3.08719045732688        8.33044150181686        1.66630268080168
C            4.24921073214452        7.57273773009602        1.75930531631575
C            2.09972751219606        7.94642098455643        0.76274651429305
H            5.34460956318857        5.89542299179665        1.02862887912789
H            1.49674034859866        6.55347820118657       -0.72143802370442
H            5.02230547636386        7.84602718443244        2.46529870568561
H            1.18852184147890        8.52277713827304        0.71521426957273
H            5.31451853433453        5.89795149425824       -3.58852682044580
H            4.35239826411607        4.34511385293158       -0.41610573975352
H            3.64856331099711        3.84925636465087       -3.68278907636110
29
 energy: -47.663686409375 gnorm: 0.008993177131 xtb: 6.7.1 (edcfbbe)
O            3.79749136311281        3.80617341917307       -2.73434689576309
O            4.95435540944501        1.43610916020311       -3.83293656548431
O            2.83268409863201        5.88783938555965       -2.80121434501136
C            5.48173473476899        2.00680291457846       -2.91824189577130
C            3.82882735074869        5.12056524319477       -2.21852951533524
C            5.68409577910888        1.60447777104064       -1.50870539535531
C            5.17614492786143        5.79796612430103       -2.52271467071067
H            4.71006739367802        1.44757252555638       -1.04443427373540
H            6.24353856608587        2.35780328862577       -0.95855914097093
H            6.23372956007674        0.66103448622377       -1.50156529223461
H            5.22334773255417        6.74803320065275       -1.99453623578806
H            5.98400280507548        5.14465188229101       -2.20212336993755
H            3.68732832053223        9.61295903730307        2.97176691009139
H            1.97073188560677        5.46124870094477       -2.67282714338514
O            2.90304109289204        9.42670494840547        2.43937257487218
N            3.60742843051471        4.94076380159414       -0.78961603085589
C            3.45627869662290        6.08654293053373        0.01939602671951
C            4.42113550080071        6.43259772591050        0.96449655954276
C            2.29905805358400        6.86111081288434       -0.06318433932549
C            3.11099003191071        8.32135502345966        1.66729595858443
C            4.25301767340699        7.53495652409575        1.77943850896347
C            2.12912203298008        7.96463692182308        0.74675861457724
H            5.31753290657622        5.83331579586639        1.06191205165701
H            1.52138329119813        6.59759075954035       -0.76170872388461
H            5.01864119243847        7.78525832760272        2.50221378045539
H            1.23193392729862        8.56165559712758        0.68562490937470
H            5.26083051652325        5.98138798102686       -3.59140056641967
H            4.33924300518329        4.33278505304525       -0.43665118625017
H            3.70989832288772        3.85573715243515       -3.70197000591622
29
 energy: -47.664175322264 gnorm: 0.009866400921 xtb: 6.7.1 (edcfbbe)
O            3.81430748350265        3.81703576018746       -2.74983281267431
O            5.02172634822728        1.44254501627832       -3.83322434412989
O            2.78354579060625        5.86555808413654       -2.80564561266957
C            5.51634879624418        2.00626446098247       -2.89594206843028
C            3.80680109182440        5.12918641307976       -2.22859757306334
C            5.67993050198004        1.59418977025780       -1.48812641575258
C            5.13246471962048        5.84831337214994       -2.52916918448682
H            4.69387338598817        1.45939083999942       -1.03940911285281
H            6.24717206171210        2.33023711977391       -0.92392146332087
H            6.20559435492929        0.63512713992334       -1.46745333370733
H            5.16224863737452        6.78508742085410       -1.97800150484627
H            5.95774085657374        5.20730064278388       -2.22996717928523
H            3.71869937522441        9.58560992360572        2.99005122787108
H            1.94351207863590        5.39820064104974       -2.69172352964740
O            2.93991356046894        9.41683569227744        2.44594425209936
N            3.59242944802069        4.93589089984588       -0.80142969921810
C            3.45511659157905        6.07971270168241        0.01430813730693
C            4.40797809618525        6.39620523468263        0.97921130824882
C            2.31797784829108        6.88340410747963       -0.08516586619843
C            3.13616023172821        8.31082333405782        1.67026005666336
C            4.25759865228996        7.49806470526432        1.79744025785102
C            2.16265907712998        7.98517792369527        0.72997055465986
H            5.28951455037542        5.77545135002701        1.08552465723703
H            1.55066928402531        6.64713405036338       -0.80416498882679
H            5.01488967683228        7.72654424955214        2.53491783532234
H            1.28183230854970        8.60469780292536        0.65448119225947
H            5.20351888224480        6.06020428723123       -3.59240538296309
H            4.32289663795769        4.32158556818116       -0.45602959175601
H            3.77049427398371        3.86385798267069       -3.71888951298570
29
 energy: -47.664792625051 gnorm: 0.010194669050 xtb: 6.7.1 (edcfbbe)
O            3.83538533303019        3.82871551640057       -2.76847615771111
O            5.10338526885557        1.44566566641438       -3.83570851971927
O            2.73029329579180        5.83695337688289       -2.81323352548812
C            5.56192310339626        1.99700047346061       -2.87228622164473
C            3.78275696990318        5.13715383913604       -2.24052033792235
C            5.67535983359251        1.58230483661789       -1.46394013212464
C            5.08215852065863        5.90292495689646       -2.53719512181686
H            4.67287329751854        1.48246182947373       -1.03935254476469
H            6.24851623090092        2.30238803040064       -0.88712455884248
H            6.16949857234241        0.60600708748702       -1.41957349039787
H            5.09058197237792        6.82627188876007       -1.96480612034431
H            5.92855806759539        5.28079799973596       -2.25821272037757
H            3.74712685069484        9.54104269540758        3.03077795089220
H            1.91559106165464        5.32189145078470       -2.71266783555253
O            2.98104610811286        9.40394897015294        2.45746831509510
N            3.57360652898257        4.93233689957864       -0.81495230250340
C            3.45290863918347        6.07511244077625        0.00558013295027
C            4.39425009268997        6.35793051224337        0.98958465631175
C            2.34067097931061        6.91142789723346       -0.10954609875073
C            3.16484277201893        8.29963952936755        1.67506518792715
C            4.26213671730671        7.45777869093355        1.81522466400442
C            2.20268325310716        8.01116279911516        0.71131952960483
H            5.25778845605846        5.71424741818904        1.10334749954328
H            1.58588270650262        6.70688201478464       -0.85007975872786
H            5.01092938825815        7.66251816426525        2.56659575762463
H            1.34200285466267        8.65654923866854        0.62193091097038
H            5.13632514903330        6.14120171156632       -3.59438902544155
H            4.30028229031715        4.31108916039592       -0.47550253052223
H            3.83825028824867        3.87623139986901       -3.73631729956559
29
 energy: -47.665504693727 gnorm: 0.012630101404 xtb: 6.7.1 (edcfbbe)
O            3.86386147483778        3.83949374403016       -2.78668644799949
O            5.19754474311529        1.44233942738561       -3.83540702547242
O            2.67113964893888        5.79587183258315       -2.82895223969048
C            5.61806264953114        1.97765659417065       -2.84715227181357
C            3.75658180968704        5.14342983435608       -2.25610886472068
C            5.67074989036387        1.56920918112581       -1.43611282467046
C            5.02287157481653        5.96250791871203       -2.55056561480253
H            4.64907215777148        1.51737753171048       -1.04613764483039
H            6.24748982627860        2.27527943913322       -0.84773373929014
H            6.12437419326164        0.57502642604133       -1.35904852165171
H            5.00394746869641        6.87345546304216       -1.96081994463752
H            5.89511975571830        5.36910162111947       -2.28897386140177
H            3.76638783789235        9.47215291497381        3.10166388217767
H            1.88838367281299        5.23780322728418       -2.72869866020426
O            3.02706498373325        9.38812104153203        2.47364873249710
N            3.55245631806476        4.93245286378110       -0.83117984120361
C            3.45049044451000        6.07430499893882       -0.00735272343697
C            4.38029361122328        6.31774919938001        0.99649050697890
C            2.36970319896173        6.94790022048329       -0.13840117675048
C            3.19758160024785        8.28849811692193        1.68134761593288
C            4.26561961661268        7.41339317543385        1.83317405501297
C            2.25094212853847        8.04397121408097        0.69001217444959
H            5.22127209835771        5.64808794972499        1.11862400259987
H            1.63066724718570        6.77972458981780       -0.90251027131406
H            5.00482407887836        7.58904821453362        2.60038974114497
H            1.41549616028049        8.71952634575995        0.58733595030042
H            5.05604557712325        6.22245624608094       -3.60163778390746
H            4.27221834572980        4.30252883526623       -0.49572265137032
H            3.91735248893716        3.89116832759386       -3.75047424921788
29
 energy: -47.665890588198 gnorm: 0.020845336589 xtb: 6.7.1 (edcfbbe)
O            3.89057959126684        3.85165152806080       -2.80363825088446
O            5.29010716548817        1.45080248442763       -3.83123682567251
O            2.61194628998866        5.75858471613752       -2.84440973478541
C            5.66738894358479        1.97327498059234       -2.81421002781511
C            3.72983289529696        5.15161035205268       -2.27299335518427
C            5.66731407501991        1.55220452511020       -1.40307151140751
C            4.96206584984909        6.02688074076842       -2.56843248625796
H            4.63017364208769        1.53399077987627       -1.05059380512941
H            6.24587358895361        2.24069387108602       -0.79240435819840
H            6.08448483308210        0.54416069969945       -1.31213110243753
H            4.91472276505241        6.92519329189887       -1.95655361524635
H            5.86148171608742        5.45972706221480       -2.32976461585949
H            3.79398310969893        9.41674505636890        3.15182334681406
H            1.85527504099570        5.14438003975556       -2.76173334568288
O            3.07616881467310        9.37384758225233        2.48862039840562
N            3.53281596637160        4.93383406799847       -0.84770813824965
C            3.44771038542753        6.07038425001703       -0.01625820219998
C            4.36619824985672        6.27097441328853        1.01193064310041
C            2.40019599335139        6.98463265041617       -0.16637513242812
C            3.22996107930007        8.27588390977161        1.69049404342497
C            4.26663349583797        7.36282650745909        1.85770876656905
C            2.29865984513022        8.07558747439037        0.67115624602483
H            5.18261387736254        5.57198000505023        1.14724543242614
H            1.67719554609424        6.85506638970481       -0.95743891537123
H            4.99696542177773        7.50637370123653        2.64279484846705
H            1.48913404002585        8.78349719641060        0.55379965713571
H            4.97152727212566        6.31438412773036       -3.61563954427966
H            4.24566840252570        4.29225876404888       -0.51983396199220
H            4.00093670579488        3.90820532717234       -3.76813615057548
29
 energy: -47.666406003210 gnorm: 0.021120480083 xtb: 6.7.1 (edcfbbe)
O            3.90833537201867        3.85443594018391       -2.80401338080165
O            5.33382752723283        1.43113284773549       -3.81608629778163
O            2.59854610724484        5.72713330567530       -2.86646726464517
C            5.69569198018534        1.95058438148474       -2.80058584037592
C            3.72323144442879        5.14958428566500       -2.28678290789806
C            5.66688785716351        1.54655922070767       -1.38660484004075
C            4.92874603501727        6.04812165354789       -2.59203213965446
H            4.62812428091303        1.55694123934995       -1.06818202160707
H            6.23588992639861        2.23848415857780       -0.77274983271286
H            6.05900912846446        0.54175993344487       -1.28117171706062
H            4.86223001708909        6.94876283417581       -1.99014465346502
H            5.84176230448606        5.51207361198607       -2.34768104799714
H            3.76629891996060        9.35540723086175        3.22466452731507
H            1.85608702116519        5.10978340064451       -2.76212065104678
O            3.09075091970275        9.35771033690921        2.50908269095282
N            3.52918687781209        4.94713324530916       -0.85809469342042
C            3.45061150785912        6.07935161816120       -0.02578224828619
C            4.36444711850978        6.25956165572718        1.00917642179330
C            2.42862549675498        7.01230905436883       -0.18170938113514
C            3.24189362033803        8.26906235852716        1.70262932404668
C            4.26023109325178        7.34318543614230        1.86581545403099
C            2.32853960836265        8.09262378443698        0.66741881623882
H            5.16375526516123        5.54995450542745        1.14915729504043
H            1.72036739772554        6.90149841823889       -0.98432837780959
H            4.98504043808977        7.46917059861836        2.65728617432398
H            1.53792034087655        8.81616042425969        0.54876488688979
H            4.92128023423111        6.32314947978271       -3.64027305207492
H            4.22987318477083        4.29443239324910       -0.52802953987382
H            4.03042357689329        3.92356914179734       -3.75814540023315
29
 energy: -47.667010037764 gnorm: 0.012457765152 xtb: 6.7.1 (edcfbbe)
O            3.92530821575759        3.85946359823089       -2.81002834491262
O            5.38237637730221        1.44169728214874       -3.80762572341163
O            2.57059405278872        5.70655221867017       -2.88133520127113
C            5.72715028239318        1.95460729072995       -2.78066752677012
C            3.71023036583042        5.15435396120133       -2.29952716139649
C            5.66644861981150        1.53658441103971       -1.36675984302666
C            4.89675082087609        6.08152437026724       -2.60974034012867
H            4.61417242478853        1.57620231650649       -1.07426374875937
H            6.24639219142135        2.21180384052722       -0.73947757067678
H            6.02620210806905        0.51310526738947       -1.25761517184258
H            4.81467289921786        6.97960826123465       -2.00411212219613
H            5.82356541751953        5.56312939428954       -2.37353892061448
H            3.78671319488685        9.34687193730798        3.22271610613966
H            1.84026543913324        5.08856203180352       -2.76844507684747
O            3.10877048422499        9.34097450948396        2.52785180049196
N            3.52541278707506        4.95144837129440       -0.86916137143618
C            3.45171827428672        6.07689364520462       -0.02917389319331
C            4.35647445060259        6.23567147310154        1.02064309783307
C            2.44719260460194        7.02928507332995       -0.19525701074535
C            3.25288267199018        8.25708714729723        1.71407131890035
C            4.25580566313062        7.31345543107427        1.88408338208530
C            2.35004160486786        8.10297484780748        0.66329927628821
H            5.14202924558502        5.50995420807339        1.16983097025972
H            1.74890549990097        6.93511402873130       -1.01081262631378
H            4.97433571635623        7.42108044481084        2.68669317222897
H            1.57274801116009        8.84139156657247        0.53778670507577
H            4.87842891226042        6.36150341064856       -3.65706039249159
H            4.22212031912920        4.29066256578995       -0.54530818082493
H            4.06990594714015        3.92807359042902       -3.76405529973110
29
 energy: -47.667483826690 gnorm: 0.014328129504 xtb: 6.7.1 (edcfbbe)
O            3.95830100939946        3.87599601520725       -2.82272432652540
O            5.44696443781389        1.43520226627136       -3.78550093324271
O            2.52352511788635        5.67678246241561       -2.89379918102427
C            5.75998073319370        1.95148619643853       -2.74931976575808
C            3.69268213213753        5.16752350154299       -2.31729099042129
C            5.66350933103113        1.52510859161249       -1.33969781114162
C            4.84668851682694        6.13676011309173       -2.63784209720711
H            4.60627486677328        1.59691778946658       -1.07211427549520
H            6.24955075998626        2.18208500778347       -0.69996419280536
H            5.98863764246653        0.48724320759140       -1.22511797271374
H            4.74146298962928        7.03109943111708       -2.02950371916507
H            5.79265025917755        5.64667034389776       -2.41218850990907
H            3.80574599777271        9.30706545484185        3.24893424279047
H            1.81178667589289        5.02159210682327       -2.78449165041807
O            3.13896035571364        9.31991469727828        2.55145351256323
N            3.52239696444072        4.95786416180355       -0.88586210754614
C            3.45590589272546        6.07322310509372       -0.03369170911313
C            4.34323927264196        6.20041125480256        1.03761718939971
C            2.47964723012925        7.05593516260737       -0.21599817501370
C            3.27282431909845        8.24328777986141        1.72567097260794
C            4.24885572137122        7.26880068712028        1.91158052521674
C            2.38861820487581        8.12350292068853        0.65190369403628
H            5.10900107023100        5.45411215477976        1.19566052525472
H            1.79885563583800        6.98760019007620       -1.05156423987283
H            4.95616373405006        7.35090747177338        2.72892069793845
H            1.63229317555157        8.88316709961767        0.51669221723470
H            4.81010953145908        6.41860556362653       -3.68421771191840
H            4.21339585605299        4.28555842738251       -0.57202780554892
H            4.12958716794200        3.94521333038198       -3.77250609948753
29
 energy: -47.667937842979 gnorm: 0.020342991751 xtb: 6.7.1 (edcfbbe)
O            3.97407410852878        3.89180461087780       -2.83042485860953
O            5.50408783337622        1.42333597020615       -3.77133759091044
O            2.50361446493351        5.66062113651005       -2.90082011883733
C            5.78035705764834        1.95390689100552       -2.72491410616882
C            3.68305720555525        5.17696082708479       -2.33006799521663
C            5.65685153127571        1.52021705170669       -1.32012836644505
C            4.81186717948602        6.16573308369290       -2.66539863623218
H            4.60251833821252        1.60799872109596       -1.06818969154475
H            6.24300264647125        2.16310802931783       -0.66819871789528
H            5.96339442651671        0.47830742916308       -1.20606964244650
H            4.69091718702557        7.06329599328674       -2.06589128464172
H            5.76700963978277        5.69875017236204       -2.44034663997536
H            3.81042010059387        9.26998144691245        3.27165774560786
H            1.80000479432367        5.00031104496574       -2.78177768694156
O            3.15326776941427        9.30256252698938        2.57173344272704
N            3.52731859540350        4.96589517925157       -0.89817500815687
C            3.46385684128705        6.07301370126280       -0.03717771027262
C            4.33334836541058        6.18175481544966        1.04806500956311
C            2.50663323957504        7.07081098797580       -0.22627402322202
C            3.28218157586721        8.23312055054738        1.73422413378653
C            4.23980553060026        7.24149354155947        1.92952338453295
C            2.41481586954945        8.13344939646026        0.64835151405280
H            5.08609982313129        5.42389643995615        1.20965871956481
H            1.84055327294757        7.01501138996936       -1.07214253294131
H            4.93535407538793        7.30833043093738        2.75625678320251
H            1.67300678811160        8.90439055800898        0.50769203203139
H            4.76281935640144        6.43485961275422       -3.71474450126369
H            4.21262467380496        4.28417961937554       -0.59200590550465
H            4.16475231148675        3.96253533630883       -3.78006744512664
29
 energy: -47.668601624998 gnorm: 0.011773538555 xtb: 6.7.1 (edcfbbe)
O            3.99414702827258        3.91052480974598       -2.84083258280837
O            5.54662136063824        1.40160767299734       -3.73252896108934
O            2.48206175740730        5.63641230469369       -2.90467303163097
C            5.81196259367529        1.94381798245550       -2.70030461585481
C            3.67371048712759        5.18596186198340       -2.34567419256547
C            5.65569976607819        1.52028596005493       -1.30066382083192
C            4.76747199065659        6.20082540488097       -2.70291772757108
H            4.60075499255423        1.65886788642117       -1.06117282464172
H            6.26213035174667        2.13714840803177       -0.64368211645450
H            5.91778432893211        0.45949137923446       -1.17668583641904
H            4.62231771650424        7.10662395718659       -2.12013572916127
H            5.73726821188056        5.76800646607347       -2.47634294629042
H            3.80584969696961        9.20392608523759        3.31816791497461
H            1.78807637638213        4.97611862288486       -2.76360358402409
O            3.16983433718853        9.28204973650817        2.59432371130838
N            3.53922323582059        4.97575258203255       -0.91373384028249
C            3.47824636410764        6.07503332133489       -0.04528334540826
C            4.31921080110854        6.15775564731619        1.06231713803243
C            2.54476274075782        7.09136315105440       -0.24352462586820
C            3.29288847181231        8.21841451548541        1.74472151191688
C            4.22734023314034        7.20829344335815        1.95156549022306
C            2.45101679227376        8.14789087287656        0.63973626628585
H            5.05551232239811        5.38397873173465        1.22927984929049
H            1.89941165518940        7.05475177435832       -1.10641765640781
H            4.90310877608879        7.25596319890114        2.79329634995285
H            1.72877974092349        8.93525273495984        0.48750382700768
H            4.70315367041985        6.44711983967057       -3.75852548893770
H            4.21767949479034        4.28515769006673       -0.61564828191829
H            4.19158930726462        3.98124045345444       -3.78555054810860
29
 energy: -47.668847396363 gnorm: 0.026448980720 xtb: 6.7.1 (edcfbbe)
O            4.02461422940157        3.92464158905462       -2.85529285331627
O            5.63696014225612        1.38649514642548       -3.71901513783098
O            2.44200305462488        5.59408255170884       -2.91519513154053
C            5.85052784944246        1.93645940264445       -2.66894327773436
C            3.66056834022022        5.19262615642575       -2.36588272486214
C            5.64311155459246        1.51362487360873       -1.27131701769990
C            4.71221724269310        6.25331577038009       -2.74048515137565
H            4.58503645977315        1.68253196262454       -1.05889605345281
H            6.24762561845311        2.11048379030234       -0.59209537056884
H            5.87684284334872        0.45220265304849       -1.13989314606057
H            4.53449299063575        7.16472162731327       -2.17265729928400
H            5.70665016191874        5.86537648613087       -2.51333210407678
H            3.80016224365818        9.12684687257863        3.38327282284236
H            1.76952535453914        4.92297215096904       -2.74355315220912
O            3.19496995972094        9.25711023454047        2.61868062540427
N            3.54880613955316        4.98662447261842       -0.93227301124902
C            3.49292575924912        6.08033150153422       -0.06055372742658
C            4.30501755993217        6.12296433507377        1.07685696710417
C            2.58999455861930        7.12474613156026       -0.27307402546043
C            3.31192698331683        8.19931009349178        1.75883584187910
C            4.21869343282706        7.16800678618300        1.97400528529446
C            2.49928861553303        8.17019197199933        0.62457198447952
H            5.01876154614256        5.32665717213215        1.25441301332760
H            1.96671298671950        7.11766439629156       -1.15771758360590
H            4.87036594483534        7.18459603163114        2.84157007249526
H            1.80099558195028        8.97866226708012        0.46014335085992
H            4.63047274835632        6.48053180127528       -3.79923227782959
H            4.22115397167493        4.28960961633406       -0.64019671194349
H            4.22719072812190        3.99624865003215       -3.78973390343955
29
 energy: -47.669156970712 gnorm: 0.022062289818 xtb: 6.7.1 (edcfbbe)
O            4.03920975075081        3.93498554134011       -2.86477725548711
O            5.63235710528297        1.37690504596297       -3.69557941514771
O            2.43515564725476        5.58318544096394       -2.90979038942149
C            5.84036975546076        1.93656582345320       -2.65566398873645
C            3.66518003495599        5.19912572460155       -2.37416265719485
C            5.63778326833765        1.51544330096133       -1.26278262455616
C            4.70017220327568        6.26937212025581       -2.76253179619426
H            4.59310555175862        1.68195645269117       -1.04280911982185
H            6.24010429112655        2.10374859301962       -0.57681318903813
H            5.87080315112893        0.46636292710375       -1.15020319833901
H            4.51145341025325        7.19137805978146       -2.21746927137981
H            5.69706972298539        5.90178549806042       -2.52326074391481
H            3.79338786244102        9.12614429768855        3.37200222893533
H            1.76305433987162        4.90665783450400       -2.71959937308007
O            3.18351980579098        9.23874982352171        2.63373491839464
N            3.57288486976207        4.99509722235437       -0.93845440068963
C            3.50744431996201        6.08310467679680       -0.06522141415868
C            4.30166924981813        6.11404949622569        1.08328543645180
C            2.61059548773109        7.12731590107278       -0.27735507713599
C            3.30753916082645        8.18490941797171        1.77064989853423
C            4.20962930236814        7.15868012531056        1.98152150491892
C            2.51093331864436        8.16342521126304        0.62976234229342
H            5.00975641017389        5.31692767437196        1.26237111466603
H            1.99518625772726        7.12296889836631       -1.16241622466260
H            4.84465311308757        7.16730451587589        2.86109310053392
H            1.81678662517004        8.96907818812760        0.46516154708614
H            4.62082663783668        6.46648103435599       -3.82672715241332
H            4.24843825195430        4.30199288316283       -0.65115777926110
H            4.22854569637314        4.00593476582724       -3.79979671846046
29
 energy: -47.669113627423 gnorm: 0.031325681305 xtb: 6.7.1 (edcfbbe)
O            4.04012049560253        3.94794573715951       -2.87588030319325
O            5.67065559584223        1.39153501030669       -3.68181124888834
O            2.41439110019607        5.57048076345106       -2.91323356322549
C            5.87984783472117        1.93135808623942       -2.63990797196566
C            3.65121633529808        5.20528083819782       -2.38235202616471
C            5.64122295976741        1.51157629972144       -1.24531056073947
C            4.66581348123625        6.28677683328213       -2.78051584144753
H            4.58288884237394        1.73185302069459       -1.04776533704127
H            6.26496504906746        2.08033902234223       -0.55716901111703
H            5.81809684091136        0.43210281291727       -1.12080952975704
H            4.46634209971241        7.20522944980099       -2.23766725815228
H            5.66254038938849        5.93499861103490       -2.54004938614289
H            3.79607710774082        9.11138974603829        3.38583867000051
H            1.75337686574014        4.88032585149945       -2.71631039465873
O            3.19707507985435        9.22676849768589        2.64587688403441
N            3.57046726982802        4.99881871998435       -0.94573169279440
C            3.50913341187929        6.07850037555581       -0.06281747219859
C            4.29385775927112        6.09145697483058        1.08894791397882
C            2.63153317365732        7.14171320167047       -0.28211832882289
C            3.32082237753422        8.18052729820488        1.77461118630357
C            4.20208432776258        7.12734799127658        1.99967713938242
C            2.53703775504093        8.17604179223808        0.62582814216603
H            4.98953801255936        5.28776193638320        1.26769844737441
H            2.02676358670504        7.15293201949043       -1.17424350834389
H            4.83090895881074        7.12707273150802        2.87760719776638
H            1.85650630911623        8.99448770078492        0.45760689562278
H            4.58021854616197        6.48033042706518       -3.84444562897562
H            4.24372902652395        4.29773458073131       -0.66545314532234
H            4.29038400980696        4.02695016489650       -3.82708996495589
29
 energy: -47.669881386149 gnorm: 0.011198952441 xtb: 6.7.1 (edcfbbe)
O            4.04860776642051        3.95194581790120       -2.88155616554056
O            5.69182528415898        1.39003418896929       -3.68339638607439
O            2.41615501833706        5.56541144450089       -2.90638311357102
C            5.87984120956934        1.93620492920049       -2.63171357462340
C            3.65684945707547        5.20642691321525       -2.38623838752488
C            5.63477585447869        1.51461498905704       -1.23974586671990
C            4.66185766551804        6.28979174577483       -2.79461983926328
H            4.58286144305462        1.72945911276450       -1.04035548450550
H            6.25323894064155        2.08090747983939       -0.54798994025438
H            5.81254812197721        0.43992421413072       -1.11965571174304
H            4.45111717179388        7.21277152726800       -2.25949071077899
H            5.66232734368770        5.94887806605302       -2.55017768115389
H            3.77944997904787        9.09054410430449        3.40343507729239
H            1.75694139164164        4.88526059697952       -2.68982770985194
O            3.19343798294290        9.22416996165627        2.64467996036523
N            3.58629776029588        5.00071630447069       -0.94948091267642
C            3.51838486285253        6.07886409621475       -0.06531154690378
C            4.29185480633451        6.08708128045798        1.09188172260260
C            2.64356477195753        7.14327721739251       -0.28692898358503
C            3.32067819521649        8.17791155509819        1.77325226029102
C            4.19602852019300        7.11935637601451        2.00591566481732
C            2.54624411676122        8.17860014185178        0.61916376420776
H            4.98313023688045        5.27782542308774        1.27682861536603
H            2.04441926830419        7.15926313582532       -1.18376857071541
H            4.81542276597576        7.11448215805553        2.89015549692467
H            1.86927570141251        9.00067665314533        0.44614672564008
H            4.57677730958314        6.47271095737703       -3.86224058650238
H            4.26180736027433        4.30217514216388       -0.67044020760955
H            4.25189429572351        4.03035096222169       -3.81912760518694
29
 energy: -47.669957152584 gnorm: 0.015690729221 xtb: 6.7.1 (edcfbbe)
O            4.07072856823462        3.96139539865696       -2.89555811227155
O            5.72819454445245        1.37958462463721       -3.65642350170310
O            2.38622641059162        5.53338603524787       -2.90937166454202
C            5.88976096162562        1.93115523650499       -2.60289682514064
C            3.64873062643183        5.21105153232524       -2.40263075413011
C            5.62892984826492        1.51152748960691       -1.21870254052275
C            4.62081156195628        6.32703990869083       -2.82763870517163
H            4.58752196480291        1.74129735938562       -1.02380026589225
H            6.24560962895131        2.06523640262496       -0.51962494980418
H            5.78999160446356        0.44254013026972       -1.10236704731896
H            4.38039305144853        7.25487033361765       -2.30757065255654
H            5.64246157633368        6.02391042715806       -2.58216168022225
H            3.77297278804879        9.04334214860136        3.44268252744720
H            1.74249017630818        4.84976947732252       -2.66135989636572
O            3.20447317249885        9.19942497271096        2.66801291168265
N            3.60213792151405        5.01068641691942       -0.96503201573018
C            3.53500852631291        6.08567356517848       -0.07972076704591
C            4.28248442073945        6.06383939500961        1.10175079286123
C            2.68121951665960        7.16677905454890       -0.31044138589576
C            3.33113378801092        8.15884058414492        1.78813046656996
C            4.18711173702843        7.09153029345783        2.02096645698782
C            2.58208337280642        8.19041429502756        0.61045752904228
H            4.95446189965354        5.23514399696575        1.29982017179270
H            2.09890744689452        7.20215595522783       -1.22052976144603
H            4.78290027946192        7.05851018458210        2.93060534730179
H            1.92211430936496        9.02622953867753        0.43061626867946
H            4.52674286960939        6.49303472022512       -3.89851059795671
H            4.27755920424022        4.31090970452410       -0.69162989953276
H            4.28445282540141        4.04035731314107       -3.83406114639188
29
 energy: -47.670311372822 gnorm: 0.010607671535 xtb: 6.7.1 (edcfbbe)
O            4.07350256514066        3.96614248519814       -2.90302911325090
O            5.74307433528622        1.39395118122820       -3.65682678652530
O            2.38629912469988        5.53053567625798       -2.90106625021320
C            5.90186436113856        1.93443058111261       -2.59719725536801
C            3.65280269547367        5.21343852945496       -2.40644382919512
C            5.62340569048369        1.51296178216284       -1.21233656960724
C            4.61700135614348        6.32655624872274       -2.83995207025407
H            4.57773359597720        1.76288247935900       -1.02405811367993
H            6.25036278811778        2.05489014217729       -0.50810605254265
H            5.76272794597303        0.43640575958033       -1.09369942432343
H            4.37338447953617        7.25606665640818       -2.33106983161802
H            5.63343860430823        6.03022176812867       -2.58723636097912
H            3.75682234312480        9.03905461577362        3.44756148680175
H            1.74481179551009        4.85004216315400       -2.63446285242998
O            3.19483633857800        9.19190511959295        2.67130629827592
N            3.61834576925798        5.01388316880586       -0.96883695297663
C            3.54382618955605        6.08609272796570       -0.08104390262088
C            4.28202469049363        6.06215480396637        1.10123304179318
C            2.69133117779083        7.16441003775717       -0.30956434681778
C            3.32848846108920        8.15385039635400        1.79043325062907
C            4.18063412623629        7.08777110891002        2.02219662725284
C            2.58762558433071        8.18496153046148        0.61356606391540
H            4.95276213848893        5.23916684472126        1.29553885969857
H            2.11261419189840        7.20019423402764       -1.21763538661787
H            4.76934156066061        7.05576690096405        2.92994978427529
H            1.92919249699183        9.01849393836931        0.43630331294554
H            4.52824971758725        6.47813096064332       -3.91247397640826
H            4.29884678409742        4.31816156428100       -0.69789876802044
H            4.27226369414036        4.04711308945216       -3.84214057941415
29
 energy: -47.670362836968 gnorm: 0.015035180990 xtb: 6.7.1 (edcfbbe)
O            4.06786024698757        3.97448599770212       -2.91665846090815
O            5.75015877097656        1.41320884801343       -3.64295089049861
O            2.38715923471533        5.53115869740708       -2.88876171356243
C            5.90588254833445        1.94474988739516       -2.58162657150313
C            3.65344767197310        5.21665302719243       -2.41190336394173
C            5.62620606301025        1.51740849300558       -1.20291545835929
C            4.60594179285720        6.32501741039122       -2.85890972901448
H            4.58727615539383        1.78053265223543       -1.01069386181166
H            6.26123970331176        2.04745831370822       -0.49819746415432
H            5.74500174055873        0.43664729620844       -1.09235578386410
H            4.35598454710332        7.25268295654216       -2.35810014026639
H            5.61521331777146        6.03607241183277       -2.60271136606712
H            3.74824093197123        9.04038803987702        3.44398609387009
H            1.74872048091666        4.86210988008015       -2.60051741484347
O            3.19318340774501        9.18818012178949        2.66985780158578
N            3.63447449625981        5.01491037519603       -0.97555255491689
C            3.55160181709035        6.07981717497830       -0.07816917263905
C            4.27538647176517        6.04307478505941        1.11113422491416
C            2.70680246766022        7.16781798561238       -0.31162518593156
C            3.33152078546458        8.15082283024720        1.78951824753454
C            4.16688531698806        7.06029862814085        2.04169101373936
C            2.60261654831043        8.19076644686087        0.60726854765654
H            4.93801156026201        5.21513390018504        1.30880906482726
H            2.13525022849189        7.21593484900500       -1.22724647609001
H            4.74632795657242        7.02268374417174        2.94857537829561
H            1.95186908371373        9.03434299974142        0.42427016440390
H            4.52129053507737        6.46629950586315       -3.93287128079859
H            4.32115524883846        4.32105887074403       -0.71058061269637
H            4.25290547199012        4.05992036580452       -3.85975273223474
29
 energy: -47.670664934412 gnorm: 0.005208968698 xtb: 6.7.1 (edcfbbe)
O            4.06920526762081        3.97030769894708       -2.91740780197987
O            5.76055012812618        1.42218076043025       -3.64405371840109
O            2.38283295605336        5.52785485283298       -2.88463638900108
C            5.90957266666348        1.94932536408106       -2.57826126561482
C            3.65535064055582        5.21646585520278       -2.41376668960671
C            5.62277256661361        1.51685220936639       -1.20189905693078
C            4.60846810538654        6.32962176111684       -2.86037563400621
H            4.58419581829465        1.78567274917267       -1.01211782036835
H            6.25825458778552        2.04020503502909       -0.49321202178104
H            5.73677166385844        0.43618735852029       -1.09249612146901
H            4.35322855265853        7.25688904660062       -2.35834111434027
H            5.62512634649446        6.04560928872565       -2.60849038524017
H            3.74948304732650        9.03648413695167        3.44958289910132
H            1.74953291163696        4.85344846135416       -2.59552181558380
O            3.19267230251938        9.18432224208083        2.67287960032722
N            3.64157798365945        5.01663125787283       -0.97733606358293
C            3.55712511592145        6.08324260166942       -0.08260340090623
C            4.27693285084376        6.04703237190085        1.10925118701136
C            2.71109181406218        7.16815204717436       -0.31560699308875
C            3.33015287580266        8.14745400933261        1.79169098994535
C            4.16515051962259        7.06299060899647        2.03942396415856
C            2.60411772482481        8.18832364997481        0.60714798176234
H            4.93280196356887        5.21372813950641        1.31197802069473
H            2.13910176124157        7.21360758953509       -1.22921655069316
H            4.73698158107106        7.01885237161768        2.95374715938385
H            1.95475213008059        9.03091201536724        0.42524298365672
H            4.51622138358623        6.47245832761464       -3.93309163595912
H            4.33103185992110        4.32601322351092       -0.71234059359145
H            4.23255747631052        4.04881146050490       -3.86715941117121
29
 energy: -47.670823426876 gnorm: 0.004683242029 xtb: 6.7.1 (edcfbbe)
O            4.07364519049379        3.96832867078475       -2.91957823090190
O            5.77998553242455        1.43809970565588       -3.64305458213313
O            2.38140677330168        5.52365003407862       -2.87867691074723
C            5.91675425452009        1.95745367895894       -2.57117948868766
C            3.66029202578641        5.21687210327391       -2.41442583221126
C            5.61661320553494        1.51624858717974       -1.20011505541261
C            4.60817921740189        6.33539676162436       -2.86756962915317
H            4.57925178167826        1.79526734046786       -1.01563160525127
H            6.25266488008163        2.02853911471507       -0.48390569135459
H            5.72010495803902        0.43444337784639       -1.09559273550976
H            4.34897791378389        7.26036103640091       -2.36151485680711
H            5.63057273903299        6.05671249044060       -2.62183739328798
H            3.74595723091985        9.03106685376128        3.45706243252102
H            1.75587109446666        4.84173670576823       -2.58851888780185
O            3.19055968252331        9.18007265628408        2.67657801637993
N            3.65403812726290        5.01808822573035       -0.97826182243755
C            3.56418935129293        6.08513419409984       -0.08505251910694
C            4.27753608468975        6.04728690704011        1.11078844226586
C            2.71739448942087        7.16842669233317       -0.31863955664444
C            3.32959778388840        8.14406507730956        1.79457047146586
C            4.16098527391926        7.06194775809058        2.04104577280376
C            2.60733820810054        8.18635057673714        0.60686612231426
H            4.93038470803757        5.21145060412019        1.31580927479207
H            2.14697457357316        7.21287469896524       -1.23194421214651
H            4.72623757645672        7.01151925295070        2.96156941036990
H            1.95729404877730        9.02721789693665        0.42614080267974
H            4.50773548235934        6.48068706121827       -3.93891442548168
H            4.34895288093187        4.33293800279071       -0.71419888042720
H            4.19811953341157        4.03740042942721       -3.87880812736278
29
 energy: -47.670946948664 gnorm: 0.008983719438 xtb: 6.7.1 (edcfbbe)
O            4.07909185931440        3.96853080676346       -2.92289344399432
O            5.80684410910219        1.45962505925920       -3.64006471983156
O            2.38116481061798        5.51894828050797       -2.87191458000662
C            5.92724111914108        1.96890737399978       -2.56108357113630
C            3.66609115220867        5.21785871491506       -2.41556676679916
C            5.60807263580001        1.51616932204835       -1.19785706974147
C            4.60603108359132        6.34114262276425       -2.87730542537295
H            4.57298016149999        1.80923551210967       -1.02060932002685
H            6.24473923478230        2.01272100729291       -0.47064524747998
H            5.69531952317616        0.43197317602091       -1.10208141982217
H            4.34571616664920        7.26364372941785       -2.36675717550577
H            5.63263035720643        6.06723527533457       -2.64043433913230
H            3.73772190406672        9.02421704242565        3.46516074213008
H            1.76436501968531        4.82978262111501       -2.57922690360324
O            3.18572342685672        9.17463906859372        2.68117760199906
N            3.67053080040718        5.02010821118644       -0.98009713507672
C            3.57331922112692        6.08604728988439       -0.08646396991431
C            4.27912570456196        6.04495919602832        1.11395243292511
C            2.72558689792039        7.16855933047461       -0.32067171310764
C            3.32808459192615        8.13960630713722        1.79862481541697
C            4.15639087952369        7.05744250130663        2.04580287347811
C            2.61087703024939        8.18389903580169        0.60716046761018
H            4.93033558245936        5.20803666294277        1.32010650033280
H            2.15815139644080        7.21375168582662       -1.23531441212656
H            4.71614237422181        7.00197135434755        2.97053772818731
H            1.96067859157397        9.02413604353811        0.42608762379352
H            4.49579006960473        6.48791050465870       -3.94718458191564
H            4.37299161639684        4.34172945476256       -0.71855481056462
H            4.15587728199953        4.02684930452612       -3.89087387798858
29
 energy: -47.671099584035 gnorm: 0.011056558482 xtb: 6.7.1 (edcfbbe)
O            4.08479483184273        3.97026498745617       -2.92781167812828
O            5.84560165871901        1.49270936785767       -3.63427125009021
O            2.38167711387647        5.51351633451254       -2.86360844090302
C            5.94262532193393        1.98714874695575       -2.54580585985582
C            3.67282840313830        5.21928029650592       -2.41780615690133
C            5.59500263372577        1.51715398902630       -1.19497400425771
C            4.60196207025905        6.34677545394196       -2.89158124155142
H            4.56417896575229        1.83137750172035       -1.02734432912744
H            6.23273433266550        1.98877625578941       -0.45101821883462
H            5.65651328572775        0.42904677639493       -1.11456408130180
H            4.34396735069591        7.26682285749712       -2.37576099058531
H            5.63214642631724        6.07714915775641       -2.66815376908929
H            3.72330955400174        9.01349693945036        3.47580268982331
H            1.77465868923993        4.81795863437634       -2.56549636033736
O            3.17694313450486        9.16585417694258        2.68822444915549
N            3.69292769720323        5.02303829056504       -0.98329886113974
C            3.58583890014424        6.08605346516363       -0.08726369301954
C            4.28208708051032        6.04000896246297        1.11881096341441
C            2.73766438174524        7.16859618483596       -0.32247998548820
C            3.32557868996283        8.13287216425800        1.80441334088369
C            4.15116232343587        7.04891106855588        2.05395052190687
C            2.61596674699815        8.18037691332015        0.60800006886444
H            4.93252575558569        5.20300895007646        1.32561609694873
H            2.17510113126889        7.21644450326452       -1.24016774101336
H            4.70463832845911        6.98862347882690        2.98219999739737
H            1.96604238984791        9.02076298398977        0.42536437289538
H            4.47818195189070        6.49440349395497       -3.95971398784687
H            4.40626525221135        4.35388902647281       -0.72664035980917
H            4.10469020044728        4.01531553305879       -3.90161118928198
29
 energy: -47.671293516537 gnorm: 0.007153579574 xtb: 6.7.1 (edcfbbe)
O            4.08767680047365        3.97323812868269       -2.93385142392350
O            5.88847565316395        1.52954331337288       -3.62556431140012
O            2.38211693908255        5.50942320971071       -2.85552347911649
C            5.95943989874920        2.00848490356109       -2.52831014718736
C            3.67764750052894        5.22064764145717       -2.42102785453297
C            5.57959498901944        1.52003171730994       -1.19239393411405
C            4.59656733152101        6.34976850870035       -2.90744645752902
H            4.55464167689779        1.85784554613252       -1.03425468993193
H            6.21793230992602        1.96234718033569       -0.42980849288755
H            5.61165572124142        0.42808356293798       -1.13143607328102
H            4.34530376247356        7.26847775399874       -2.38703677158738
H            5.62864894952928        6.08174517459465       -2.69972405975617
H            3.70621155572604        9.00005768887292        3.48669675837729
H            1.78193203695109        4.81202013392349       -2.54912142203031
O            3.16615192772830        9.15451560873763        2.69668860606295
N            3.71491267675593        5.02609648323200       -0.98735000223831
C            3.59856661534717        6.08485634024674       -0.08739017004198
C            4.28599128530089        6.03341211891736        1.12368322586768
C            2.75100241992076        7.16841934194463       -0.32368640185086
C            3.32283140236074        8.12476822511053        1.81051054217083
C            4.14723058056870        7.03793375478429        2.06313958441389
C            2.62173042854348        8.17636189591502        0.60935780197818
H            4.93677381484266        5.19733403809782        1.33059510372361
H            2.19406321946573        7.22059439414454       -1.24534907137372
H            4.69495319946503        6.97446868582553        2.99334145161796
H            1.97267203446023        9.01780992627147        0.42444113150344
H            4.45803621692211        6.49738666145166       -3.97390412435383
H            4.43966336794082        4.36627712208669       -0.73738237113967
H            4.06519028720488        4.00768743463244       -3.90488264471144
29
 energy: -47.671464159439 gnorm: 0.004196332043 xtb: 6.7.1 (edcfbbe)
O            4.09012065013414        3.97693344985699       -2.94117231529254
O            5.94003086367682        1.56853823140676       -3.61246342873288
O            2.38135217715295        5.50522702041284       -2.84402084666314
C            5.97803515576127        2.03293287982309       -2.50758063980185
C            3.68187134310958        5.22218901919125       -2.42580709235687
C            5.56057853466949        1.52562042039821       -1.19004085581132
C            4.59072994663469        6.35145307622215       -2.92698175616727
H            4.54306609800993        1.88815337913231       -1.04179091928271
H            6.19664821827358        1.93452167734544       -0.40707034867785
H            5.56209147716828        0.43177442708744       -1.15217815707991
H            4.35053257710989        7.27025199047899       -2.40229998721256
H            5.62530310781467        6.08274908194879       -2.73950096528179
H            3.68507568690581        8.98074322629767        3.50073087158879
H            1.78526550065094        4.81099429931870       -2.52378614556918
O            3.15151799906547        9.13790981289389        2.70869134261578
N            3.73930182515463        5.03030429787900       -0.99249395975536
C            3.61364926476247        6.08394062238935       -0.08826725232871
C            4.29215508710417        6.02725485085765        1.12753365000535
C            2.76673947977902        7.16797276039222       -0.32544409076338
C            3.31884312807974        8.11382281618863        1.81762485712816
C            4.14462433776795        7.02583728423991        2.07220827208830
C            2.62808942709630        8.17085626077816        0.61151634915232
H            4.94309182523618        5.19185400184453        1.33543121372496
H            2.21594372526849        7.22526508980857       -1.25115520104210
H            4.68452577356061        6.95941489303993        3.00537613935548
H            1.98015909896875        9.01339753813772        0.42450503154286
H            4.43289704833699        6.49849800280455       -3.99133601301682
H            4.47592561846898        4.38046294145767       -0.75101603970815
H            4.02944962638971        4.00076314335625       -3.90620140992835
29
 energy: -47.671583820524 gnorm: 0.006189674421 xtb: 6.7.1 (edcfbbe)
O            4.09478576621758        3.98012396660578       -2.94966080805328
O            6.00335117860270        1.61276948259450       -3.59497983942932
O            2.37999088906848        5.49937517322659       -2.82781617232161
C            6.00039408075125        2.06129244893504       -2.48209023610966
C            3.68807272530694        5.22405221359191       -2.43196256908656
C            5.53753758004461        1.53290347901298       -1.18720472669113
C            4.58444098633510        6.35451444203414       -2.95247285682844
H            4.52907088685313        1.92441097741462       -1.05047490529723
H            6.16934263065696        1.90219235789788       -0.38058918413955
H            5.50452817899672        0.43830595473848       -1.17677845065681
H            4.35809951151748        7.27366408372293       -2.42211790129859
H            5.62349013321568        6.08445788313504       -2.79111447950633
H            3.65845476046756        8.95434092205373        3.52058780043025
H            1.78806462586700        4.81085683358566       -2.48739079103081
O            3.13217567896600        9.11556681798119        2.72519998376766
N            3.77069208931418        5.03634561367291       -0.99877515848028
C            3.63354882280981        6.08457683809283       -0.09087104554427
C            4.30091474767294        6.02207735316718        1.13092296430540
C            2.78601900364592        7.16762833125023       -0.32847052330174
C            3.31299798995111        8.09956537920501        1.82681597740268
C            4.14130749432465        7.01268840487666        2.08181502977464
C            2.63512670236740        8.16357180827657        0.61449662315841
H            4.95221432561667        5.18720627978307        1.34019621624655
H            2.24218291475921        7.23021058051186       -1.25803548021639
H            4.67066356801732        6.94198909744659        3.02026748435921
H            1.98729975936367        9.00599121573216        0.42635842907265
H            4.40108714273960        6.50160202528951       -4.01349939822643
H            4.52089205994326        4.39853402887588       -0.76707391303717
H            3.98086836871869        3.98882250227693       -3.91227176653111
29
 energy: -47.671714877691 gnorm: 0.006360630551 xtb: 6.7.1 (edcfbbe)
O            4.09372956634704        3.98190764238349       -2.95943913310380
O            6.06495687708631        1.64366393881111       -3.57060085861261
O            2.37799942314895        5.49724652093649       -2.81114083143602
C            6.01970661290524        2.08499458823240       -2.45729260195419
C            3.69158599907948        5.22567066302013       -2.43909109505727
C            5.51470957217669        1.54420570068186       -1.18564071657219
C            4.57834329412262        6.35456453482770       -2.97906239281717
H            4.51584199719032        1.95820893026295       -1.05819632130884
H            6.13654567897141        1.88029292662294       -0.36086434089560
H            5.45599980286681        0.45357041195254       -1.20033021152716
H            4.37148010066367        7.27554230081540       -2.44328384237454
H            5.62043204793570        6.07808253215253       -2.84594243716380
H            3.63105527768233        8.92223247223899        3.54297050798789
H            1.78410910122493        4.82335691863268       -2.44411160442525
O            3.11120000198345        9.08891967084490        2.74464459655290
N            3.79868438757153        5.04295696562546       -1.00575514263597
C            3.65316541009983        6.08622664662495       -0.09498233701839
C            4.31191848787783        6.01843238747914        1.13122282293090
C            2.80442084592573        7.16783972553637       -0.33136461325898
C            3.30670116338465        8.08358996209935        1.83624151933060
C            4.14022765066881        6.99979938869789        2.08874397642132
C            2.64118551100834        8.15583713540483        0.61876691150690
H            4.96595869310149        5.18522326915253        1.34010967780825
H            2.26695084681017        7.23642647730727       -1.26378467053145
H            4.66027873726405        6.92597928062538        3.03190561879918
H            1.99194413136053        8.99701629361537        0.43138256542899
H            4.36840570896192        6.50265910944064       -4.03538434599259
H            4.55881913001726        4.41466915861457       -0.78391635098035
H            3.95125854467472        3.98052094234722       -3.91279404636849
29
 energy: -47.671766852482 gnorm: 0.010552399450 xtb: 6.7.1 (edcfbbe)
O            4.09306217438558        3.98314720742441       -2.97196085294142
O            6.15488635939121        1.69273210771093       -3.54132996787920
O            2.37623869292183        5.49438437330006       -2.79128757919236
C            6.05209560918443        2.11759132012434       -2.42202905612692
C            3.69837939129530        5.22871549666549       -2.44783407724313
C            5.48352076310365        1.55550777364312       -1.18225270364945
C            4.57116993176373        6.35766377425513       -3.01370413394942
H            4.49682472539220        2.00737804764332       -1.07222768964625
H            6.09548255255931        1.84190428827731       -0.32748644695342
H            5.38064348845034        0.46606378611738       -1.23185149900243
H            4.38524178553428        7.27829036420755       -2.46867581195889
H            5.61758876727297        6.07643111815147       -2.91579069564532
H            3.59663257530341        8.88132766596131        3.57303795600552
H            1.78571242436838        4.83358992064985       -2.39280270979296
O            3.08548753298598        9.05535583652127        2.76960089311197
N            3.83832795270687        5.05211590313829       -1.01557411533678
C            3.67971214204743        6.08932264916271       -0.10099357917471
C            4.32591974594734        6.01324233385297        1.13214260986193
C            2.82840391111072        7.16905696711428       -0.33496810131276
C            3.29887071190749        8.06283523529845        1.84988136544436
C            4.13675973956908        6.98246738550418        2.09852121320404
C            2.64876881110866        8.14578428653956        0.62494757877503
H            4.98325819358423        5.18190072579092        1.33923539876182
H            2.30042419713526        7.24600752854840       -1.27175946043933
H            4.64524967436002        6.90161390635073        3.04818029143987
H            1.99711680635320        8.98496387751254        0.43895435345592
H            4.32738396053864        6.50914569319228       -4.06296159244747
H            4.61274626475525        4.43708062037508       -0.80546702779588
H            3.89170571707524        3.96401630195269       -3.92053425683797
29
 energy: -47.671844544942 gnorm: 0.003621133945 xtb: 6.7.1 (edcfbbe)
O            4.08922805737815        3.98098298254418       -2.97011352115409
O            6.14421334603419        1.68146170025891       -3.53839484907716
O            2.37615816625879        5.49732779764189       -2.79501152921758
C            6.04984627763134        2.11073544235064       -2.42436366041792
C            3.69667395990671        5.22914219902427       -2.44767510690521
C            5.48734069005474        1.55654727101760       -1.18282647547765
C            4.57255398569905        6.35641283977545       -3.01159329771176
H            4.50031688926695        2.00494168192851       -1.07137916873777
H            6.09791943331874        1.84923946786721       -0.33277183292409
H            5.38940053646621        0.46877452435932       -1.22789185042796
H            4.38600967731453        7.27639462587721       -2.46697609391144
H            5.61673255156422        6.07408770197258       -2.90982216338283
H            3.59983461010930        8.87963466252981        3.57323581956591
H            1.78536250839066        4.83855866847556       -2.39649947971908
O            3.08740645731074        9.05456214212350        2.77017698202045
N            3.83344302167066        5.05305330329153       -1.01643113633081
C            3.67733509991149        6.09114670044746       -0.10233561972846
C            4.32687621750748        6.01496970896932        1.12900121907910
C            2.82497304626563        7.17077622385991       -0.33391406088623
C            3.29948718552742        8.06289160957337        1.85024974357591
C            4.13840065577332        6.98364395082865        2.09553747916317
C            2.64653375544868        8.14636790294261        0.62672797773007
H            4.98557690393532        5.18405553288200        1.33336659739662
H            2.29667597630615        7.24869516077043       -1.27012556254933
H            4.65016915544221        6.90190864037945        3.04365521687983
H            1.99343455539248        8.98474638636254        0.44282544520191
H            4.33251105189917        6.50942395049681       -4.05947785352910
H            4.60456348286178        4.43539271874263       -0.80449407350110
H            3.89863734746594        3.96376099769268       -3.91966884228903
29
 energy: -47.671908252714 gnorm: 0.005217268344 xtb: 6.7.1 (edcfbbe)
O            4.08170000002182        3.97970619675530       -2.97387066204929
O            6.18719881901403        1.69526273648423       -3.52274805118499
O            2.37401238078242        5.50136595019664       -2.79241355927608
C            6.06382737294618        2.11998641329408       -2.40810148147443
C            3.69571487227054        5.23169290277419       -2.45179569941154
C            5.47434835156613        1.56060817065909       -1.18172145764325
C            4.57057712857363        6.35536794829536       -3.02448364927964
H            4.49158274856520        2.01819011171980       -1.08007989834357
H            6.07371239321919        1.83841478326333       -0.31939634223540
H            5.36571203868134        0.47593042234467       -1.23881012903767
H            4.39394935891538        7.27414164585525       -2.47498538389164
H            5.61376404695969        6.06838553095840       -2.93486067937328
H            3.58934835658937        8.85832625287759        3.58700044902341
H            1.78485148197843        4.85085302154334       -2.37989921742041
O            3.07884695655908        9.03760143217020        2.78312751642699
N            3.84275908566132        5.05877341130894       -1.02267732298271
C            3.68482765881868        6.09470745543750       -0.10660952490450
C            4.33455300742134        6.01426865140075        1.12452413333372
C            2.83058972307725        7.17410862923888       -0.33350892343665
C            3.29759050890803        8.05346430757313        1.85730549785526
C            4.14051251634832        6.97662407585610        2.09584596239796
C            2.64694140343843        8.14278002133076        0.63271842113819
H            4.99670510367847        5.18487675819160        1.32353732273192
H            2.30531842128154        7.25747667190914       -1.27071782673418
H            4.65281106107628        6.89039375654353        3.04355605988084
H            1.99083313093906        8.97960668351922        0.45267914493166
H            4.31867823651127        6.51249052387235       -4.06782536664150
H            4.61643181457410        4.44367109290705       -0.81396472654218
H            3.88991662373571        3.96056093670510       -3.91881430312170
29
 energy: -47.671962884684 gnorm: 0.005864809306 xtb: 6.7.1 (edcfbbe)
O            4.07250868128339        3.97980090364657       -2.98303746743755
O            6.26678380842420        1.72815304994414       -3.48681567693746
O            2.36985568479444        5.50603093645160       -2.78286559032045
C            6.09627436867347        2.14012795545972       -2.37318614516283
C            3.69679263786109        5.23708855052231       -2.46088237388882
C            5.44929558732344        1.57034155808003       -1.17873026711107
C            4.56555052290662        6.35555152229474       -3.05427846067335
H            4.47816755275194        2.05962200024225       -1.09647469549203
H            6.03270318617315        1.80866238946963       -0.29096631969877
H            5.30500139242211        0.48923168257398       -1.26390754848489
H            4.41053891715078        7.27210115712715       -2.49340884330221
H            5.60937103129274        6.06004839800105       -2.99502297026663
H            3.56397633699916        8.81474726817444        3.61598475653960
H            1.78614824067415        4.86949000745228       -2.34091014001733
O            3.05815749675370        9.00182075406916        2.81053275782046
N            3.86824099159206        5.07047917704475       -1.03537827498160
C            3.70308866971716        6.10068256769276       -0.11437136743260
C            4.35041252949559        6.01170800244955        1.11776518647514
C            2.84498545848968        7.17896149199045       -0.33334458071171
C            3.29264335773900        8.03317121665419        1.87224136289668
C            4.14411294662366        6.96106000787367        2.09934505979947
C            2.64885313048477        8.13375710601028        0.64434359694695
H            5.01834867229212        5.18503592147222        1.30811134233969
H            2.32549670131215        7.27224626682067       -1.27281082676418
H            4.65476300588931        6.86611597296992        3.04746848559048
H            1.98751322998447        8.96793781503356        0.47083043164680
H            4.28388044466744        6.52028378026383       -4.08940789653104
H            4.65041482578317        4.46324146983674       -0.83478330354919
H            3.85373519255756        3.95213756536272       -3.92302992855406
29
 energy: -47.672000136967 gnorm: 0.003669566557 xtb: 6.7.1 (edcfbbe)
O            4.07077952029073        3.98124994969477       -2.98365377982960
O            6.27641445385507        1.72978033027260       -3.47925115384966
O            2.36808676807394        5.50841809676821       -2.78462678813991
C            6.09852643603978        2.14019856623248       -2.36670361684150
C            3.69548287714076        5.23890230387363       -2.46260104011161
C            5.44756056671564        1.57020660017274       -1.17778300652989
C            4.56455559285378        6.35588677039309       -3.05728983833753
H            4.47733482867553        2.05737570838091       -1.09908580749651
H            6.02377955227094        1.80969650663929       -0.28848355722923
H            5.30661314800270        0.49103153297318       -1.26469858417988
H            4.41369523858061        7.27165211888477       -2.49401746740529
H            5.60775899734930        6.05798708148699       -3.00226979915995
H            3.56434344234356        8.80794506719437        3.61914251203196
H            1.78731934019426        4.87178686862761       -2.34123939886489
O            3.05739800309269        8.99561683732298        2.81541515624949
N            3.86699488896012        5.07290234828433       -1.03810207156603
C            3.70244557606878        6.10183572639993       -0.11543024756988
C            4.35333127369880        6.01207813778584        1.11453436288712
C            2.84310917050569        7.17978847717055       -0.33154731934985
C            3.29362437195820        8.03034200412469        1.87472382870131
C            4.14845178783863        6.95946467547394        2.09829168469352
C            2.64708094702752        8.13196191774048        0.64822336554461
H            5.02263804287433        5.18610072528891        1.30176066898395
H            2.32144036510691        7.27393007817418       -1.26990692416005
H            4.66250727359011        6.86329581657704        3.04406957714333
H            1.98411490666982        8.96571954451882        0.47765697914517
H            4.27932955119277        6.52314907636213       -4.09133369458042
H            4.64899736111912        4.46520822129670       -0.83743523166534
H            3.85390032002256        3.95612540686900       -3.92534850577549
29
 energy: -47.672036588630 gnorm: 0.004609012839 xtb: 6.7.1 (edcfbbe)
O            4.06634536268346        3.98392306575336       -2.98700260190921
O            6.30160472498247        1.74278587401176       -3.46256706695298
O            2.36426946616678        5.51189082054430       -2.78637141884210
C            6.11239920543659        2.14370031508662       -2.35041916182801
C            3.69293570177578        5.24168775099462       -2.46695027533819
C            5.44159169513730        1.56968988763499       -1.17581271668232
C            4.56069188572578        6.35706947490863       -3.06514007064328
H            4.47508560419900        2.06663283125637       -1.10746767454953
H            6.00824398614989        1.79775363996097       -0.27670898711029
H            5.29170796232387        0.49141818641472       -1.27269746923293
H            4.41938194175685        7.27207560721638       -2.49843280938990
H            5.60250880224616        6.05443406589220       -3.01994757504288
H            3.56340354889596        8.79278349205402        3.62700344239123
H            1.78765903787038        4.87623133786150       -2.33824498812253
O            3.05583378428283        8.98262202343070        2.82524852263831
N            3.86679797331216        5.07723780093992       -1.04344793098415
C            3.70323714629211        6.10359265826389       -0.11780788162723
C            4.35915578101493        6.01211473143814        1.10912515667960
C            2.84141571791747        7.18050218434496       -0.32868775108224
C            3.29552846576283        8.02382123287482        1.87955968212715
C            4.15606874000193        6.95531408111353        2.09732943293067
C            2.64523927924394        8.12784307246148        0.65527070035927
H            5.03124112178498        5.18755614179460        1.29136635428383
H            2.31615904688384        7.27634090904583       -1.26517012432236
H            4.67463477143323        6.85729952569829        3.03994005668162
H            1.97941798413736        8.96072477067855        0.49026021017392
H            4.26871526062263        6.52880497807724       -4.09644540573107
H            4.64938181102369        4.46978527043874       -0.84381002431047
H            3.85695879304868        3.96400076479260       -3.92896132182509
29
 energy: -47.672089541484 gnorm: 0.006895352679 xtb: 6.7.1 (edcfbbe)
O            4.05757808430396        3.98998244261314       -2.99821720224799
O            6.38221852393505        1.78016622813837       -3.42174792213024
O            2.35666151190204        5.51730232461500       -2.78371113436609
C            6.14397695293113        2.16081687957574       -2.30852586086238
C            3.69033086258924        5.24798385640003       -2.47809920677698
C            5.41954113193149        1.57172727521855       -1.17142385036849
C            4.55081527879995        6.36149821441737       -3.08922710094725
H            4.46112566706101        2.08589834200708       -1.12827653877739
H            5.95745484378840        1.77193526456671       -0.24660569132173
H            5.25404969570403        0.49865859413072       -1.29507390869716
H            4.43290602401016        7.27448671074651       -2.51352861374072
H            5.59096253862881        6.04906122663257       -3.07260738366030
H            3.55316776595155        8.75264965301947        3.65053798970172
H            1.78799472097637        4.88673042722171       -2.31845564072087
O            3.04740476551586        8.94931341505747        2.85021060792326
N            3.87803740857675        5.08742425207322       -1.05623649340451
C            3.71272518940946        6.10734042993960       -0.12410771922876
C            4.37455589518796        6.01065939855523        1.09917195761226
C            2.84434134802302        7.18097695716102       -0.32383841241825
C            3.29713503205290        8.00539172055902        1.89244663618307
C            4.16939251054065        6.94255535078843        2.09818123638168
C            2.64376201219413        8.11660530721974        0.67060118531874
H            5.05356072807779        5.18967180553055        1.27156547547333
H            2.31532550734666        7.28222411704157       -1.25817289336843
H            4.69298317975046        6.84000825189460        3.03696315178692
H            1.97169609939696        8.94700154116709        0.51670817729627
H            4.23686267159342        6.54313678093950       -4.11288260384598
H            4.66530264920652        4.48388122214615       -0.86214187938568
H            3.84574600272757        3.97454850560638       -3.94049605866682
29
 energy: -47.672151304574 gnorm: 0.005650212886 xtb: 6.7.1 (edcfbbe)
O            4.05171251558338        3.99535950547579       -3.00745723878076
O            6.41526759896363        1.79880156803795       -3.39872353345473
O            2.35172046631016        5.52054961745649       -2.78262304402409
C            6.16034364136248        2.16735408274523       -2.28589163551164
C            3.68805544931660        5.25162028155758       -2.48420012802372
C            5.41158549757199        1.57110955086153       -1.16831844747473
C            4.54423420332742        6.36691300435501       -3.09795025234782
H            4.45527599064202        2.09073856633750       -1.13927341004578
H            5.93316802302367        1.76033874135128       -0.23189274768578
H            5.24271047865911        0.50020804700530       -1.30473433182335
H            4.43537885851436        7.27759364158632       -2.51772632478776
H            5.58373264291474        6.05137406010704       -3.09465376085943
H            3.55447815192139        8.73512638182884        3.66019275594894
H            1.78567700488827        4.88875971590030       -2.31507463678829
O            3.04958790207359        8.93581441957926        2.85967539016019
N            3.88105499034875        5.08989660049230       -1.06184567333579
C            3.71630939215948        6.10717491981271       -0.12694558994237
C            4.38239470634938        6.00969079253091        1.09406576261212
C            2.84265783907333        7.17762935563853       -0.32024926405773
C            3.29989902077844        7.99665772371100        1.89750729584646
C            4.17724733381199        6.93715184797967        2.09749519669158
C            2.64259839761465        8.10958345510571        0.67823002913668
H            5.06593900891658        5.19115553576502        1.26194158215197
H            2.31035751146580        7.27967831136229       -1.25272688429711
H            4.70358393711198        6.83464784087931        3.03481696634019
H            1.96701749977632        8.93808144091581        0.53050374102242
H            4.22061694890223        6.55470581049027       -4.11773374402522
H            4.66938444528581        4.48673850750624       -0.87073158327272
H            3.84562514544606        3.98518316860675       -3.95266618662926
29
 energy: -47.672282217771 gnorm: 0.008458984336 xtb: 6.7.1 (edcfbbe)
O            4.03105021466383        4.01185798389985       -3.03546541012564
O            6.51136025321330        1.85016987049022       -3.33039554010726
O            2.33704099290973        5.53473209883523       -2.77827924388758
C            6.20590585372785        2.18661091918855       -2.21966256735241
C            3.67891151548989        5.26353852479684       -2.49997651833811
C            5.38950850226164        1.56956141130190       -1.15921074530639
C            4.52533828114648        6.38414148007873       -3.11726869815498
H            4.43637837388393        2.09832136860207       -1.17185180232119
H            5.86061848185716        1.73000810454344       -0.18919625880645
H            5.21616052494254        0.50424770743817       -1.33384887172568
H            4.43826982611701        7.28608213409590       -2.52082799654011
H            5.56320054237474        6.06203521703533       -3.14962589207108
H            3.56370160916191        8.68832800743397        3.68378249316469
H            1.77581843939307        4.89703828917838       -2.31314379048081
O            3.05905535375864        8.89938031434580        2.88389319656469
N            3.88824045677364        5.09376689372998       -1.07767472117398
C            3.72609520426181        6.10407420312920       -0.13513456783080
C            4.40572365735039        6.00489260433098        1.07870849231313
C            2.83825705684170        7.16627572654359       -0.31029622744282
C            3.30856799733370        7.97113637101598        1.91056934472295
C            4.19987872592121        6.92115339987498        2.09225450975231
C            2.63965738635336        8.08870282100714        0.69838356037404
H            5.10217361465751        5.19349932283355        1.23350696332984
H            2.29760279978312        7.27059248299374       -1.23740804189823
H            4.73383372590460        6.81865461883875        3.02599589534479
H            1.95394018400541        8.91109780117930        0.56638573144285
H            4.17342507331252        6.59076599735686       -4.12528888339057
H            4.67991294036801        4.49121277289218       -0.89736884739285
H            3.84798701434575        4.01775804798958       -3.98854525991625
29
 energy: -47.672203010945 gnorm: 0.016228397122 xtb: 6.7.1 (edcfbbe)
O            4.02110644397373        4.02568487140823       -3.05182732837481
O            6.50299898143637        1.85613971917659       -3.30998283895064
O            2.32884581106310        5.54408861134829       -2.78130746057424
C            6.20632004952343        2.18454590491477       -2.20182191909982
C            3.66814974093861        5.26897355040445       -2.50172244766880
C            5.39809253712664        1.56217765614845       -1.15408425521501
C            4.51423819561199        6.40180846002269       -3.09686468738017
H            4.43232789070252        2.06358108484193       -1.18000866710343
H            5.84600579484152        1.74028703355042       -0.18517491455088
H            5.25907327067276        0.49552939888940       -1.33092149980555
H            4.41349231039603        7.29562539342604       -2.49497581525111
H            5.55173374972315        6.08967738351441       -3.12237208550022
H            3.60369235352789        8.69940715667244        3.66942391665974
H            1.76047913388592        4.88465089878558       -2.35497404092914
O            3.09218738221472        8.90974063338901        2.87159595381031
N            3.87068678678623        5.07952420825191       -1.07720807961933
C            3.71790060002208        6.09115909575381       -0.13464586700734
C            4.40960148733494        5.99941933736709        1.07340090900292
C            2.82352391946800        7.14858846195538       -0.30395510946276
C            3.32099904088456        7.96950607103938        1.90431417629500
C            4.21144082459006        6.92166945561785        2.08144966097262
C            2.63744464364872        8.07922731708788        0.69962312396544
H            5.11014217701574        5.19097388869836        1.22696531855012
H            2.27387116953586        7.24507828341724       -1.22553008972315
H            4.75094538423185        6.82795404885567        3.01418491941664
H            1.94920286439672        8.89821065279013        0.56981609804184
H            4.16921162666522        6.61612322925317       -4.10281326844595
H            4.65805301653453        4.47009729652613       -0.90161978724810
H            3.88584741536194        4.05018739187318       -4.01595361205730
29
 energy: -47.672418744965 gnorm: 0.005951884145 xtb: 6.7.1 (edcfbbe)
O            4.02224604621197        4.02488332536345       -3.05054287857478
O            6.54033537934202        1.87517001102734       -3.29635047380828
O            2.32710827436860        5.54377351853460       -2.78012280765049
C            6.21911703174614        2.19601433027513       -2.18714278531360
C            3.66777944488044        5.27036692780313       -2.50451375946074
C            5.38561998204023        1.56526127400537       -1.15417011474826
C            4.51158494822709        6.40010270247636       -3.10885868000130
H            4.42547430693608        2.07938990675638       -1.18869889764084
H            5.82474650515927        1.72633842432737       -0.17254319385373
H            5.23350636748211        0.50061125965160       -1.34231679490838
H            4.42113657902826        7.29372938769224       -2.50175051873969
H            5.54922871994420        6.08350118340320       -3.14620194331022
H            3.59444343947555        8.68297583773280        3.67873219656531
H            1.76312823552517        4.88991887402436       -2.34050586128824
O            3.08219662481592        8.89399653032270        2.88338444250134
N            3.87788908478278        5.08557536778903       -1.08305630086888
C            3.72246430184768        6.09404347908389       -0.13740944750772
C            4.41483175990337        5.99791848053324        1.06967662565629
C            2.82874130431256        7.15260636031951       -0.30366043573186
C            3.31972256662382        7.96196468900523        1.91012492447682
C            4.21451673856389        6.91489275104403        2.08270588825990
C            2.63749820275705        8.07630875548476        0.70494367033656
H            5.11617258783426        5.18980948472547        1.21859560251655
H            2.27944682436187        7.25368355425814       -1.22537935130451
H            4.75687508418820        6.81662848162290        3.01256024069688
H            1.94750581479361        8.89517466725278        0.57767600884349
H            4.15587515433081        6.61752783724797       -4.11180667694842
H            4.66915768876152        4.48028744470395       -0.90991088573287
H            3.87926560387048        4.04718164851253       -4.01044748971264
29
 energy: -47.672475803917 gnorm: 0.005651445321 xtb: 6.7.1 (edcfbbe)
O            4.02098707672025        4.02930614834550       -3.05666028956481
O            6.56689695404332        1.89647069849142       -3.27501685920747
O            2.32239262340218        5.54533928143581       -2.78022165663990
C            6.22919131225250        2.20765393052994       -2.16668681974193
C            3.66319439905969        5.27311788353079       -2.50731961233206
C            5.37785168913778        1.56682382220929       -1.15216970805065
C            4.50386982829268        6.40646953318729       -3.11046715678504
H            4.41789027157549        2.08188757610567       -1.19912926193166
H            5.80072372000283        1.71844592107748       -0.16035802113798
H            5.22734677212113        0.50278160046456       -1.35146767720712
H            4.41566058061444        7.29621722181290       -2.49559959624274
H            5.54239874128470        6.09133394235216       -3.15518489461791
H            3.60442951340361        8.67424656893599        3.68017018804776
H            1.75959727691234        4.88598769575613       -2.34626847383194
O            3.08752035205053        8.88449005630278        2.88843677501050
N            3.87772916038029        5.08441785178925       -1.08807456199249
C            3.72335537715317        6.09044192520085       -0.13951886454502
C            4.42044443655118        5.99302477342830        1.06469395064428
C            2.82827479248401        7.14852282089866       -0.30114704132242
C            3.32426435682208        7.95449203025605        1.91246582684537
C            4.22158834401982        6.90817480846411        2.07977939392075
C            2.63746770951751        8.06957525838935        0.70971348901922
H            5.12326826684352        5.18584898052091        1.20907206288718
H            2.27569840600947        7.25064177021461       -1.22087958794136
H            4.76874465658281        6.80884479547897        3.00657618629618
H            1.94531098618796        8.88723835344507        0.58485478861356
H            4.14131340853820        6.62997932310118       -4.11005313759765
H            4.67157166535264        4.48105972336300       -0.91948724283959
H            3.88863192479908        4.05680219989092       -4.01704189500632
29
 energy: -47.672548889884 gnorm: 0.005936226949 xtb: 6.7.1 (edcfbbe)
O            4.02628881502278        4.03255010035214       -3.06161650557429
O            6.58301352152858        1.92198207842234       -3.25565110860930
O            2.31808722127541        5.54121580039090       -2.78158006680316
C            6.23041163337258        2.22583777019576       -2.14914995064211
C            3.65772172356997        5.27379632016596       -2.50770342241565
C            5.36984988968456        1.57215446714042       -1.15117028778014
C            4.49398412759999        6.41446969599506       -3.10605411898709
H            4.40811038593818        2.08231043220993       -1.20779709783252
H            5.77728880653010        1.71714726418732       -0.15254278464899
H            5.22877421110928        0.50756364824255       -1.35818512883369
H            4.39956171301863        7.29950997678376       -2.48346773377745
H            5.53503070208431        6.10716719454661       -3.15022480128011
H            3.62366044891837        8.67426249893493        3.67465284106771
H            1.75616812455416        4.87051317220176       -2.36220902932638
O            3.09743781564962        8.87928447428246        2.88902978697585
N            3.87570038153354        5.07972433229831       -1.09217034111575
C            3.72242807607978        6.08335119820031       -0.14056253142154
C            4.42268721601653        5.98386180938043        1.06132288962249
C            2.82944357865447        7.14315592971505       -0.29964692420724
C            3.33132452548689        7.94848060398107        1.91230206998730
C            4.22727878768942        6.89979509054554        2.07669767130437
C            2.64011524038350        8.06326755200659        0.71169048009939
H            5.12341505019157        5.17548573833653        1.20211721117300
H            2.27347676145403        7.24622354057233       -1.21743658320944
H            4.77969999818718        6.79813679378179        2.99979243072156
H            1.94788951694041        8.88103939812597        0.58596060192515
H            4.13004133612479        6.64214198115016       -4.10343374163013
H            4.67376580682158        4.48051402325499       -0.92922275638226
H            3.90495918669523        4.06469360957757       -4.02073076564992
29
 energy: -47.672602396266 gnorm: 0.008288863048 xtb: 6.7.1 (edcfbbe)
O            4.02644209985000        4.04130390947546       -3.07570432985218
O            6.61636724943618        1.95832785190700       -3.22031480320824
O            2.31051009486394        5.53962405643109       -2.78297450315352
C            6.24028056610472        2.24749545334013       -2.11680102876258
C            3.65071554086560        5.27727126111000       -2.51237315368748
C            5.35815916292069        1.57729141403419       -1.14748422389567
C            4.47931149956968        6.42812094833015       -3.10351081301243
H            4.39279350659110        2.07818178115140       -1.22447942555035
H            5.73576879385675        1.71409912373342       -0.13465562135531
H            5.23273897850997        0.51378724413717       -1.37037228798589
H            4.38075911051457        7.30674489858743       -2.47271202977355
H            5.52176349655892        6.12830777406257       -3.15173059523429
H            3.65069988803375        8.66568649316266        3.67257058484546
H            1.75121127843966        4.85327238138438       -2.38389695065983
O            3.11518476724402        8.86810060897102        2.89241314475543
N            3.87329999988823        5.07435686330820       -1.09905480737328
C            3.72230242542088        6.07417212964372       -0.14278466282577
C            4.42903734452446        5.97315736970958        1.05529024738593
C            2.82662189844354        7.13285487811902       -0.29490585263408
C            3.34193900651698        7.93700264097631        1.91421013403652
C            4.23881861295667        6.88822671319590        2.07242596477110
C            2.64244983713178        8.05181138127711        0.71817992147955
H            5.13119156072439        5.16514596576740        1.19059860219767
H            2.26450323471680        7.23611377449697       -1.20906437641976
H            4.79709461466669        6.78531386164266        2.99202767983676
H            1.94850267203875        8.86877117003425        0.59621708410450
H            4.11118741571702        6.66295940506283       -4.09695892740933
H            4.67497777844831        4.47816679092229       -0.94348213450647
H            3.92298216756186        4.08396835100342       -4.03766253336154
29
 energy: -47.672672783046 gnorm: 0.005896345257 xtb: 6.7.1 (edcfbbe)
O            4.03415230219550        4.04854177413836       -3.08865555545381
O            6.62670777972138        1.99270727141357       -3.19336807897188
O            2.30548525257584        5.53052334105638       -2.78499011370382
C            6.23715181169943        2.27269857793378       -2.09443434218022
C            3.64632011897121        5.27765809869120       -2.51447510872968
C            5.34816207853084        1.58838184439698       -1.14457233658506
C            4.46595970541546        6.44092138010434       -3.09496858502846
H            4.37765485093824        2.07689503131578       -1.23566700987105
H            5.70483242490934        1.72317455805383       -0.12696670091361
H            5.24300548208287        0.52454882821916       -1.37526688427424
H            4.35495550249087        7.31404802185814       -2.45814521636550
H            5.51256429488259        6.15278975279635       -3.13982743955290
H            3.68522728823286        8.66892342770418        3.66246408363620
H            1.75015978441738        4.82467004747599       -2.41312087812844
O            3.13720081625076        8.86404592283355        2.88875059220741
N            3.87061870028047        5.06516860035718       -1.10315493257693
C            3.72024203633500        6.06163811330324       -0.14293593755511
C            4.42933681702230        5.95862473154470        1.05329442310723
C            2.82464314246500        7.12104263225362       -0.29162746538654
C            3.35369666605224        7.92853111712304        1.91289035350860
C            4.24622369829669        6.87597772029266        2.06980623853617
C            2.64785563129751        8.04222501112438        0.72057980220505
H            5.12898890244440        5.14811694141198        1.18652415648827
H            2.25751203861046        7.22364320657435       -1.20282818176552
H            4.80750208889560        6.77097504038634        2.98717205257672
H            1.95553100303420        8.86083146996690        0.59971415842145
H            4.09822426234935        6.67878295799480       -4.08820932118227
H            4.67664654812767        4.47361226494701       -0.95400624314815
H            3.94105357359079        4.09993880970539       -4.05096522656121
29
 energy: -47.672745781184 gnorm: 0.008746552079 xtb: 6.7.1 (edcfbbe)
O            4.03750594557579        4.06044409400780       -3.10820546576389
O            6.66213417371297        2.04492681089538       -3.14834804024141
O            2.29709438512966        5.52363681062035       -2.78851570138549
C            6.24095600124780        2.30607988091511       -2.05430515509020
C            3.64100520850784        5.28085261942979       -2.52237524383293
C            5.33082616554107        1.60069525688927       -1.13920379657152
C            4.44914904928647        6.45644517070940       -3.09276802160687
H            4.35664871206278        2.07726491936028       -1.25458206425954
H            5.65297980621075        1.72845050418729       -0.10921825905894
H            5.24700201836062        0.53879555854068       -1.38759541944322
H            4.33101607813933        7.32381693745640       -2.45094255442282
H            5.49739808921970        6.17786079622114       -3.13885163701098
H            3.72311052122785        8.65784492293706        3.65926986807556
H            1.74951230325961        4.79975767839105       -2.44011836583575
O            3.16285089456562        8.84860270340114        2.89234266785832
N            3.86841707344127        5.05776485229984       -1.11207299088410
C            3.71962253529184        6.04872128417000       -0.14579618253917
C            4.43571567876331        5.94303971939568        1.04595577940102
C            2.81944597173319        7.10601005745577       -0.28509695582350
C            3.36867542672868        7.91255879246980        1.91541308457351
C            4.26106663675543        6.85887658084161        2.06557030904088
C            2.65212081890376        8.02665648601643        0.72970016134634
H            5.13615210842947        5.13149882792860        1.17368597178310
H            2.24347173318407        7.20782525460681       -1.19089067060614
H            4.82742673705596        6.75172469055883        2.97956360696179
H            1.95863322562802        8.84570431270479        0.61701385326383
H            4.08071011280821        6.69876262068343       -4.08383162321991
H            4.67825247889313        4.46984385488507       -0.97014865161248
H            3.95871471245262        4.12517449699728       -4.07263820034045
29
 energy: -47.672839425902 gnorm: 0.002854474821 xtb: 6.7.1 (edcfbbe)
O            4.03902811986902        4.06151441344126       -3.10897065698434
O            6.67281621279698        2.05861431258567       -3.13654260929561
O            2.29808551822645        5.52276804315160       -2.79006790940894
C            6.23661764294128        2.31279642591423       -2.04959370253958
C            3.64276615362813        5.28068760783693       -2.52355584076474
C            5.32653334048339        1.60005103924736       -1.14220335631956
C            4.45068604049806        6.45563335749968       -3.09343896802317
H            4.35213451867829        2.07279981097613       -1.26321992361874
H            5.64340229309614        1.72975699210228       -0.11094848370460
H            5.24934630748481        0.53863269637739       -1.39066817274062
H            4.33025955891782        7.32432232257144       -2.45362388746843
H            5.49939200195847        6.17700232353364       -3.13627451480783
H            3.72373026586679        8.65633813543041        3.65939912185709
H            1.75320134282551        4.80186440956738       -2.43662793751818
O            3.16444666779958        8.84782093627695        2.89227859657274
N            3.86778981691591        5.05734993792878       -1.11223584355520
C            3.71915311031241        6.04831016677685       -0.14614470474733
C            4.43610795128108        5.94270833275044        1.04498488967135
C            2.81820058382439        7.10470885266625       -0.28443352216562
C            3.36945910600948        7.91154601859897        1.91541171236006
C            4.26176723718382        6.85792605020031        2.06493022175047
C            2.65182936833114        8.02544141023545        0.73050834187872
H            5.13687882326812        5.13144561013778        1.17250563784438
H            2.24150663912196        7.20581584531586       -1.18960253868075
H            4.82859276533820        6.75160564147047        2.97865762494718
H            1.95822597764733        8.84427378967167        0.61952670246098
H            4.08569194084395        6.69546510629061       -4.08725637036986
H            4.67624647870279        4.46738717897975       -0.96841611995680
H            3.95371881826556        4.12504972744054       -4.07136748391804
29
 energy: -47.672954158462 gnorm: 0.002807224802 xtb: 6.7.1 (edcfbbe)
O            4.04200084191344        4.06267417356408       -3.11110145044396
O            6.69924536309232        2.09068270632905       -3.11281788422468
O            2.30030999339631        5.52186406700045       -2.79401602181259
C            6.22652691205158        2.33127029634789       -2.03896873405043
C            3.64642627438745        5.27983842821452       -2.52633454029488
C            5.31630380048477        1.59993314243378       -1.14818071382979
C            4.45498175494948        6.45394848494298       -3.09364648724252
H            4.33887563909011        2.06144017044049       -1.28047867186048
H            5.61961798567567        1.73297550619319       -0.11315001574351
H            5.25597131901920        0.53837126251366       -1.39748430735668
H            4.32830355220674        7.32587692926962       -2.45938799259687
H            5.50477222460498        6.17640490485757       -3.12812976938508
H            3.72570046806097        8.65238915736914        3.65985549615555
H            1.75912336008894        4.80713163010683       -2.42872425283545
O            3.16807392992337        8.84542046327513        2.89231981603683
N            3.86613999078537        5.05601337094686       -1.11328286149566
C            3.71859843089224        6.04704571123705       -0.14734647213812
C            4.43775740949565        5.94154302250141        1.04244323247629
C            2.81579113777055        7.10180635033534       -0.28328602454810
C            3.37140973259364        7.90885020330068        1.91538155457438
C            4.26441246769275        6.85569985110698        2.06316985469811
C            2.65100038425576        8.02227926645446        0.73226990283290
H            5.13933877460783        5.13083900983398        1.16908553424149
H            2.23720914417872        7.20165694554239       -1.18715621862673
H            4.83221727160825        6.75059636305891        2.97637687194755
H            1.95669315870459        8.84063899061028        0.62483356896433
H            4.09842834566538        6.68807372835288       -4.09293967309298
H            4.67096254965342        4.46125964637905       -0.96572333195947
H            3.94142238526748        4.12311271245733       -4.07057010563442
29
 energy: -47.673081261466 gnorm: 0.005610503003 xtb: 6.7.1 (edcfbbe)
O            4.04565507461436        4.06306364131315       -3.11462433974901
O            6.73829407176320        2.13941012207742       -3.07639358343038
O            2.30380080025345        5.52198844108810       -2.80053859569513
C            6.20974857013979        2.36297633929817       -2.02256537117086
C            3.65114844761395        5.27839036337905       -2.53007545046973
C            5.30065795659237        1.60166860735550       -1.15667527672970
C            4.46198954639612        6.45171495827522       -3.09302480216752
H            4.31532277468516        2.04166374930352       -1.30432290038560
H            5.58230916678771        1.73883368769520       -0.11546131813538
H            5.27034190860651        0.53908905568762       -1.40928267853955
H            4.32471501518442        7.32776302580447       -2.46672938999894
H            5.51328369969288        6.17679102579570       -3.11348100553075
H            3.72926133386798        8.64560571137441        3.66068823439608
H            1.76440047793063        4.81649149692657       -2.41709756002194
O            3.17317347282844        8.84065800956635        2.89272970351013
N            3.86366959261542        5.05332803897116       -1.11552705690345
C            3.71850646435773        6.04439406787903       -0.14940498152997
C            4.44108495712209        5.93907850041708        1.03840437823916
C            2.81315275392426        7.09733069047339       -0.28198666010329
C            3.37448779733757        7.90412484730315        1.91531622997658
C            4.26932440095325        6.85205621208844        2.06027773142924
C            2.65001252029596        8.01697677025558        0.73463415031831
H            5.14411513584442        5.12928935361351        1.16308119634704
H            2.23197087801034        7.19616298005831       -1.18426093331902
H            4.83895886569119        6.74806923141009        2.97247482165111
H            1.95405322796550        8.83442793063933        0.63166348484128
H            4.11845794713265        6.67810280615552       -4.09934275971729
H            4.66313599222522        4.45189468977472       -0.96390999691565
H            3.92258175168447        4.11829214099609       -4.07155496744070
29
 energy: -47.673195533380 gnorm: 0.011830921822 xtb: 6.7.1 (edcfbbe)
O            4.04843283822647        4.06232040142619       -3.11987416893021
O            6.77550009182244        2.19786820332744       -3.03294110991075
O            2.30804608750690        5.52386985814755       -2.80849269666483
C            6.18863618036498        2.40393649508115       -2.00288846872602
C            3.65566533244612        5.27664004227235       -2.53413126275885
C            5.28330551882738        1.60667550917119       -1.16537744371175
C            4.47069294234810        6.44944161427163       -3.09130624067009
H            4.28665500286418        2.01797657844744       -1.32772116351707
H            5.53968012634301        1.74526592696876       -0.11705881228508
H            5.29076956725821        0.54360919467405       -1.42537674180959
H            4.32024315544210        7.32930202766261       -2.47348917667447
H            5.52340876669515        6.17813744761775       -3.09405784934901
H            3.73413408414818        8.63613017775341        3.66177799354961
H            1.76696939746923        4.82988984115547       -2.40418219896623
O            3.17871357617420        8.83308914275748        2.89371921096406
N            3.86105696988817        5.04915049811178       -1.11911515833088
C            3.71941085222364        6.04007933344230       -0.15221333815897
C            4.44603041952883        5.93506233623736        1.03326743972252
C            2.81139488616123        7.09148430644918       -0.28094203454708
C            3.37835786633262        7.89728856044808        1.91524427010784
C            4.27604089487735        6.84691983755563        2.05652796605316
C            2.64945330518803        8.00969733253145        0.73710269086706
H            5.15100763198507        5.12646244768143        1.15500269669825
H            2.22760908783171        7.19019508639718       -1.18170561033544
H            4.84834692063152        6.74358774689905        2.96717843876022
H            1.95110915687444        8.82584628398042        0.63838176640192
H            4.14273862274230        6.66796673275000       -4.10458479263685
H            4.65476993911675        4.44066264303047       -0.96488639901244
H            3.89943538079893        4.11108088872687       -4.07484750337397
29
 energy: -47.673328783585 gnorm: 0.014947135675 xtb: 6.7.1 (edcfbbe)
O            4.04995851087730        4.06005828066550       -3.12657751604456
O            6.80056749146194        2.26895806494186       -2.98582482754333
O            2.31297090080710        5.52706058398381       -2.81717305180210
C            6.16664064580231        2.45313973504250       -1.97826665080176
C            3.65961252609467        5.27421706346999       -2.53798693490439
C            5.26538710473401        1.61631192471115       -1.17339261736716
C            4.48076836905948        6.44652305350470       -3.08833959482318
H            4.25748453737599        1.99788333760012       -1.34687508398991
H            5.49485671251363        1.74622155930382       -0.11715283882482
H            5.31116892295840        0.55600882418276       -1.44972907599393
H            4.31536563774180        7.32964827655908       -2.47911123993148
H            5.53451508225702        6.17935079947170       -3.07036848954779
H            3.74052348923433        8.62411923845174        3.66273873821251
H            1.76678559117757        4.84629487296619       -2.39225620280960
O            3.18455668956001        8.82246461477255        2.89511530389669
N            3.85861697902218        5.04286094353774       -1.12367801160111
C            3.72144008879988        6.03350836298209       -0.15550076379876
C            4.45265498314067        5.92912539657613        1.02728867559823
C            2.81083907932895        7.08370298426750       -0.28017956955177
C            3.38309693370811        7.88809355655732        1.91505964962473
C            4.28449805281370        6.84005071362476        2.05200196491371
C            2.64967458487817        8.00010463129884        0.73944147742883
H            5.16011263794815        5.12205982352353        1.14526928439535
H            2.22457134866064        7.18312359396273       -1.17954426087187
H            4.86039000352231        6.73706427721592        2.96051581896455
H            1.94839848859629        8.81456083736023        0.64433825827327
H            4.17051905722950        6.65739027154268       -4.10827312198732
H            4.64699392256786        4.42776827001244       -0.96886411696261
H            3.87464623024543        4.10196260288599       -4.07966489939532
29
 energy: -47.673557194238 gnorm: 0.008515823900 xtb: 6.7.1 (edcfbbe)
O            4.04829187619725        4.05549228021592       -3.13461322294844
O            6.80066984564396        2.35082951624721       -2.94008706104141
O            2.31793990494322        5.53212789799629       -2.82522687998341
C            6.14624842780875        2.50886748287399       -1.94835684134606
C            3.66132253188251        5.27095142486185       -2.54048496611026
C            5.24881044798075        1.63307119129394       -1.17882135840471
C            4.49117660069821        6.44262011376809       -3.08342321014962
H            4.23283108960522        1.98990769651541       -1.35581816810192
H            5.45425614087665        1.73731273897042       -0.11501759617920
H            5.32623701184581        0.58147785224577       -1.48434015862913
H            4.31048101210618        7.32752689160688       -2.48163959794905
H            5.54482500054575        6.17940607993930       -3.04282290606729
H            3.74926681222649        8.60965063550786        3.66313711895911
H            1.76155091929280        4.86414677852379       -2.38713197684584
O            3.19046739177731        8.80810661282031        2.89701304355243
N            3.85652696328582        5.03343426735892       -1.12887872206403
C            3.72487165824210        6.02364696894144       -0.15882746335249
C            4.46103524253821        5.92043113570147        1.02092718460944
C            2.81252700308859        7.07352935818839       -0.27986507134898
C            3.38893903388655        7.87613846464228        1.91473009716555
C            4.29469890696526        6.83099060863080        2.04688633464849
C            2.65164916530046        7.98797706774246        0.74119958721583
H            5.17139768312060        5.11518581215705        1.13434282167663
H            2.22443509307011        7.17504590358419       -1.17821783215736
H            4.87533842518896        6.72780275436101        2.95246245014038
H            1.94729567113213        8.80050842221709        0.64781493548886
H            4.19964583277688        6.64740102577777       -4.10843673850380
H            4.64176678975547        4.41410834955912       -0.97750527201038
H            3.85311212033567        4.09194116272600       -4.08598822750830
29
 energy: -47.673805243624 gnorm: 0.012285696887 xtb: 6.7.1 (edcfbbe)
O            4.04304461378360        4.05109423434687       -3.14633178354141
O            6.81590309143525        2.47937658839646       -2.86610096696743
O            2.32335783238604        5.53941978345844       -2.83465379287971
C            6.11005845578719        2.59327140935177       -1.90046407114844
C            3.66168102546762        5.26726231226652       -2.54366708157453
C            5.21986266097613        1.65404398890817       -1.18799155151554
C            4.50366806611487        6.43628352832646       -3.07721783182356
H            4.19445725160931        1.97548470567535       -1.37651398794166
H            5.39185896301073        1.72543797021684       -0.11455047540135
H            5.34796315957115        0.61687168174026       -1.53250341908026
H            4.30419346008165        7.32378943033139       -2.48503993852689
H            5.55628040783806        6.17531491180130       -3.00590322433318
H            3.76438937587236        8.58837909635759        3.66342409084177
H            1.75566118921225        4.88603492068584       -2.38994263231753
O            3.20121190937420        8.78679046049014        2.90028920337706
N            3.85277734913841        5.01921182945244       -1.13531316693171
C            3.72877131049454        6.00861925577409       -0.16275647261687
C            4.47202298671317        5.90661092716404        1.01220775549138
C            2.81525764481658        7.05834200967682       -0.27857265882976
C            3.39887685565561        7.85831024434944        1.91472767458772
C            4.30875359423616        6.81618196714990        2.03997540099220
C            2.65671808061347        7.97080627937504        0.74426737334403
H            5.18585160490492        5.10356166948555        1.11954358231950
H            2.22468289400527        7.16275668500810       -1.17499877281465
H            4.89646518480895        6.71316642397335        2.94101590264479
H            1.94978444349871        8.78137877513072        0.65345720317506
H            4.23866891360172        6.63259589901925       -4.11079065309703
H            4.63605783652024        4.39524791702708       -0.98975141390619
H            3.82933444058992        4.08399159003526       -4.09283398877077
29
 energy: -47.674219988665 gnorm: 0.012910326280 xtb: 6.7.1 (edcfbbe)
O            4.02981512588795        4.04538338342625       -3.15908870909478
O            6.80230139561364        2.61758101532360       -2.79361326496470
O            2.32553332290565        5.54750158783711       -2.83838652497995
C            6.07086295786367        2.68119998845876       -1.84501112215901
C            3.65546253660854        5.26320603434686       -2.54448616112246
C            5.19075008408774        1.68507493574292       -1.19293085923040
C            4.51119626310902        6.42785298165320       -3.06989005092157
H            4.16620953431837        1.98690654348768       -1.38872799689047
H            5.34354103972335        1.70641066444585       -0.11569420466368
H            5.35549116509968        0.67383922036731       -1.58448234629439
H            4.30010844582052        7.31573435101539       -2.48353836373249
H            5.55954592125947        6.16445485763036       -2.97244568748052
H            3.78596925454436        8.56438891588271        3.66268709016071
H            1.74418387667028        4.89890606660365       -2.41639743262380
O            3.21436443286560        8.76024742558173        2.90525117668188
N            3.84996192390444        5.00054429496857       -1.14112349156506
C            3.73353872847174        5.98854238085555       -0.16537844886650
C            4.48301639036958        5.88706149354420        1.00469893524397
C            2.82210756176374        7.04018270083519       -0.27700131607407
C            3.41177929786117        7.83645851777494        1.91557403629972
C            4.32319299339794        6.79595907407422        2.03395409310376
C            2.66730634640326        7.95149410025754        0.74714031751864
H            5.19904115590567        5.08537970555155        1.10624663350504
H            2.23018383177276        7.14925698223199       -1.17155472146700
H            4.91858698556784        6.69216221183512        2.92970775590854
H            1.96062052176807        8.76151597129293        0.65571995493063
H            4.26955336525755        6.61989794126065       -4.10892217340197
H            4.63968656210980        4.37920883532735       -1.00914904936409
H            3.82370358118718        4.08328431336056       -4.10014776570102
29
 energy: -47.674607226559 gnorm: 0.019158712635 xtb: 6.7.1 (edcfbbe)
O            4.02166636582000        4.04092675801680       -3.17229527843310
O            6.78784179405681        2.76083160047541       -2.71881549560194
O            2.32879064311501        5.55213986106573       -2.84323520980765
C            6.02003113585205        2.77147990188807       -1.79194615805558
C            3.65360947333061        5.25851215425314       -2.55017096082857
C            5.16096570932460        1.71820592678820       -1.19722580427026
C            4.51952233670297        6.41906522083103       -3.06640393647440
H            4.12973711120021        1.99102892543227       -1.40808818917481
H            5.29445836726158        1.70554858455813       -0.11813953670920
H            5.37587359348324        0.72970942523776       -1.62488193728633
H            4.29766754500259        7.31081720944808       -2.48910659240312
H            5.56513755565049        6.15366076779356       -2.94522456164573
H            3.80878218036338        8.53817132232898        3.66347588407518
H            1.73852117389337        4.90671328823506       -2.43201403418634
O            3.23022499178957        8.73276681498903        2.91141057138756
N            3.85048708115084        4.98461740014232       -1.14843603299523
C            3.73855737469703        5.97002694017774       -0.16927936443095
C            4.49311983297540        5.86608302135658        0.99696829586238
C            2.82715925639901        7.02209196305079       -0.27453521642940
C            3.42515342202175        7.81282844687939        1.91782720660161
C            4.33708754696625        6.77244401765677        2.02903935809386
C            2.67680802364801        7.93129272996259        0.75233009966599
H            5.20998829025372        5.06462509118413        1.09359487488104
H            2.23198559087317        7.13423107945597       -1.16614570737924
H            4.93736550434167        6.66706766330799        2.92122662178690
H            1.97092037750149        8.74192641339112        0.66394225994177
H            4.29993466333019        6.60436595788060       -4.11237338449684
H            4.64798781612785        4.36659318375518       -1.02706778870178
H            3.80822984498631        4.08186482543060       -4.11141968023094
29
 energy: -47.675031858281 gnorm: 0.018106368756 xtb: 6.7.1 (edcfbbe)
O            4.00578869459396        4.03793668126020       -3.18611961073388
O            6.71959912501275        2.90917475149976       -2.64992549214671
O            2.32667964198476        5.55320162490594       -2.83634044725470
C            5.94492124867819        2.85796527110550       -1.73611391283375
C            3.64700070721677        5.25360421940684       -2.56009301951023
C            5.13528175727154        1.76783637623774       -1.19189054745714
C            4.51808066058476        6.40613284579631       -3.07058702599441
H            4.10225531749284        2.02385184797235       -1.42662530071234
H            5.27640809793664        1.72831944336898       -0.12622578212006
H            5.39782428241757        0.81664846353997       -1.64107050861963
H            4.30570684560489        7.30364230374841       -2.49865573029791
H            5.55782286775060        6.12865244538938       -2.94548989107251
H            3.84312355967824        8.50653144568742        3.66533688394714
H            1.73358570710231        4.88579811035437       -2.47190975791760
O            3.25341345564537        8.69737069451757        2.92284713348295
N            3.86051255839854        4.96892004469133       -1.15591232938939
C            3.74491488553631        5.94832476705615       -0.17236204567631
C            4.49888409357354        5.83411391182740        0.99306218015401
C            2.83633644301193        7.00200824555753       -0.27007613452119
C            3.44287777423898        7.78146997560959        1.92466330972620
C            4.34723599841775        6.73473636801168        2.02967844403058
C            2.69384217651069        7.90890046147290        0.76119462098997
H            5.21098840862903        5.02873248580351        1.08811828148035
H            2.23731253528787        7.11715830982931       -1.15729855325988
H            4.94651166278596        6.62434752180987        2.92121405093310
H            1.99543927076068        8.72520393938531        0.67673381597760
H            4.30655503036234        6.59044178553120       -4.11881445081935
H            4.68729854546810        4.37196311459917       -1.05432405995322
H            3.81141325016707        4.09664903899626       -4.13000381767689
29
 energy: -47.675753392670 gnorm: 0.028516226640 xtb: 6.7.1 (edcfbbe)
O            3.99102251268213        4.03404046072016       -3.20489648641400
O            6.69222312370411        3.09417028582602       -2.56189024761428
O            2.32817746846981        5.56256014232077       -2.84105479997471
C            5.88450339360285        2.96777308682459       -1.67119677051153
C            3.64651623371294        5.24885230842388       -2.57074104823653
C            5.10734157942580        1.80055278019946       -1.19666445196613
C            4.52914775990183        6.39607568677618       -3.07227736594831
H            4.06451358956756        2.01729395486056       -1.43864349530558
H            5.21239353492214        1.71342349186460       -0.11972402602365
H            5.42915893590018        0.87766373646945       -1.69533184604434
H            4.30918776786326        7.29791885937070       -2.50982823760723
H            5.56721896776194        6.11697302902839       -2.92829921628331
H            3.87026244239604        8.47313243458306        3.66943109829147
H            1.72962670022376        4.89281476283556       -2.48383566273482
O            3.27453581501989        8.66483411542579        2.93180095460071
N            3.86339879333616        4.95405531936245       -1.16690800518561
C            3.75185271614635        5.92915948831926       -0.17859168080709
C            4.50973907763951        5.80816741632216        0.98439696161430
C            2.84262102718503        6.98371258081879       -0.26685576809589
C            3.45860963003475        7.75244021763312        1.92917683882108
C            4.36279988211784        6.70394256813005        2.02603100084558
C            2.70416329317953        7.88538358752257        0.76963373985635
H            5.22210749161906        5.00204775952373        1.07313563034515
H            2.23952592814950        7.10316149205252       -1.15100736634672
H            4.96417859858820        6.58919257613516        2.91582871233842
H            2.00518817458869        8.70253482252304        0.69293604583443
H            4.33700248399654        6.57615577241812       -4.12535953964244
H            4.70036256401785        4.36123717321232       -1.07755716886119
H            3.79023511636744        4.10036658546846       -4.14869749618942
29
 energy: -47.676123078416 gnorm: 0.012884850822 xtb: 6.7.1 (edcfbbe)
O            3.97607452607575        4.03724773610093       -3.21065223830187
O            6.69503272214379        3.08373533861061       -2.55890508220410
O            2.32121631073341        5.57431766592072       -2.84095833246447
C            5.89716476079410        2.96083598892950       -1.66936493686425
C            3.64440744608549        5.25268002014962       -2.57572131952806
C            5.11835546145282        1.79597526820636       -1.19520396794042
C            4.52998440946997        6.39836042728554       -3.08019994513910
H            4.07482350760291        2.00795619722771       -1.42894064538257
H            5.20444927455411        1.70538766096964       -0.10809011283313
H            5.43315426537331        0.87264215700845       -1.69352036992397
H            4.31544716875512        7.29854062736189       -2.51336935214324
H            5.57105052011476        6.11876018086676       -2.94523269159175
H            3.87209077301509        8.46605064597620        3.67575458265535
H            1.72890673906438        4.89634111254591       -2.48028000002560
O            3.27944095438706        8.66264347693508        2.93620504508453
N            3.86054961338372        4.96084033962923       -1.17143989284664
C            3.75184546118110        5.93380212644788       -0.18143368059783
C            4.50790208692917        5.80607439534543        0.98359829714207
C            2.84386326927081        6.99070794139392       -0.26633883013603
C            3.45962974651487        7.75012745406166        1.93260199559895
C            4.36279717180683        6.69900456510360        2.02816553753457
C            2.70397911878903        7.88690203950167        0.77394460816305
H            5.21945496239127        4.99833296286301        1.06946919407706
H            2.24088611542034        7.11297194428838       -1.15115830734298
H            4.96102697850993        6.57953161978932        2.92013880192668
H            2.00262739245095        8.70381595986309        0.70340224145036
H            4.33043001165943        6.58417595901320       -4.13048385313012
H            4.69519671910758        4.36201881663552       -1.08174836514276
H            3.78582711508375        4.10985586693980       -4.15722807733896
29
 energy: -47.676690971535 gnorm: 0.013295559451 xtb: 6.7.1 (edcfbbe)
O            3.93654929802143        4.04039160447614       -3.23337136006312
O            6.66845607409792        3.19674257776506       -2.48395097339683
O            2.30931864506395        5.60000759733373       -2.83816616744873
C            5.85175144031318        3.02683832174582       -1.61897026872845
C            3.63566687897578        5.25627636985600       -2.58991923688137
C            5.10783051040716        1.82603106147419       -1.19063968455898
C            4.53242536319518        6.39351701697618       -3.09531647520768
H            4.05821906695433        2.00319770212747       -1.43251069862940
H            5.17139514601427        1.72179770087448       -0.10592286607966
H            5.46267732440567        0.92598831687379       -1.69557930832812
H            4.32933946209184        7.29350596255756       -2.52488474451764
H            5.57273254659765        6.10456549297120       -2.96607794390427
H            3.90008089362450        8.42247288219645        3.68981154498985
H            1.72248807233855        4.90018453912466       -2.49991471980427
O            3.30551517558577        8.62688554894359        2.95325389024013
N            3.86085377040819        4.95778775827570       -1.18710674865525
C            3.75775531888326        5.92227450060830       -0.18972066310569
C            4.51267903222618        5.77745703021622        0.97586766222949
C            2.85395986932239        6.98461585206328       -0.26227569858057
C            3.47623230549938        7.71922939966562        1.94297411309746
C            4.37404267786362        6.66119303805851        2.02915907584822
C            2.71753004564730        7.86922452636734        0.78783538406562
H            5.22016131446295        4.96471205738532        1.05291929935549
H            2.24991553814522        7.11680384500140       -1.14565885376025
H            4.96979626388438        6.52981980203082        2.92178092505226
H            2.01692391663552        8.68875083747156        0.72980698353852
H            4.33163819989134        6.58672641023570       -4.14340989533153
H            4.70650070777965        4.35839209807118       -1.11186768955024
H            3.77517974378517        4.13424664422197       -4.18513457913026
29
 energy: -47.677065795694 gnorm: 0.013580909210 xtb: 6.7.1 (edcfbbe)
O            3.90060904757678        4.05210385295932       -3.24864953991440
O            6.66655060925423        3.23398123543513       -2.43157489832620
O            2.29382554520703        5.62757416711112       -2.83670147266798
C            5.83350578876665        3.04024373787159       -1.58851194685754
C            3.62455519470014        5.26817729861926       -2.60133148175649
C            5.10969581433950        1.83319615965483       -1.18024829340985
C            4.52632134714200        6.39781763336165       -3.11556340669354
H            4.06077033270312        1.98921475319409       -1.43361200659957
H            5.16362655847071        1.73430934411530       -0.10207105011612
H            5.49068036839764        0.94172871859147       -1.67470558975350
H            4.34249322765543        7.29534104644630       -2.53469846082898
H            5.56531592883141        6.09659779073936       -3.00579569006845
H            3.91516548788835        8.37920605373614        3.70995594722420
H            1.71736174931683        4.91067581544909       -2.51176990387254
O            3.32565441102094        8.59828395363837        2.97286355424271
N            3.85447358046901        4.96737886114540       -1.20228352413580
C            3.75854754475324        5.92256392929387       -0.19768559348223
C            4.51101816659495        5.75926848194812        0.96785984428930
C            2.86276019891137        6.99276062325423       -0.25935640066448
C            3.48850240869809        7.69817475820570        1.95409051113691
C            4.37907328861117        6.63296261748361        2.03015370371770
C            2.73018021584221        7.86484564379493        0.80106421711069
H            5.21198210479417        4.93990047733761        1.03543829827558
H            2.26109461378794        7.13779482663729       -1.14271551415659
H            4.97266936824578        6.48757307081549        2.92232435026023
H            2.03308002676968        8.68806137256012        0.75391345248493
H            4.31106610653984        6.60070363703480       -4.15831352513495
H            4.69935032092700        4.35560830538977       -1.13296217484381
H            3.77768524590725        4.16358832914399       -4.20610310270444
29
 energy: -47.677341633024 gnorm: 0.018237612957 xtb: 6.7.1 (edcfbbe)
O            3.86927509405754        4.06352593092809       -3.26671541419500
O            6.65440803486491        3.33187101280842       -2.34674769620767
O            2.28138817042232        5.65303984974327       -2.84126623723573
C            5.79766733190316        3.09407665975916       -1.53391946712573
C            3.61173224835200        5.27944991246749       -2.61423481981570
C            5.10166796821116        1.85118692349554       -1.17016451959831
C            4.52103381725525        6.40058096887836       -3.13300390620567
H            4.05259516905336        1.97637749110160       -1.44668781565147
H            5.13334640088281        1.72700039757719       -0.09103652441399
H            5.52783664166694        0.97997567745269       -1.68039801205479
H            4.35210458217828        7.29780159229503       -2.54605653587185
H            5.55652008747994        6.08545053662678       -3.03133953357937
H            3.93694806812751        8.32115313634995        3.73182939735256
H            1.70647475404255        4.92996511564737       -2.53056036441199
O            3.35093080746476        8.55630941623201        2.99658203080759
N            3.84587042126623        4.97099943965468       -1.22038702913489
C            3.75986309766022        5.91605203680261       -0.20730599192272
C            4.51269561097357        5.73369134625749        0.95500659756545
C            2.87447509342429        6.99565662024471       -0.25630867576064
C            3.50685939760409        7.66822666639618        1.96586598422181
C            4.38945824829627        6.59612099623998        2.02739559590701
C            2.74954230691723        7.85534102271409        0.81523267694150
H            5.20677376250352        4.90763877749018        1.01080988544630
H            2.27416187457941        7.15606233674480       -1.13784185601075
H            4.98469008351834        6.43572475772294        2.91579543765318
H            2.05922149461592        8.68407738144779        0.77778294723910
H            4.30000812843510        6.60883943522329       -4.17391617043680
H            4.68899652339547        4.34478058492229       -1.15801075353041
H            3.78106938297120        4.18866047174240       -4.22738892721623
29
 energy: -47.677808448174 gnorm: 0.013084844911 xtb: 6.7.1 (edcfbbe)
O            3.85801785759501        4.08059649471460       -3.27060508538676
O            6.67859277185201        3.32006257428185       -2.30957849577057
O            2.27051443906305        5.67084991611968       -2.85236310222891
C            5.80501461897260        3.07832936313333       -1.51979185910486
C            3.60032818645663        5.29668895108215       -2.62156849945008
C            5.11350368825792        1.83378198375013       -1.15858588349789
C            4.50785210986510        6.41441298163143       -3.15000005032532
H            4.07216224309061        1.95122811645625       -1.45646458991670
H            5.13610994028363        1.70705653538221       -0.07896045789675
H            5.54593028830981        0.96187799188325       -1.65499376044470
H            4.35853863395546        7.30909270317223       -2.55185894160072
H            5.54117088849722        6.08759258772529       -3.06923439944253
H            3.93588595427083        8.27512223694964        3.75588990444921
H            1.69532387432578        4.96009189115872       -2.53237785687780
O            3.36249096343299        8.53253642494650        3.01761552518360
N            3.82849827719873        4.98863426315163       -1.23300709179515
C            3.75340150816502        5.92635450897833       -0.21471412681713
C            4.50552415929971        5.72778646318385        0.94360019472161
C            2.88205449453484        7.01718607736725       -0.25661484115451
C            3.51589492518850        7.65840315635766        1.97480812415126
C            4.38970950210596        6.58049949033564        2.02399577415293
C            2.76479099291199        7.86697550084098        0.82370076479801
H            5.19155607676074        4.89501300884430        0.98941304586503
H            2.28629938615584        7.19322511502741       -1.13784230224864
H            4.98682610237475        6.40561034322023        2.90769080952720
H            2.08435972445057        8.70266893866765        0.79102131152659
H            4.26603449658954        6.62985721598922       -4.18604338307223
H            4.64975565221171        4.33348981809416       -1.15845650792394
H            3.80147284594720        4.20461184251983       -4.23166391666534
29
 energy: -47.678035678509 gnorm: 0.010920765400 xtb: 6.7.1 (edcfbbe)
O            3.84947421511158        4.09103520827968       -3.28090565436619
O            6.68068113406544        3.33185964692759       -2.26937151880622
O            2.26224367165161        5.68597458879053       -2.86265240957868
C            5.79166653953687        3.08424654800061       -1.50481325307436
C            3.58969477026633        5.30795156305515       -2.63116142770697
C            5.12034524383478        1.82594804021803       -1.14671866745092
C            4.49811716070916        6.42455960729629       -3.16048917637678
H            4.07919916126956        1.92077134554852       -1.46622463283314
H            5.13068764600669        1.70504733637314       -0.06845273988625
H            5.58309670795448        0.95641867154300       -1.63148706367216
H            4.36691789259486        7.31629508406763       -2.55373780570042
H            5.52991916780595        6.08945649026361       -3.09929656116501
H            3.93905545483416        8.23188499909627        3.77439832352981
H            1.67770663433606        4.98620931739527       -2.54175422002091
O            3.37597379645064        8.50771835624255        3.03517103692302
N            3.81528172524359        4.99794511995808       -1.24405271260387
C            3.74976305627587        5.93092734964694       -0.22193407434276
C            4.50072476656199        5.71709218309757        0.93373788918194
C            2.89141519424479        7.03244563626245       -0.25746777129890
C            3.52702894277180        7.64608680158600        1.98195691051100
C            4.39141749903290        6.56094855247510        2.02148078875613
C            2.78256572835320        7.87479820133020        0.83002909437429
H            5.17938421163982        4.87826562306069        0.97199830506393
H            2.29869736477323        7.22245038198025       -1.13770529706364
H            4.98766125150614        6.37237874998511        2.90266701386537
H            2.11252281759225        8.71911118377396        0.80191275775491
H            4.23827753471016        6.65065814945419       -4.19042366494868
H            4.62174689450021        4.32535387931136       -1.16101923590201
H            3.81634841849010        4.21579787994465       -4.24067393040753
29
 energy: -47.678219585045 gnorm: 0.015916871686 xtb: 6.7.1 (edcfbbe)
O            3.83690313488642        4.10451338990360       -3.30022018652050
O            6.69716530074166        3.37119384901090       -2.20045748312607
O            2.24974402691599        5.70771844536961       -2.87890072549474
C            5.77856661720574        3.09051868110395       -1.47372087142890
C            3.57297418886181        5.32268466727658       -2.64771500168861
C            5.12838299367076        1.81282369541727       -1.13496180795242
C            4.48430711907371        6.43856195929438       -3.17376897887842
H            4.10121703835800        1.89413859436635       -1.47751614194242
H            5.11403084145657        1.68471216197399       -0.05378183136664
H            5.61105973452086        0.95779196700568       -1.60777133406073
H            4.37914530934767        7.32435414278975       -2.55373849290133
H            5.51464680645878        6.09265265965726       -3.14229645841962
H            3.94746478857259        8.16889111956457        3.79901957633126
H            1.64672828912689        5.02316798854688       -2.55711228523377
O            3.39942661002573        8.47130448356391        3.05927189948199
N            3.79559394355580        5.00829189368877       -1.26005230047827
C            3.74482373777383        5.93554986616615       -0.23292293169789
C            4.49305103227287        5.69773033934402        0.92021784171990
C            2.90632279457276        7.05342428790089       -0.25870802525239
C            3.54518911798276        7.62670475033731        1.99189787592329
C            4.39389218316042        6.52857645480227        2.01884546629878
C            2.81079359722894        7.88532202655716        0.83895894304838
H            5.16027801181305        4.84943653179667        0.94855064533658
H            2.31762659540367        7.26391880564474       -1.13725363843012
H            4.98578010838160        6.31895768012153        2.89839188707642
H            2.15701505082563        8.74387909278734        0.81877811509395
H            4.19914809917733        6.68453501865663       -4.19361308630359
H            4.58441015680367        4.31605192509455       -1.16806455753743
H            3.83192737394938        4.23223001722011       -4.25834580884154
29
 energy: -47.678398754131 gnorm: 0.006150657500 xtb: 6.7.1 (edcfbbe)
O            3.83590479101676        4.10846253920371       -3.30638779216688
O            6.69579868801309        3.36773741696073       -2.19052726556740
O            2.24685052258114        5.71036069194559       -2.88300740443733
C            5.77590658038767        3.08701582388070       -1.47287746613411
C            3.56865450708606        5.32581478792365       -2.65166980477484
C            5.13240301531646        1.81066084710048       -1.13095639919131
C            4.47968560779712        6.44312487492171       -3.17489893907600
H            4.10275153941793        1.87578436325449       -1.48405284611059
H            5.10523652334003        1.69696615102852       -0.04805891866257
H            5.63338698164962        0.95607292374908       -1.59231628760861
H            4.37954614842606        7.32327454260471       -2.54729949437946
H            5.51016970557446        6.09585154407760       -3.15318280946010
H            3.95108760707536        8.16004137900837        3.80018873224971
H            1.63933974527527        5.02649262618609       -2.56204558666954
O            3.40751844246869        8.46808863884110        3.06030446409976
N            3.79071356508505        5.00784271317779       -1.26194739546352
C            3.74367501436285        5.93542677522033       -0.23456291866721
C            4.48884263208101        5.69172918901773        0.91992051524466
C            2.91131161200804        7.05750796946500       -0.25928912190687
C            3.54978652590815        7.62431979517612        1.99228313932311
C            4.39204923643722        6.52068094854544        2.01987428610850
C            2.81907452036218        7.88838777905515        0.83905107867574
H            5.15230679884288        4.84045356460246        0.94827075474188
H            2.32502700997990        7.27247474220418       -1.13828309250482
H            4.97909216011010        6.30625735655722        2.90150212351146
H            2.17059495103756        8.75114600196741        0.82051542823760
H            4.18926250258657        6.69927288144667       -4.19101845996892
H            4.57904097843201        4.31849273766131       -1.17233266150463
H            3.83259668946579        4.23989489017917       -4.26418555518251
29
 energy: -47.678514544126 gnorm: 0.006496224482 xtb: 6.7.1 (edcfbbe)
O            3.82874436828423        4.11749167792180       -3.31824909391520
O            6.69680510212666        3.38628186167229       -2.15635656182641
O            2.24075739392498        5.71873446034465       -2.89021078720882
C            5.76405142198358        3.09354337432824       -1.46079197367165
C            3.56100514842511        5.33302452183603       -2.65933836768852
C            5.13463194253261        1.80900678269075       -1.12593956693707
C            4.47358357934525        6.45148447430875       -3.17760989732741
H            4.10598956574994        1.85031896268249       -1.49268404972443
H            5.08927760460404        1.70873720741892       -0.04351283893596
H            5.66425742938306        0.95971738572436       -1.57104538038729
H            4.38139506505685        7.32346125188964       -2.53773939335525
H            5.50307725296155        6.09985455317187       -3.16874703249911
H            3.96207133868867        8.13738452294912        3.80499782271291
H            1.63180821772973        5.03441712458289       -2.56959816707446
O            3.42572539705693        8.45710998808156        3.06464824868547
N            3.78081109543857        5.00770684605988       -1.26909609786099
C            3.74183062561634        5.93336821295903       -0.23927830755577
C            4.48192665661721        5.67738443361902        0.91671739825542
C            2.92079064619354        7.06346866182008       -0.26072112634205
C            3.55990605427149        7.61536083259426        1.99394025555786
C            4.39106300266517        6.50241466290891        2.01984504051841
C            2.83425928099992        7.89055746214769        0.84072351239546
H            5.13785479543186        4.81980645821900        0.94289737836082
H            2.33802834341802        7.28706052610753       -1.14014307136840
H            4.97213406365562        6.27880511765750        2.90335652785590
H            2.19421909462850        8.75947356174790        0.82610493696342
H            4.17725854203301        6.72178695417819       -4.18831202905384
H            4.56690241679459        4.31635816598033       -1.18466746862401
H            3.82744915650834        4.25551644935906       -4.27617960719380
29
 energy: -47.678623005298 gnorm: 0.008357266768 xtb: 6.7.1 (edcfbbe)
O            3.83075077690807        4.12769156859604       -3.33108071478199
O            6.69949899728023        3.39287252342809       -2.13106042398198
O            2.23724931443930        5.72124868779190       -2.89751182706617
C            5.75769905510745        3.09196605520256       -1.45752157382491
C            3.55535709439527        5.33902218597616       -2.66490788914666
C            5.13729048790188        1.80462608495021       -1.12277404440865
C            4.46774667779253        6.46346227826607       -3.17063690554194
H            4.11652065984500        1.82994478360928       -1.49944119043680
H            5.07522768612853        1.71865139392285       -0.04082389333911
H            5.68558231887133        0.96045219378470       -1.54800194048638
H            4.37999013363481        7.32351116675247       -2.51538664263600
H            5.49564876064981        6.10996336608490       -3.17336446654009
H            3.97399758523079        8.12766022170361        3.80021986027580
H            1.62851821068308        5.03682891424551       -2.57369571469412
O            3.44550772339897        8.45602990764008        3.05922524709459
N            3.77083574104029        5.00264740812695       -1.27375815153040
C            3.73917539423020        5.92815425744723       -0.24252826765312
C            4.47086128149880        5.66215877523932        0.91666693581105
C            2.93102457352118        7.06615436500336       -0.26474822780719
C            3.56929911255872        7.61109106050502        1.99014289914112
C            4.38607813780564        6.48707704311789        2.01944261682935
C            2.85051480180230        7.89385233456068        0.83611664318743
H            5.11667138648493        4.79699497950031        0.94502672956317
H            2.35298002057410        7.29589722732645       -1.14532707062737
H            4.95868149412892        6.25685792553006        2.90632515306778
H            2.22144014345049        8.76991299258731        0.82173185639292
H            4.16898318605385        6.75137829679987       -4.17461198036384
H            4.55585503698487        4.31380165370943       -1.19753660093276
H            3.80862880972423        4.26972684355285       -4.28717011280844
29
 energy: -47.678731954612 gnorm: 0.012905338314 xtb: 6.7.1 (edcfbbe)
O            3.82318706218802        4.14743635982983       -3.35253749147169
O            6.72111809184245        3.41389193898132       -2.06428131381863
O            2.22736416875962        5.73686877088656       -2.91101725467415
C            5.74378238242145        3.09728196057303       -1.43965269960397
C            3.54421794608460        5.35274117663984       -2.67609551589121
C            5.14085317852906        1.80058182346486       -1.11624335737675
C            4.46064489027347        6.48169705742469       -3.16631276402165
H            4.12802782311321        1.78698747417336       -1.53024995356265
H            5.04073283951521        1.73276879686936       -0.03182621400728
H            5.72863898709425        0.96545307104449       -1.50829126504179
H            4.38488445123617        7.32817776912662       -2.49090408497626
H            5.48580261782956        6.12017093540078       -3.18568126866205
H            3.99498937894489        8.09520243021346        3.80393745881383
H            1.62132123769384        5.05384351866061       -2.58041238744041
O            3.47994589488948        8.44237363070387        3.06099020926540
N            3.74995978402727        5.00137881879923       -1.28676153187179
C            3.73247397912789        5.92213731133242       -0.25069603079617
C            4.45432961498616        5.63564052989221        0.91062335899389
C            2.94586675324861        7.07537120141051       -0.27024303927602
C            3.58749719205455        7.59803974078681        1.98900455321243
C            4.38245607283110        6.45715220305740        2.01657470023314
C            2.87714616385276        7.89955370383186        0.83439174062910
H            5.08370333197282        4.75757474131631        0.93659963019363
H            2.37371477678824        7.31880672275561       -1.15154182559620
H            4.94656721248376        6.21244809406828        2.90537057275082
H            2.26474814367331        8.78750760879738        0.82357245820751
H            4.15573101392711        6.79283706415473       -4.16152068710191
H            4.52610593902222        4.29949715772063       -1.21652697002570
H            3.78180367371501        4.29621488304380       -4.30725872432806
29
 energy: -47.678863275308 gnorm: 0.007004326754 xtb: 6.7.1 (edcfbbe)
O            3.82447509748462        4.15384261316382       -3.35553852333501
O            6.71797811395397        3.41882045732336       -2.05823275461026
O            2.22632535416396        5.74012096322037       -2.91238957087356
C            5.74029188253142        3.09785926167357       -1.44001501208050
C            3.54467346671840        5.35567135486111       -2.67537683809425
C            5.14165664422048        1.79633577380066       -1.11484125239959
C            4.46302899316396        6.48585427860673       -3.15974370719007
H            4.13430706455825        1.78126764036134       -1.53080374894323
H            5.04276822867749        1.72500641115457       -0.03308717891498
H            5.73030021325434        0.96247835950231       -1.50315591864242
H            4.38801593002211        7.33069364117941       -2.48193545361517
H            5.48736163381243        6.12214156127105       -3.17728826039551
H            4.00152920050605        8.09962686007066        3.79993612360546
H            1.62546914451928        5.05476331119945       -2.58032632874884
O            3.48693555331859        8.44564916271758        3.05634760116421
N            3.74627241339025        5.00022823413220       -1.28872377398500
C            3.72886644551303        5.91845884907137       -0.25117842046007
C            4.44816057191413        5.63005836707530        0.91065039279761
C            2.94611003822527        7.07444289416238       -0.27293978797243
C            3.59035031568285        7.59820566484223        1.98597505012466
C            4.37983697185340        6.45421534095168        2.01518222954279
C            2.88053388059066        7.90091748792007        0.83065023957835
H            5.07283069546264        4.74890676113875        0.93782620603777
H            2.37447545980111        7.31828884134466       -1.15447383544410
H            4.94370211509095        6.20856470933596        2.90379414899040
H            2.27186137094600        8.79125341187524        0.81720351481230
H            4.16013418966420        6.79965961221368       -4.15424758691508
H            4.52142425692512        4.29269506193205       -1.21918889737730
H            3.76793935616109        4.30360960885817       -4.31106835390079
29
 energy: -47.678973780515 gnorm: 0.004392491280 xtb: 6.7.1 (edcfbbe)
O            3.83068543427474        4.16779644629435       -3.36600102668630
O            6.72155733962837        3.42465352985157       -2.03219337818778
O            2.22571568431992        5.74727678308169       -2.92030909389984
C            5.73095932504697        3.09800636497387       -1.44047051594157
C            3.54445652299647        5.36216088052120       -2.67583996899558
C            5.14258482396403        1.79137808702068       -1.11194400197098
C            4.46659708126387        6.49651942536577       -3.14404283596203
H            4.14729322547411        1.76144601471230       -1.55088564530405
H            5.02854486901083        1.72321326009387       -0.03125550983142
H            5.74762298502305        0.96122046177530       -1.48218183075205
H            4.39366935741650        7.33556365944345       -2.45972166229482
H            5.48888884070675        6.12907555384815       -3.16028306926892
H            4.01867409485148        8.10472895779945        3.78990106563004
H            1.62577318411957        5.06436226213978       -2.58358816695470
O            3.50634217633184        8.45011571376044        3.04571555862394
N            3.73462358657398        4.99500451806719       -1.29288660004627
C            3.72019157277602        5.90900787701457       -0.25255954209051
C            4.43302735243214        5.61447519750411        0.91032237795864
C            2.94900013185418        7.07294622817812       -0.27812431761550
C            3.59973976377351        7.59700286511834        1.97887350319305
C            4.37335881061657        6.44334377875727        2.01215368423203
C            2.89314137728814        7.90455510740324        0.82240977866052
H            5.04583660678892        4.72579287671174        0.94036726292253
H            2.37935172004906        7.32010166590324       -1.15966050114431
H            4.93439461866362        6.19296599513802        2.90092202356146
H            2.29616498548659        8.80278892567077        0.80319853366808
H            4.16790415506568        6.82055819517939       -4.13602751232816
H            4.50569054292679        4.27740979152691       -1.22319884153619
H            3.73582443340236        4.31616607210456       -4.31967946488383
29
 energy: -47.679017292334 gnorm: 0.004007611781 xtb: 6.7.1 (edcfbbe)
O            3.83052258948002        4.17688919623692       -3.37498964303099
O            6.71967764428195        3.43931911568013       -2.00669973459901
O            2.22510085424662        5.75604519584091       -2.92803121961433
C            5.72118661550410        3.10198306494226       -1.43509431502262
C            3.54290299705094        5.36744419396458       -2.67868084298424
C            5.14348843354460        1.78889146586993       -1.10938555840274
C            4.46924770355025        6.50262285535055       -3.13674496886642
H            4.15607874134225        1.74409457075373       -1.56544886929235
H            5.01377853518669        1.72362809729533       -0.02976847516712
H            5.76555383979875        0.96401053542537       -1.46669575132067
H            4.39904769777463        7.33768544763266       -2.44693226263808
H            5.49043950475393        6.13093190924462       -3.15385367067892
H            4.03449150556636        8.10214501340536        3.78600484668364
H            1.62113124259027        5.07586802899701       -2.59145764786700
O            3.52339031612365        8.44961476286738        3.04144389085393
N            3.72503551558057        4.99215483753498       -1.29752833660776
C            3.71426920636374        5.90317553513584       -0.25466660365455
C            4.42213646269459        5.60136373655307        0.90954817097947
C            2.95198668055893        7.07365320283635       -0.28042031273834
C            3.60818253318632        7.59364418280761        1.97618018929935
C            4.36879099533340        6.43134838392492        2.01135347329960
C            2.90406364287816        7.90683310434275        0.81925419002376
H            5.02609300028388        4.70666625996433        0.94070499069192
H            2.38365775700724        7.32516267822717       -1.16169572279262
H            4.92673161078756        6.17470370917571        2.90065279164534
H            2.31543662112399        8.81080485704293        0.79794160059697
H            4.17279309053943        6.83474489499655       -4.12729908642598
H            4.49449979712316        4.26924469458726       -1.22786254368112
H            3.71789946787018        4.32496296432261       -4.32681827593358
29
 energy: -47.679069215085 gnorm: 0.003013969483 xtb: 6.7.1 (edcfbbe)
O            3.83167123888812        4.18375012683068       -3.38248464410233
O            6.71495404569104        3.45586841694179       -1.98246317771174
O            2.22908037983969        5.76604418396211       -2.93714216660294
C            5.71031455247196        3.10680070289901       -1.43169238238876
C            3.54453214414055        5.37057522855349       -2.67979751700570
C            5.14235288405773        1.79004952004243       -1.10996674805870
C            4.47797654465939        6.50442295772816       -3.12588166122268
H            4.16478391721731        1.73017455861243       -1.58593213183836
H            4.99305646452905        1.72672800320741       -0.03262757299076
H            5.77996515330468        0.97206826561094       -1.45327014442195
H            4.40511902082832        7.33767402683913       -2.43514193912366
H            5.49830558504855        6.12989852135225       -3.13634270091466
H            4.05898582902764        8.11309458321007        3.77583330008278
H            1.61615341316866        5.09088008651323       -2.60388443405731
O            3.54143251667455        8.45433080497262        3.03295982310574
N            3.71497831090939        4.98644029002864       -1.30027023117918
C            3.70645283566783        5.89505953184710       -0.25509754747277
C            4.40929803538941        5.58876753873846        0.91076049744441
C            2.95104460398063        7.07009692712649       -0.28125466567500
C            3.61549750443093        7.59188915435913        1.97252536631806
C            4.36220135909849        6.42160931078398        2.01126017198509
C            2.91174421949589        7.90637919588033        0.81578373686122
H            5.00452015194705        4.68890843503619        0.94490004715822
H            2.38272787104511        7.32348021654301       -1.16178795783862
H            4.91668299718187        6.15931641085490        2.90114529099618
H            2.33038442908293        8.81468513135872        0.79085120980134
H            4.19091366355564        6.84034436556525       -4.11788558557649
H            4.48607629559426        4.26132341968588       -1.22924516784756
H            3.69640863519943        4.32897657987470       -4.33084076496826
29
 energy: -47.679116746373 gnorm: 0.001446952206 xtb: 6.7.1 (edcfbbe)
O            3.82885089551242        4.18187322938846       -3.38093304413605
O            6.71706497815810        3.46009488617338       -1.97048629684140
O            2.23082995414979        5.76895453234366       -2.93762092664991
C            5.70831871673137        3.10636791440648       -1.42991432054908
C            3.54425103740187        5.36993363094828       -2.67954234063367
C            5.14294229651286        1.78724542795691       -1.11668783489981
C            4.48020334220816        6.50147132692407       -3.12601750638396
H            4.16892718816981        1.72518800134391       -1.59818455401759
H            4.98239469672596        1.72350667057981       -0.04210386953559
H            5.78639291192562        0.97150577207109       -1.45340737935921
H            4.40642570794203        7.33566413430642       -2.43597315953290
H            5.50011274486103        6.12591224856909       -3.13448250434069
H            4.06221425667266        8.11586552297721        3.77576899242885
H            1.61652561685669        5.09560062798874       -2.60524107948406
O            3.54126674129722        8.45550866983601        3.03379818071397
N            3.71241504447927        4.98672336857877       -1.29909013215203
C            3.70520456300248        5.89646047011048       -0.25445908643287
C            4.40845834460506        5.59031845041503        0.91139145550881
C            2.95002556178277        7.07156848464265       -0.28032308111559
C            3.61436462553075        7.59273111713720        1.97370570007386
C            4.36204762888404        6.42288888086914        2.01187247788382
C            2.91013238284562        7.90708179570713        0.81717825712853
H            5.00453362497385        4.69072091331819        0.94536587891173
H            2.38202748026268        7.32507451246200       -1.16117878549289
H            4.91639800156193        6.16074696581610        2.90170511025764
H            2.32802993990341        8.81498568025510        0.79366456929687
H            4.19573507431079        6.83624174073515       -4.11906615972244
H            4.48275486799415        4.26118824578881       -1.22733756973387
H            3.69876637686366        4.32821327330923       -4.32939068843499
29
 energy: -47.679232702370 gnorm: 0.005339503963 xtb: 6.7.1 (edcfbbe)
O            3.81470126085087        4.17446867424543       -3.37355231919204
O            6.72745450847547        3.48056728917241       -1.91343273942587
O            2.23612353839895        5.78340120427385       -2.94064838612982
C            5.69979466723568        3.10534402003853       -1.42028482024144
C            3.54126083951274        5.36839379583872       -2.67834302051829
C            5.14425688220901        1.77560858988673       -1.14468319400287
C            4.49178180323994        6.48758338356926       -3.12520330755614
H            4.18956946772521        1.70129493281982       -1.66150824253790
H            4.93222547019807        1.70707062180977       -0.07960305801787
H            5.81625723302793        0.97191016535509       -1.45330045247059
H            4.41498282285348        7.32733920773135       -2.44105188253867
H            5.50950660930439        6.10599851488087       -3.12168701228608
H            4.07618567197980        8.12673963776335        3.77498508515989
H            1.61400976857076        5.11719200127802       -2.61298444046222
O            3.54083148150095        8.45949745774205        3.03807365440926
N            3.69963828343860        4.98817261378707       -1.29424443748413
C            3.69865586344062        5.90217256872057       -0.25183480996400
C            4.40524992941708        5.59692788089037        0.91277209612325
C            2.94381544014407        7.07729773988168       -0.27551295170598
C            3.61122902177914        7.59683030257525        1.97828307079344
C            4.36222216258549        6.42840214370512        2.01355616798186
C            2.90370889958123        7.91054120040813        0.82349256211660
H            5.00421275977059        4.69836532474509        0.94542600713958
H            2.37682725420922        7.33187304169963       -1.15711361418459
H            4.91824153573451        6.16756952563469        2.90231553022651
H            2.31881294398126        8.81696209322517        0.80605221061738
H            4.22005386682824        6.81645976131251       -4.12371373981018
H            4.46581563838042        4.25972569776313       -1.21958684906190
H            3.71018897775222        4.32592710420472       -4.32365680422217
29
 energy: -47.679299201017 gnorm: 0.005261830070 xtb: 6.7.1 (edcfbbe)
O            3.80600494112850        4.17088769744803       -3.36930874469330
O            6.73153116991571        3.49181479776013       -1.88210169872023
O            2.23809452220400        5.79193352333481       -2.94267345717401
C            5.69701426009869        3.10630653493741       -1.41172636575879
C            3.53927530433922        5.36794603410914       -2.67684728623984
C            5.14428690483139        1.77123562144461       -1.15840911703755
C            4.49853462750330        6.48004393137874       -3.12276641576914
H            4.20278753678831        1.69261557745583       -1.69995553814776
H            4.90588111657994        1.69453438875008       -0.09853511197759
H            5.82967753645814        0.97456569499391       -1.45552312780190
H            4.42133293644615        7.32343422421885       -2.44319796848487
H            5.51441953491598        6.09355175100366       -3.11077198186765
H            4.08135006895617        8.13138726968300        3.77417355969501
H            1.61052686327473        5.12886463752080       -2.61860959609967
O            3.54117745200959        8.46158470360972        3.03975727816926
N            3.69244952015377        4.98845849548507       -1.29144851506046
C            3.69466065990550        5.90399044753033       -0.25016626173212
C            4.40379411193416        5.59962325684235        0.91312764486802
C            2.94016825602232        7.07934748424864       -0.27308378294195
C            3.61098353626900        7.59939002682790        1.97968380950515
C            4.36276771924461        6.43136085458962        2.01378864648379
C            2.90160581492265        7.91271064901733        0.82590188899266
H            5.00335561626823        4.70139914296732        0.94498344167959
H            2.37271086335596        7.33414022871233       -1.15431307753951
H            4.92109435964209        6.17166695574854        2.90148197766754
H            2.31625617723653        8.81889000996994        0.81011627571279
H            4.23474483810971        6.80570849346890       -4.12460323409269
H            4.45571037202692        4.25758327792444       -1.21523651729533
H            3.71541798158458        4.32466078397687       -4.32072642158466
29
 energy: -47.679423666345 gnorm: 0.005682137809 xtb: 6.7.1 (edcfbbe)
O            3.78538956492981        4.16351858516558       -3.35968885807006
O            6.73769560130160        3.51897328483488       -1.81207509338674
O            2.24183786368044        5.81204906722107       -2.94762491756273
C            5.69197277838391        3.11087122705587       -1.38802418416995
C            3.53439800975778        5.36709232939962       -2.67241475876694
C            5.14373190752035        1.76372557843011       -1.18813866860706
C            4.51464061584295        6.46234339525084       -3.11463250626759
H            4.23523562366910        1.68086204730258       -1.78881289872864
H            4.84716819229860        1.66207916807896       -0.14199965624332
H            5.85655336999816        0.98287197535571       -1.46316221291975
H            4.43647931819940        7.31431501243723       -2.44639599192143
H            5.52582668584367        6.06376603915311       -3.08081366405328
H            4.09129257551110        8.14049605889139        3.77187037881728
H            1.60095900906224        5.15528224893372       -2.63403164013528
O            3.54369346887589        8.46662204009186        3.04231011537920
N            3.67536373265715        4.98817712338053       -1.28494866575142
C            3.68476544041755        5.90634353564261       -0.24605132837317
C            4.40062023380458        5.60444060186776        0.91355110026334
C            2.93150791942700        7.08256182413112       -0.26787393720546
C            3.61200462130382        7.60525051518902        1.98151548381741
C            4.36469118016600        6.43787192236669        2.01337712485139
C            2.89824529293768        7.91761807044931        0.83011539050999
H            5.00061042661937        4.70663719721383        0.94348531773775
H            2.36219017483161        7.33754180239272       -1.14767308239637
H            4.92928996131339        6.18078323769481        2.89815150353089
H            2.31329831118066        8.82404775709201        0.81596853807505
H            4.27094650518669        6.78053795384474       -4.12448106561587
H            4.43152087264032        4.25135135732178       -1.20461775450248
H            3.72568534476492        4.32160553876871       -4.31387376555064
29
 energy: -47.679316030115 gnorm: 0.013771044829 xtb: 6.7.1 (edcfbbe)
O            3.76491423129618        4.15620078016588       -3.35013695983373
O            6.74384310672735        3.54593944117999       -1.74250962263429
O            2.24555046419557        5.83202719181155       -2.95254370964716
C            5.68696854688651        3.11539975079332       -1.36449260198730
C            3.52955119631046        5.36624889722777       -2.66801883546424
C            5.14318027165798        1.75626140149610       -1.21765358988170
C            4.53062936198032        6.44477168406682       -3.10656842638920
H            4.26745769425614        1.66914777994193       -1.87707733540964
H            4.78883107639297        1.62986495852751       -0.18513984551191
H            5.88326473592222        0.99111683001904       -1.47071394194950
H            4.45151986899388        7.30526486347355       -2.44958434843863
H            5.53715172710463        6.03419354811741       -3.05108659529091
H            4.10116907704406        8.14953622247180        3.76958579993184
H            1.59145361523439        5.18151987121280       -2.64933820842628
O            3.54618522844434        8.47161451585040        3.04485347015353
N            3.65840031529720        4.98790309525800       -1.27849816355109
C            3.67494276659098        5.90868533123910       -0.24196857267187
C            4.39747331313623        5.60922784967098        0.91396722311426
C            2.92290763224660        7.08575662164812       -0.26269862575296
C            3.61301749446737        7.61106689276451        1.98333850903156
C            4.36660367606414        6.44433585077995        2.01296806151275
C            2.89490528863986        7.92248945934656        0.83430505696756
H            4.99789178272991        4.71184396990632        0.94199068504484
H            2.35174274825378        7.34092490754577       -1.14107709718837
H            4.93743232655772        6.18983454139648        2.89484348798105
H            2.31035362301552        8.82916506412596        0.82179361547813
H            4.30688010650963        6.75555077330418       -4.12437148085778
H            4.40750323135637        4.24516676343907       -1.19408270632745
H            3.73589009481328        4.31857763817711       -4.30707493924800
29
 energy: -47.679493994410 gnorm: 0.004917787315 xtb: 6.7.1 (edcfbbe)
O            3.77525086258079        4.16015378616932       -3.35448578886322
O            6.73511627873774        3.53277628020615       -1.78109815656634
O            2.24393955720383        5.82207124190969       -2.95014324578928
C            5.68994112133546        3.11453182269683       -1.37304955875294
C            3.53223190020128        5.36618365269763       -2.66877526296934
C            5.14313782529639        1.76203883742164       -1.20410263798898
C            4.52423705793136        6.45212876420355       -3.10706205077402
H            4.25228567151595        1.68517928746495       -1.83011209394610
H            4.82573773288441        1.64057978570617       -0.16729268952311
H            5.86383426175408        0.98906877548114       -1.47593352038534
H            4.44554910988278        7.30894166312184       -2.44579744303168
H            5.53222405109207        6.04659090439400       -3.05926862086423
H            4.09485905674995        8.14568583429582        3.76988544490415
H            1.59560308510368        5.16781189192936       -2.64402608211629
O            3.54627654224659        8.47087122195331        3.04196574668112
N            3.66591157316113        4.98690466716671       -1.28085939497280
C            3.67871943596720        5.90609769491806       -0.24322623109844
C            4.39828396487038        5.60602240497920        0.91423567839409
C            2.92659130474758        7.08313067527600       -0.26544077484625
C            3.61343063563459        7.60914944369535        1.98121554036825
C            4.36545917056296        6.44163593633853        2.01285726625918
C            2.89743320568665        7.92061209273178        0.83096205354252
H            4.99758267002846        4.70807073229761        0.94351533415384
H            2.35574733342299        7.33767482756349       -1.14415599512790
H            4.93400614781905        6.18619008293334        2.89584185357643
H            2.31386373004519        8.82783659562218        0.81560603782972
H            4.29324627590954        6.76586993931592       -4.12143085154046
H            4.41810551954899        4.24683742096709       -1.19741603903390
H            3.72900952020458        4.31899023150139       -4.30939821476490
29
 energy: -47.679531985557 gnorm: 0.001896799932 xtb: 6.7.1 (edcfbbe)
O            3.77513642688795        4.15984897596357       -3.35363841560017
O            6.73369925223086        3.53855101538124       -1.77297290709616
O            2.24512508336438        5.82250654132314       -2.95021795676426
C            5.68664652650482        3.11581225648560       -1.37138207251886
C            3.53265900704482        5.36519044142476       -2.66710977929630
C            5.14211646265870        1.76196516189347       -1.20971656160955
C            4.52649839147834        6.44985474966910       -3.10306816892986
H            4.25578133549504        1.68964966440205       -1.83895043733688
H            4.82117416862512        1.63554342681175       -0.17657115080218
H            5.86520457492481        0.99070309015753       -1.48158594236391
H            4.44652079881484        7.30730725558393       -2.44285164009330
H            5.53357127989097        6.04345422426597       -3.05126678717900
H            4.09534067888875        8.14771989633419        3.76893152587977
H            1.59605679769185        5.16822139259958       -2.64676686588092
O            3.54863473680984        8.47388045258734        3.03996591617284
N            3.66365362989165        4.98552084230213       -1.27941419791721
C            3.67709050428854        5.90505043053277       -0.24209296769147
C            4.39679577079525        5.60547924549804        0.91532549601870
C            2.92620517008675        7.08281908872898       -0.26554863165918
C            3.61416163305947        7.61060025191556        1.98021215202481
C            4.36510891632463        6.44255750927742        2.01288965554755
C            2.89824315064167        7.92165006823036        0.82981588313901
H            4.99520892365640        4.70694814025736        0.94519242556697
H            2.35521071979541        7.33687115019221       -1.14428769844454
H            4.93369289563890        6.18712844297265        2.89576968914466
H            2.31587902795310        8.82959773333897        0.81264637021308
H            4.29975348274827        6.76250215923243       -4.11837732425597
H            4.41517403535757        4.24523881616217       -1.19412260929708
H            3.72727122057694        4.31746407143378       -4.30779669621695
29
 energy: -47.679628334942 gnorm: 0.004091827607 xtb: 6.7.1 (edcfbbe)
O            3.76632607341633        4.15383412785607       -3.34484262097402
O            6.72636577091312        3.57044071997184       -1.71838192770184
O            2.25200641624606        5.83205194492516       -2.95304887242536
C            5.67578347391970        3.12457705938288       -1.35014424501185
C            3.53227864190786        5.35962560648161       -2.65801366164043
C            5.13926310510413        1.76137081721568       -1.24534200402590
C            4.54297236158048        6.43263454502879       -3.08151167532299
H            4.28327131053282        1.70874873169434       -1.91259267424671
H            4.77898749969650        1.59874784580190       -0.23269660202470
H            5.87950479609591        1.00391079242343       -1.51368055635939
H            4.45517531851579        7.29625688549602       -2.43013753437032
H            5.54490858535817        6.01827635216721       -3.00253727554795
H            4.10182979245772        8.16094064393625        3.76355615341432
H            1.59416473823606        5.18053809398877       -2.66500442643561
O            3.56115941165761        8.49030252045755        3.03127298666170
N            3.64559902733196        4.97811271468739       -1.27010820897852
C            3.66585920398521        5.90116850095114       -0.23553715416384
C            4.38770325056885        5.60443224477193        0.92103105250536
C            2.92158127859889        7.08297927885798       -0.26421843196643
C            3.61811618615503        7.61986651040886        1.97631218486394
C            4.36343373568167        6.44879036209467        2.01345078431150
C            2.90099314746363        7.92857978857201        0.82607156113942
H            4.98223560864071        4.70332883741214        0.95347316001155
H            2.34966422582004        7.33490055776100       -1.14288931844658
H            4.93415342656202        6.19469199197377        2.89515382760814
H            2.32395303713236        8.83975453910007        0.80215904309906
H            4.34352049126225        6.73783922413183       -4.10453362285572
H            4.39215324486973        4.23400709816803       -1.17622974385207
H            3.72465144241489        4.30892815923961       -4.29801989451196
29
 energy: -47.679691889211 gnorm: 0.005099829157 xtb: 6.7.1 (edcfbbe)
O            3.75681268368667        4.14526083921289       -3.33373915699801
O            6.72089112996372        3.59919555866371       -1.66354531527301
O            2.25927294609337        5.84209649525328       -2.95700776217454
C            5.66717523950005        3.13235609361513       -1.32818918130643
C            3.53115742494238        5.35347771284802       -2.64925753154638
C            5.13767003441405        1.76078507835079       -1.28271785491576
C            4.55960666659588        6.41449246137591       -3.06115097677939
H            4.31206504897525        1.72272599273008       -1.99344795362819
H            4.73178270671206        1.56406246746900       -0.29042779135190
H            5.89657570862974        1.01784447291785       -1.54274912214748
H            4.46367036691886        7.28474195235401       -2.41943971794765
H            5.55689071817683        5.99314858553740       -2.95577644773981
H            4.10954203993744        8.17506935879266        3.75810621278391
H            1.59134751573866        5.19477121364410       -2.68262541030236
O            3.57319525886245        8.50669283254022        3.02342798963465
N            3.62628246762167        4.97080063847386       -1.25998976428922
C            3.65439591447378        5.89861990454763       -0.22891442727388
C            4.37766559883110        5.60421707651004        0.92720779029076
C            2.91657548248479        7.08433403999915       -0.26223297428365
C            3.62202231856116        7.62991896268485        1.97320878769040
C            4.36101753654811        6.45505962890242        2.01490388504073
C            2.90339425652109        7.93626336063442        0.82328473324428
H            4.96781321297210        4.70024372217210        0.96287206784940
H            2.34465568174963        7.33467708790723       -1.14133949328121
H            4.93361059665325        6.20288203042497        2.89593875004229
H            2.33115279159632        8.85034036390827        0.79496079026208
H            4.38609307846537        6.71210204164880       -4.09159399265051
H            4.36873749071998        4.22294296644342       -1.15901757448599
H            3.72654268577961        4.30051355539560       -4.28773825571121
29
 energy: -47.679741751884 gnorm: 0.003418422761 xtb: 6.7.1 (edcfbbe)
O            3.75683222113121        4.13930093476428       -3.32637581388885
O            6.71445344759352        3.60977314668520       -1.64663275539788
O            2.26421765881267        5.84263497896926       -2.95913376040670
C            5.66240671921444        3.13593735562138       -1.32113131545548
C            3.53170924569586        5.34824516622901       -2.64344952863808
C            5.13733672376037        1.76335299777512       -1.30399805864530
C            4.56748061079055        6.40544616760900       -3.04741566315983
H            4.32533506156979        1.73389444631017       -2.03232659564231
H            4.71162831903426        1.55135425783922       -0.32361659354944
H            5.90333082301676        1.02674392608667       -1.56067351447088
H            4.46524762270215        7.27834774645174       -2.41020496470209
H            5.56272056502193        5.98315417448703       -2.92865788635382
H            4.11292261992849        8.18463874830536        3.75417435011934
H            1.59200689454938        5.19738241796758       -2.69079276312831
O            3.58200161917735        8.51887186165525        3.01626414539220
N            3.61577363937634        4.96486990877780       -1.25313069782634
C            3.64813686571797        5.89631986665635       -0.22454573006443
C            4.36944828716784        5.60263170169917        0.93293999113190
C            2.91547003055072        7.08506383503485       -0.26215100822723
C            3.62485066411548        7.63687108839622        1.97038726413638
C            4.35747806386541        6.45800257372911        2.01708269118606
C            2.90669229867938        7.94159286837710        0.81974994251467
H            4.95507858462120        4.69576120308026        0.97266748858780
H            2.34469022355710        7.33424631941846       -1.14239699340702
H            4.92901417747320        6.20685745022715        2.89909176379970
H            2.33845731123456        8.85807505522900        0.78823891316564
H            4.40708925407476        6.69934405692535       -4.08073415681449
H            4.35788332847706        4.21603992568238       -1.14888849193340
H            3.72792172121557        4.29488231496832       -4.28132995557038
29
 energy: -47.679793084129 gnorm: 0.001826494727 xtb: 6.7.1 (edcfbbe)
O            3.76350889886814        4.13242329463519       -3.31783817307830
O            6.70758205773401        3.62052971067239       -1.63315768654128
O            2.27066371765723        5.83770484746515       -2.96172678663565
C            5.65615650005067        3.13820003147189       -1.31842027724649
C            3.53376378548135        5.34142897662865       -2.63653195073679
C            5.13744775041901        1.76594736757688       -1.33006108367389
C            4.57429881447103        6.39740115753930       -3.03161681481455
H            4.33626970186324        1.74371502801654       -2.06827941319480
H            4.69536442169222        1.54020017062641       -0.36271598336795
H            5.90777521201570        1.03487593008158       -1.58362358997233
H            4.46436365969495        7.27210134639299       -2.39840489001944
H            5.56794002687191        5.97652720357376       -2.90056744006864
H            4.11629764793709        8.19773742122843        3.74885948187894
H            1.59514556248983        5.19487875624459       -2.69669923756215
O            3.59264049360418        8.53467168393204        3.00647510215662
N            3.60550578523881        4.95769436768054       -1.24448674019927
C            3.64155255627444        5.89367061590677       -0.21899207155522
C            4.35756867174582        5.59987757137472        0.94177300801008
C            2.91622710908569        7.08659100436511       -0.26302666097689
C            3.62804634090270        7.64578900628812        1.96681301639595
C            4.35094251976878        6.46077888132121        2.02130586452849
C            2.91226222542323        7.94880615535962        0.81422893527745
H            4.93583011538762        4.68844992929155        0.98835353421141
H            2.34806423453863        7.33452689882180       -1.14545692521900
H            4.91874084827715        6.21067217525794        2.90604703430788
H            2.35018332149267        8.86896021367680        0.77894693497633
H            4.42546379956559        6.68782128074872       -4.06680111678240
H            4.34886787659456        4.20880888608761       -1.13784311158452
H            3.72914094697902        4.28884658269152       -4.27354265576274
29
 energy: -47.679757277537 gnorm: 0.008265624887 xtb: 6.7.1 (edcfbbe)
O            3.76934075356776        4.11909639169549       -3.29933157964120
O            6.69568972877156        3.65388782676946       -1.57478006463035
O            2.28408899746274        5.83577640338358       -2.96766966914556
C            5.64225577807960        3.14427320053448       -1.29959945874678
C            3.53651947420240        5.32936792284147       -2.62097779249357
C            5.13662568941879        1.76579810470931       -1.39154232840286
C            4.59349987255020        6.37599128844258       -2.99856561559018
H            4.37143262761353        1.76378328739222       -2.17280955254584
H            4.64233318990968        1.49553731275739       -0.45510285870994
H            5.92590154101553        1.05258002970074       -1.63621784103464
H            4.46974833121758        7.25796286971504       -2.37779568073343
H            5.58177291410580        5.95125464047084       -2.83455474193343
H            4.12678511579087        8.22782551746010        3.73736652000159
H            1.59778242961956        5.19948519966834       -2.71301602247487
O            3.61229099699707        8.56631844744986        2.98927875679559
N            3.58156658318141        4.94516911375316       -1.22580186342729
C            3.62518921710888        5.88905343224960       -0.20629775365625
C            4.33388151094724        5.59636627623758        0.95909447031647
C            2.91467284403107        7.09044298328376       -0.26302852021541
C            3.63333738052734        7.66444417564197        1.96090020867983
C            4.33874673176045        6.46901488534469        2.02926810623191
C            2.92155858137595        7.96429051792648        0.80490702191941
H            4.89834103745203        4.67669670245973        1.01736591428923
H            2.35046710010603        7.33610784282579       -1.14873663420723
H            4.90164978899777        6.22136378721421        2.91787618899066
H            2.37264707004642        8.89227053510002        0.76085175683386
H            4.47550658479634        6.65591247798475       -4.04165769453261
H            4.32294773086722        4.19359143554589       -1.11167165533650
H            3.73103500060424        4.27597388639920       -4.25474131385115
29
 energy: -47.679826196790 gnorm: 0.002532556641 xtb: 6.7.1 (edcfbbe)
O            3.77444978361001        4.12264564083709       -3.30315956580216
O            6.69732576815254        3.64082864286123       -1.59807302165090
O            2.28145703723194        5.83094115380576       -2.96569677825831
C            5.64601829611244        3.14004418689423       -1.30901556738927
C            3.53747133662552        5.33203897293310       -2.62371541852434
C            5.13734085232125        1.76521693746658       -1.37767920548115
C            4.58691802022691        6.38356848312199       -3.00649217917223
H            4.36046134951288        1.75869022450712       -2.14281606761177
H            4.66186486209161        1.50722747180444       -0.43321089093402
H            5.91994266626137        1.04672061604906       -1.62650774251953
H            4.46730768091738        7.26310361753658       -2.38214654940362
H            5.57687992496717        5.96104334673913       -2.85353257867403
H            4.12392133534682        8.22435556835921        3.73886573236879
H            1.59920583691590        5.19347193230592       -2.70399714533910
O            3.60642983889205        8.56030493783631        2.99227257387170
N            3.59033385629743        4.94854188754676       -1.22929833007031
C            3.62971443803207        5.89006537708102       -0.20827947145564
C            4.33685784271183        5.59644179115244        0.95785629053126
C            2.91719392386364        7.09011511582678       -0.26408943406315
C            3.63097888268229        7.66075727213493        1.96227118764533
C            4.33833793157222        6.46683831705240        2.02960125302753
C            2.92085680810211        7.96163852684733        0.80550261960330
H            4.90243075012843        4.67777721946690        1.01535705343132
H            2.35337567511192        7.33644775950623       -1.14981759277861
H            4.89973261668310        6.21841232102402        2.91894364980902
H            2.37090057215773        8.88887313848834        0.76235859135500
H            4.45807070668301        6.66633080060119       -4.04674645419251
H            4.33266950656148        4.19804139647752       -1.11808359226315
H            3.72916650235212        4.27915383869418       -4.25766106330967
29
 energy: -47.679838506643 gnorm: 0.001323338461 xtb: 6.7.1 (edcfbbe)
O            3.77594417502199        4.12327895045827       -3.30288727346307
O            6.69757251604042        3.63727409595070       -1.60062292836477
O            2.28085699421160        5.82967477885413       -2.96455455841086
C            5.64661299520784        3.13725383739298       -1.31086417577298
C            3.53798931308682        5.33298906776555       -2.62343666931586
C            5.13774623127023        1.76296716774134       -1.37715510441983
C            4.58594369938766        6.38542856763194       -3.00794628586846
H            4.35970155767381        1.75785827783269       -2.14017930142941
H            4.66680620645061        1.50510278700070       -0.43181458987129
H            5.92004455406065        1.04451400043059       -1.62836890613797
H            4.46825996811742        7.26478405144098       -2.38317741610400
H            5.57618215183781        5.96307958091394       -2.85824086525664
H            4.12350303170616        8.22629011180820        3.73865365708957
H            1.59950968273380        5.19279902629498       -2.69903623829900
O            3.60380685259728        8.56010493540789        2.99285928975163
N            3.59302781487132        4.94987094178147       -1.22954801858075
C            3.63075451381890        5.89054523345219       -0.20805940992675
C            4.33605376824314        5.59645067361199        0.95907567706780
C            2.91870930152929        7.09079215215286       -0.26472079126631
C            3.62970292615914        7.66082515356427        1.96267737151162
C            4.33613436603242        6.46669003522385        2.03096605815239
C            2.92136321306032        7.96216631127440        0.80493301137264
H            4.90113243075150        4.67772648739922        1.01692719960026
H            2.35588505225225        7.33758810720157       -1.15089678651759
H            4.89627801046881        6.21787770487351        2.92098138755456
H            2.37183804744869        8.88947958711359        0.76085557140618
H            4.45412544694957        6.66861895053553       -4.04754380463973
H            4.33356672293630        4.19810014308867       -1.11848597051060
H            3.72856305819938        4.27950577675978       -4.25737982660096
29
 energy: -47.679854029986 gnorm: 0.002043303582 xtb: 6.7.1 (edcfbbe)
O            3.78005486737408        4.12390531563232       -3.30031746379866
O            6.69787507734429        3.63146922194749       -1.59758484064022
O            2.28083810692956        5.82675336668340       -2.96127084191403
C            5.64750728076592        3.12973218081893       -1.31179347176014
C            3.54001883424782        5.33438466274595       -2.62091070401309
C            5.13957183758115        1.75548207532127       -1.38380473902496
C            4.58533564657310        6.38796497046287       -3.00957131024081
H            4.36268859692566        1.75734588431874       -2.14591382524687
H            4.67318621271717        1.48996338479662       -0.43958123725099
H            5.92253450614263        1.03964070043112       -1.64227704808862
H            4.47150133396790        7.26719620925090       -2.38425425233582
H            5.57599966153513        5.96538727184901       -2.86525487163089
H            4.12234940206055        8.23479262499378        3.73747785012029
H            1.60092791971551        5.19270434799757       -2.68517395812431
O            3.59745283807053        8.56334107624394        2.99324428038101
N            3.59817955695165        4.95256168603881       -1.22806534611672
C            3.63227800594987        5.89191876521640       -0.20598388840881
C            4.33138913722858        5.59657693725458        0.96456654560563
C            2.92328598624163        7.09380215777356       -0.26649852666742
C            3.62621626382749        7.66352400562367        1.96349381173276
C            4.32832068438922        6.46755059026325        2.03601454103298
C            2.92376333638507        7.96599476628073        0.80242831086523
H            4.89329817914175        4.67635774784883        1.02496141627946
H            2.36438908055546        7.34190712580061       -1.15470797179788
H            4.88390747462774        6.21749514842325        2.92855310570910
H            2.37697959314029        8.89455971888913        0.75429127992703
H            4.44828610571023        6.67139773312545       -4.04827449763816
H            4.33272415995355        4.19683407786036       -1.11603667187903
H            3.72675491607161        4.27909274106527       -4.25474537232645
29
 energy: -47.679862265241 gnorm: 0.001586709614 xtb: 6.7.1 (edcfbbe)
O            3.78172087621531        4.12282099090411       -3.29788991162521
O            6.69779095436087        3.63184762311984       -1.58985447364233
O            2.28212702146145        5.82564698037562       -2.96019942195504
C            5.64669789190476        3.12709137492655       -1.31039943967506
C            3.54115850017510        5.33350609777223       -2.61880843006547
C            5.14033611250549        1.75254434522655       -1.39228915342552
C            4.58668699492874        6.38683419246106       -3.00765157825418
H            4.36685819278141        1.75801873322490       -2.15837950661462
H            4.67009176340988        1.48123270270663       -0.45141891176375
H            5.92558815966142        1.03921225071124       -1.65158709467220
H            4.47289296520000        7.26630278237226       -2.38262204995875
H            5.57729947633997        5.96415331078166       -2.86294497997526
H            4.12138784656740        8.23957832039977        3.73669476793165
H            1.60193901674058        5.19336401981635       -2.68078775155303
O            3.59655706490142        8.56748159688401        2.99207497675938
N            3.59799204875634        4.95236019799857       -1.22581373940936
C            3.63177359084309        5.89234580081183       -0.20422713475689
C            4.32770418202647        5.59655823445033        0.96810487489060
C            2.92535304192784        7.09568101041916       -0.26727732298834
C            3.62528481830202        7.66638237429577        1.96336954391216
C            4.32438131070603        6.46873585606930        2.03863308284553
C            2.92568100334200        7.96912559442005        0.80066319194051
H            4.88717380644027        4.67491262856208        1.03074798916906
H            2.36851347564158        7.34403838602765       -1.15672775954434
H            4.87752482919069        6.21830976581378        2.93259978950051
H            2.38104849696433        8.89888872333384        0.75028240624588
H            4.44984586710486        6.66978640730754       -4.04651526463456
H            4.33040770777171        4.19542375637976       -1.11253425746731
H            3.72579758595404        4.27745243738531       -4.25223213846462
29
 energy: -47.679860586675 gnorm: 0.003802847802 xtb: 6.7.1 (edcfbbe)
O            3.79051174962797        4.11539954186595       -3.28248385768993
O            6.69780453052211        3.63431903315137       -1.54336618734984
O            2.28990356100051        5.81941308919182       -2.95427084388726
C            5.64452312402214        3.11307586279808       -1.29870334484911
C            3.54758028224711        5.32736541829016       -2.60610907179999
C            5.14571646626933        1.73719962097943       -1.44480387675060
C            4.59546965205112        6.37867040619199       -2.99523763535873
H            4.39186487388871        1.76613275712373       -2.23224146414174
H            4.65059366689288        1.42654549239491       -0.52482479695853
H            5.94095475870158        1.03807590595122       -1.71163419464013
H            4.48159577058528        7.25954741688868       -2.37192439664017
H            5.58579751915893        5.95485141537872       -2.84732364732708
H            4.11302040015823        8.26619681152359        3.73306962610885
H            1.60720989375640        5.19775334471672       -2.65629979226438
O            3.59253090663720        8.59279485624407        2.98461417065930
N            3.59550659424305        4.95026993365769       -1.21170060886988
C            3.62822979327178        5.89482694921308       -0.19367065919787
C            4.30527250816657        5.59661204802904        0.98918759156304
C            2.93778706256610        7.10699629081278       -0.27203462898619
C            3.62039696373563        7.68392473178148        1.96228744037124
C            4.30115703378631        6.47617499151896        2.05395966619358
C            2.93787685386568        7.98819859689653        0.78979488190318
H            4.85008325101509        4.66665458366960        1.06564812727578
H            2.39331135238817        7.35671166040201       -1.16893363216539
H            4.83953432686242        6.22373031247300        2.95655243767201
H            2.40661377344076        8.92532218739496        0.72624045118935
H            4.46077252556623        6.65927230573795       -4.03544418021878
H            4.31655087467690        4.18716950021952       -1.09085951582510
H            3.71944453302070        4.26643143046070       -4.23647775526734
29
 energy: -47.679879147276 gnorm: 0.001599784066 xtb: 6.7.1 (edcfbbe)
O            3.78709182738953        4.11814456591607       -3.28791985657798
O            6.69956080945007        3.63073659877226       -1.55979704700218
O            2.28674564829516        5.82144540404862       -2.95534102314953
C            5.64629025480960        3.11634147172867       -1.30384957547670
C            3.54552487109215        5.32963610922676       -2.61083285249748
C            5.14441974206249        1.74187613548267       -1.42635105437293
C            4.59174417414657        6.38206293875552       -3.00124921280232
H            4.38233617467222        1.76218439876210       -2.20501125365741
H            4.65885266747339        1.44654338886236       -0.49857066281610
H            5.93583104906909        1.03733481717822       -1.69054336821041
H            4.47890964470029        7.26179970240679       -2.37614017519506
H            5.58271899100209        5.95870980896756       -2.85686713960959
H            4.11309911965724        8.25565197993601        3.73573768880890
H            1.60547549784597        5.19645200122364       -2.66192096331206
O            3.59239431236911        8.58362416132099        2.98801948682808
N            3.59775754945573        4.95157264085696       -1.21679364433930
C            3.63050804996404        5.89464094488680       -0.19755503219118
C            4.31317068563883        5.59704973464468        0.98205482609627
C            2.93477856057367        7.10376550465225       -0.27072562082815
C            3.62144253359281        7.67783309755241        1.96309785641655
C            4.30847378812380        6.47363134220913        2.04913409846842
C            2.93414307276142        7.98194382960962        0.79351097714323
H            4.86300221215709        4.67004635576698        1.05397455966498
H            2.38679561674752        7.35327062447735       -1.16541595142634
H            4.85097819055713        6.22148465934212        2.94914275835612
H            2.39838396128601        8.91649476241702        0.73436323730536
H            4.45399299665629        6.66450912070889       -4.04053932211775
H            4.32258304023225        4.19092719444733       -1.09855734494659
H            3.72060956034341        4.26992320079801       -4.24204408581014
29
 energy: -47.679883767941 gnorm: 0.000636949574 xtb: 6.7.1 (edcfbbe)
O            3.78473149593765        4.11852940185810       -3.28920788982507
O            6.70206788024569        3.62835192220163       -1.56236658931805
O            2.28560880056556        5.82246243358848       -2.95478524188299
C            5.64844558312622        3.11685238785725       -1.30404010724503
C            3.54489743593816        5.33009916930603       -2.61238910363139
C            5.14426288877186        1.74355199644233       -1.42164855256784
C            4.59054756303543        6.38267666607011       -3.00396563973328
H            4.37857086838134        1.76290926114811       -2.19641041939969
H            4.66253947384470        1.45189475942467       -0.49167220502413
H            5.93319097772498        1.03686399791415       -1.68656858877905
H            4.47999975077565        7.26155077068009       -2.37737535865766
H            5.58169492708737        5.95902663096436       -2.86366036376264
H            4.10935492057227        8.25060022981076        3.73830369320759
H            1.60479459356484        5.19680249112053       -2.66208762888347
O            3.59162309403905        8.58065739509515        2.98943546327406
N            3.59924160355160        4.95220486365236       -1.21830229123140
C            3.63189524010219        5.89506361475494       -0.19888156517739
C            4.31550735206896        5.59739892417343        0.98009945060466
C            2.93504805084839        7.10347715824002       -0.27076605963157
C            3.62151079024597        7.67607296051642        1.96351651088892
C            4.31010876182408        6.47281432640697        2.04804660582585
C            2.93379342035842        7.98055043158351        0.79433020924942
H            4.86670880808702        4.67131105738005        1.05093463684616
H            2.38657607707932        7.35318495262462       -1.16504017047178
H            4.85310177645342        6.22044945585837        2.94761447854627
H            2.39707008368953        8.91449461884397        0.73633540878620
H            4.44962903572401        6.66695619491969       -4.04214061008473
H            4.32538934598461        4.19268607902257       -1.10076327235061
H            3.71970400249669        4.27014234349909       -4.24353449682255
