25
 energy: -43.633266304218 gnorm: 0.166571254692 xtb: 6.7.1 (edcfbbe)
O           -1.64430074040000        0.21374068960000       -0.24334355760000
N            3.83638096410000       -0.36910895360000        0.43613138200000
C            2.47718451520000       -0.26481266460000        0.26389298110000
C            1.62193028660000       -1.39187986760000        0.19114792820000
C            1.87264691920000        1.01340338640000        0.19577657820000
C           -0.34691969480000        0.02560899250000       -0.05861401950000
C            0.23302804640000       -1.25665311860000        0.04461566650000
C            0.48556159280000        1.15772187820000        0.02543672790000
H            2.02530772280000       -2.38376180250000        0.28976603560000
H            2.46721994110000        1.91946817110000        0.25158174280000
H           -0.37776788450000       -2.15095022530000       -0.01054235500000
H            0.05997455460000        2.15559685580000       -0.06189152340000
H            8.16969286520000        0.23129010720000       -0.98740117250000
H            4.05342846380000       -2.66921509040000       -1.37030217180000
H           -2.21657831160000       -0.62371564200000       -0.28594195890000
O            5.93676842740000       -0.96503793780000       -0.54743626800000
O            6.43858693190000       -0.62690015390000        1.60144037870000
O            4.05365282080000       -1.66554920600000       -1.49776813880000
C            6.74468872220000       -0.55022498680000        0.41727672840000
C            4.61392316810000       -1.08667382580000       -0.45769504210000
C            8.13211646120000       -0.12123218700000        0.06574594010000
H            4.31629945680000        0.51500020280000        0.72791598030000
H            8.86878108530000       -0.94180556420000        0.21155534250000
H            8.41551384410000        0.74902656020000        0.70010603140000
H            3.99590599770000       -1.02060050060000        1.24086273980000
25
 energy: -43.658485692784 gnorm: 0.081058288730 xtb: 6.7.1 (edcfbbe)
O           -1.64401860375164        0.21486217267736       -0.23954222083747
N            3.84564347390712       -0.38628876954037        0.48256771370024
C            2.44370043016935       -0.26114340780021        0.27458491449330
C            1.61265513828387       -1.38199375466687        0.20170516214817
C            1.86091909702234        1.00600118858272        0.18215262119579
C           -0.33562631037469        0.02307647765373       -0.06618445383981
C            0.24505539603150       -1.24712479003404        0.03720053373259
C            0.49328989481314        1.14833759473417        0.01712890601249
H            2.02213867405539       -2.37454446354543        0.29176575359327
H            2.46239005519515        1.90194095061553        0.24808552622350
H           -0.36828369710480       -2.13534609640086       -0.00918149055747
H            0.06045166991013        2.13604452234736       -0.05595679712228
H            8.17610309185294        0.20875935950572       -0.99520094321439
H            4.06394988853534       -2.67337106342311       -1.43133229386673
H           -2.18360816238715       -0.61134914224973       -0.28210031479509
O            5.96555333008951       -0.94963018475203       -0.56791703164430
O            6.38102959396796       -0.59303963849289        1.60578109485031
O            4.04129122603342       -1.68356860147308       -1.51466010746127
C            6.76534949437868       -0.57179317940021        0.43473726425471
C            4.63097733111821       -1.09278365297407       -0.48432445769646
C            8.13156987219623       -0.11386806501698        0.04925485754474
H            4.29981280895992        0.51839178150836        0.73560615023626
H            8.85248350212785       -0.91963140686997        0.20886932064163
H            8.41058211473855        0.72357073850025        0.69658060475009
H            3.99961684623169       -0.99277345238534        1.32269566355819
25
 energy: -43.667486964467 gnorm: 0.030173625281 xtb: 6.7.1 (edcfbbe)
O           -1.64138148909346        0.21840562870927       -0.23753235082393
N            3.85740071109331       -0.41188560568313        0.53296852167168
C            2.42145387282932       -0.26598005829209        0.28320498435071
C            1.61017767945768       -1.38472204129432        0.21270858943999
C            1.86327987349834        0.99864704559657        0.17407604227567
C           -0.32303551003441        0.01977132714095       -0.07212384709356
C            0.25226093441233       -1.24530130811306        0.03371722589693
C            0.50536285753121        1.14114279011145        0.00521113473368
H            2.02339912265349       -2.37562422447390        0.30693534597490
H            2.47407983396120        1.88538055697377        0.23687611383132
H           -0.36860700050155       -2.12589168349455       -0.01162976104419
H            0.06142927345003        2.11973751622980       -0.06481196784708
H            8.15853816581378        0.17903863375105       -0.99480843303926
H            4.09127086614905       -2.66846361731775       -1.49810988314186
H           -2.14785153120821       -0.60196469902288       -0.27870839592096
O            5.97700742529390       -0.89557752931638       -0.59486789459146
O            6.32792285277188       -0.57173987096710        1.59460310775549
O            4.01951996831458       -1.68837237059081       -1.51446121341549
C            6.76143163840086       -0.54279842129799        0.44801366396685
C            4.64128429823912       -1.09076879673015       -0.50612521046745
C            8.12693607383341       -0.11899471991770        0.04452802594269
H            4.27890958282560        0.51609900099588        0.73941423888855
H            8.83137695461931       -0.92938056479471        0.20203273143906
H            8.42434399484775        0.69750110049157        0.69307452972029
H            4.00651570684149       -0.96552297159379        1.40813067739741
25
 energy: -43.669561170840 gnorm: 0.019704597938 xtb: 6.7.1 (edcfbbe)
O           -1.63489945434210        0.22204092226131       -0.24284623307789
N            3.86202614065904       -0.42580276679529        0.56346955264128
C            2.41627872092546       -0.27480607147833        0.30016602427150
C            1.60906909126030       -1.39537010529011        0.23046910283709
C            1.87315728642139        0.99426823384530        0.17567910860085
C           -0.31442896631942        0.01877977453216       -0.07677109404673
C            0.25106942209137       -1.24977315160427        0.03460826525549
C            0.51523099648232        1.13968837503109       -0.00455962415277
H            2.02169931703376       -2.38491062467893        0.33199604738056
H            2.49138995798693        1.87603180035907        0.22879935675841
H           -0.37603159251452       -2.12560373164865       -0.01588280524722
H            0.06702478518058        2.11553853855207       -0.08323943369999
H            8.14369451369661        0.15078129458550       -1.00250777350038
H            4.13153556254331       -2.65098665784635       -1.56428267761297
H           -2.12897707461700       -0.60631078674657       -0.28185515298302
O            5.96844411687120       -0.85808718393111       -0.60597039266792
O            6.29531072421130       -0.53993393672628        1.58786731517351
O            3.99965703985380       -1.66926304802073       -1.50714467515691
C            6.75057845421286       -0.52357588027569        0.45457083307869
C            4.63815923375983       -1.08366083724650       -0.50860935336897
C            8.12034149191425       -0.12754030321722        0.04416451807260
H            4.26560388618210        0.51128443954335        0.74920127397024
H            8.80793151172012       -0.95506340292981        0.20375077262584
H            8.44721725959290        0.68979868032927        0.68046684262242
H            4.01194373119361       -0.95478845350330        1.45077617812624
25
 energy: -43.670662352645 gnorm: 0.023882886995 xtb: 6.7.1 (edcfbbe)
O           -1.62706670556902        0.22320739503148       -0.25364784637000
N            3.86110682077117       -0.43330752310672        0.58553881771725
C            2.41252495267538       -0.28567970694626        0.31686668454467
C            1.60601430056886       -1.40777927894630        0.24920131890972
C            1.88174198404874        0.98720812811139        0.17836027628178
C           -0.30697849503250        0.01618082510056       -0.08055564576843
C            0.24784578689768       -1.25671040954104        0.03963967265499
C            0.52383411869872        1.13676333780313       -0.01307710297811
H            2.01730105364149       -2.39579629389021        0.36182260129904
H            2.50650192764837        1.86450305444028        0.22690910297727
H           -0.38426208731534       -2.12867859261668       -0.01877256862809
H            0.07502288653133        2.11173749453048       -0.10498926508619
H            8.13540540153069        0.11901331860042       -1.01083837338003
H            4.17780797904380       -2.61753384893629       -1.63001875242864
H           -2.11389146915312       -0.61404697477102       -0.28975003386933
O            5.95344239054128       -0.81750341057382       -0.60853356339349
O            6.27565668307730       -0.50028791219054        1.58631408120460
O            3.98213141865940       -1.64436740677582       -1.49523801489262
C            6.73816481272211       -0.49704360223699        0.46154909127963
C            4.63109717855793       -1.07137304826856       -0.50409996163026
C            8.11649859322394       -0.14341897469408        0.04219806566371
H            4.24770881106187        0.50968440064688        0.75989913672022
H            8.78075213934481       -0.99333083498187        0.20434615227360
H            8.48029135622714        0.67611776178302        0.66036309855614
H            4.01437431759798       -0.94482278047152        1.47882900424248
25
 energy: -43.671449339092 gnorm: 0.020756215103 xtb: 6.7.1 (edcfbbe)
O           -1.62131392404882        0.22003275044738       -0.26594590567098
N            3.85872629239649       -0.43339897870049        0.59444582186916
C            2.41160226054031       -0.29442269744422        0.32769045570165
C            1.60415346305610       -1.41738712378779        0.26211977044645
C            1.88582814370511        0.97969722981298        0.18195965398830
C           -0.30252232137186        0.01128129303281       -0.08453953296044
C            0.24612892488540       -1.26400355536510        0.04421096408335
C            0.52825354289573        1.13191000512761       -0.01739267860231
H            2.01467838770415       -2.40438249157393        0.38331963581369
H            2.51398158919786        1.85448286468638        0.23059688878517
H           -0.38850404742354       -2.13402928288865       -0.01878439467543
H            0.08051533604117        2.10700674303124       -0.11830279688725
H            8.13600217332595        0.08938293189674       -1.01774086926603
H            4.19450573064524       -2.57394658831285       -1.66705439266540
H           -2.10616889880012       -0.62141604480125       -0.30006726685767
O            5.94237033111195       -0.78921950300951       -0.60576826045168
O            6.26692159178346       -0.45686445922950        1.58854620918044
O            3.97265620117789       -1.62264523554349       -1.48684007985221
C            6.73275416841462       -0.47801598088048        0.46628449078466
C            4.62622149293588       -1.05714312896774       -0.49912012286516
C            8.11794365175231       -0.16119229689110        0.03953997187272
H            4.23267690041853        0.51298527015949        0.76724398255109
H            8.76094672010141       -1.02791375260509        0.20797625635522
H            8.50843615728887        0.65965160643292        0.64151253295583
H            4.01623228826595       -0.93771445752650        1.48842564226672
25
 energy: -43.672445752356 gnorm: 0.021388087272 xtb: 6.7.1 (edcfbbe)
O           -1.61698952874154        0.21253880706288       -0.28987213972273
N            3.85157247382798       -0.43029674989416        0.60897812231575
C            2.40935272489642       -0.30456264426146        0.34605840863207
C            1.59966108794582       -1.42674956873199        0.28128279243066
C            1.88488071875835        0.96910412452697        0.18614649300820
C           -0.30093754165483        0.00327390870205       -0.09223630505004
C            0.24357255911624       -1.27253346069783        0.05329728761023
C            0.52947793257236        1.12379335457344       -0.02537425130753
H            2.00901024913868       -2.41302818884714        0.41351591775579
H            2.51540062238020        1.84228782016412        0.23377378207526
H           -0.39245140285771       -2.14148475619200       -0.00875961671277
H            0.08562890006330        2.09949318064411       -0.13891972830700
H            8.14444287093064        0.04814136031532       -1.02943350707145
H            4.23465283346766       -2.50673615456015       -1.72897932662878
H           -2.10428041471466       -0.62834959297713       -0.32039962794278
O            5.92679873737068       -0.75596906471763       -0.59631924321019
O            6.27340134848134       -0.39775784846622        1.59319732244221
O            3.95455516988445       -1.58896855278662       -1.47170654405399
C            6.73114873122441       -0.45279172457668        0.46870677041380
C            4.61776415980565       -1.03766976932468       -0.48240572830621
C            8.12466801341310       -0.18896821284399        0.03063914407039
H            4.21243672358971        0.52010796024944        0.78615236131323
H            8.73830753118681       -1.07410493903017        0.20937715485928
H            8.54490534267845        0.62808028511914        0.61569212731767
H            4.01604631323650       -0.93411445634982        1.49990430996874
25
 energy: -43.673697049625 gnorm: 0.015115226532 xtb: 6.7.1 (edcfbbe)
O           -1.61594789340033        0.19767913909233       -0.32428887828418
N            3.84278554106685       -0.42352029946616        0.62771204752402
C            2.40664564292667       -0.31214000608217        0.36776270199014
C            1.59447547994982       -1.43306816178236        0.30585261400275
C            1.87740070050907        0.95829847408343        0.19016036038883
C           -0.30364702819895       -0.00865354651982       -0.10252352092354
C            0.24167471142089       -1.28159136173431        0.06519407025483
C            0.52543127708053        1.11252481259376       -0.03567239294122
H            2.00291994197339       -2.41900060124828        0.44882264312889
H            2.50733957209185        1.83212172589681        0.23801903730383
H           -0.39316885011400       -2.15152077983706        0.00798764814611
H            0.08644771951939        2.08845156886078       -0.16373917763480
H            8.16054510072173       -0.00637019830851       -1.04661173866814
H            4.27311889159370       -2.40489059842843       -1.79937455969884
H           -2.10845400388766       -0.63881719152057       -0.35244059037260
O            5.91389489001444       -0.72802349631170       -0.58135695114215
O            6.29343401496447       -0.32179932764603        1.59831113971430
O            3.93400589100670       -1.54788970974032       -1.45434949941565
C            6.73680835778056       -0.42679059939400        0.46738238664379
C            4.61056602634250       -1.01599582016026       -0.45675124612371
C            8.13700539925834       -0.22475239765593        0.01647004406163
H            4.19294447161126        0.52953952990906        0.81900824910124
H            8.71454283499397       -1.12848710533462        0.21016332536894
H            8.58819713676260        0.58439931540929        0.58485601568183
H            4.01406033001223       -0.93696824757530        1.51172224779346
25
 energy: -43.674381680890 gnorm: 0.035185227307 xtb: 6.7.1 (edcfbbe)
O           -1.61736792610528        0.17918555229091       -0.36658028034887
N            3.83299393546305       -0.41957655881300        0.66335397095867
C            2.39921253110047       -0.31510977428466        0.39666876592203
C            1.58741109564323       -1.43582258362840        0.34004633794053
C            1.86598545752993        0.95107347374015        0.19333293614028
C           -0.30883738827791       -0.02141454131730       -0.11670789517728
C            0.23873459029332       -1.28929430701199        0.08076801564400
C            0.51840597748857        1.10136424605257       -0.05334581214605
H            1.99543453153263       -2.42094580302782        0.49621729237229
H            2.49441596034902        1.82672629315586        0.23544703615508
H           -0.39375743077972       -2.16140655151014        0.03235155235334
H            0.08294832962902        2.07589191231108       -0.20212757466137
H            8.17588718416335       -0.06786975452581       -1.06905538755757
H            4.34309309839023       -2.28155486226922       -1.90232743100856
H           -2.11248390983171       -0.65360284819778       -0.39075907806339
O            5.90208324279280       -0.70156769418729       -0.56583992919553
O            6.32015060095150       -0.24923345024652        1.59886541833239
O            3.90695094573858       -1.49905859995576       -1.43249565911228
C            6.74332122219380       -0.39682548855233        0.46347463269280
C            4.60280221126334       -0.99805649412586       -0.42221132243293
C            8.14866164693393       -0.26280993188638       -0.00244176484918
H            4.17667508213491        0.53406373484789        0.87145098944979
H            8.68447068585577       -1.18889635875505        0.20508994489426
H            8.63947861576510        0.53478227130653        0.54973030115021
H            4.00635586578211       -0.94730676431022        1.53941091644695
25
 energy: -43.675815268944 gnorm: 0.018029340692 xtb: 6.7.1 (edcfbbe)
O           -1.62349959172831        0.16079813312506       -0.39077303364514
N            3.82907991821735       -0.41378472711507        0.68149791013611
C            2.39429748634044       -0.30551596893490        0.40564106915254
C            1.58582898895278       -1.42768133478951        0.35500050791665
C            1.85167634374283        0.95459160395810        0.19240946816656
C           -0.31718278782100       -0.03033906220738       -0.12570841888112
C            0.23988953983476       -1.29048503683656        0.08762505528867
C            0.50685769831648        1.09533453267728       -0.06354588676998
H            1.99510680342935       -2.41246119204574        0.51469204663773
H            2.47379088523545        1.83539873589164        0.23187093052266
H           -0.38648730646278       -2.16774409180748        0.04974813555005
H            0.07125399003047        2.06756197506561       -0.21955243319143
H            8.18936504490168       -0.09467379940189       -1.08034341444024
H            4.34548256255897       -2.19094173453915       -1.92522556220200
H           -2.12093835478626       -0.66729980651301       -0.41515637973560
O            5.90942715512208       -0.71317276391070       -0.55590575893951
O            6.35199969721028       -0.22633245613983        1.59277340517736
O            3.90511814828350       -1.48045716356153       -1.42800515126201
C            6.75510397072365       -0.38719276375351        0.45383095824966
C            4.60609918003766       -0.99633930598245       -0.40172077229059
C            8.15707776107730       -0.27924140422577       -0.01432648214317
H            4.18296282891710        0.53382787202908        0.91182694100151
H            8.67343538369313       -1.21058843941577        0.19937962184761
H            8.66089997810299        0.50561226556905        0.53829046682718
H            3.99638083207012       -0.96613895003623        1.54799275292607
25
 energy: -43.676615429369 gnorm: 0.025399574822 xtb: 6.7.1 (edcfbbe)
O           -1.62424152182215        0.14010931700993       -0.42094396017199
N            3.82346731557465       -0.41166945336134        0.71422592054078
C            2.38698411080569       -0.29932750569041        0.42467334100043
C            1.58383389918651       -1.42573561807325        0.38116570057115
C            1.84273686243347        0.95636365583027        0.19437418601528
C           -0.32062080734789       -0.04243113822158       -0.13675382570341
C            0.23952511432169       -1.29735264253461        0.09837358718702
C            0.49944118267450        1.08708738344045       -0.07864530093005
H            1.99542096833452       -2.40792349859780        0.55256854421774
H            2.46032628741370        1.84040422232411        0.23111417404563
H           -0.38250954686668       -2.17814705614214        0.06519448278597
H            0.06101588893162        2.05570559398681       -0.25062902650557
H            8.20581802705178       -0.15472699290227       -1.10168695750537
H            4.38466869916353       -2.06641129192506       -2.00149141418258
H           -2.11868729181193       -0.69033031838642       -0.44272267970500
O            5.90662940142346       -0.71031500539735       -0.54374704841740
O            6.35580289608755       -0.14732358164879        1.58867422722424
O            3.89135889075689       -1.43877433847035       -1.41654663375919
C            6.76016160366660       -0.36672785821307        0.44978361757232
C            4.60240003253674       -0.98842149310912       -0.37614855297093
C            8.16602239822631       -0.31266864640563       -0.02923380815740
H            4.18285386113566        0.52937342230873        0.96294550374756
H            8.64716349188478       -1.26308499374486        0.20317575665999
H            8.70352263711736        0.46745517321375        0.50333505526365
H            3.97993175512163       -0.98239221819084        1.57126108707661
25
 energy: -43.677277800924 gnorm: 0.015096373109 xtb: 6.7.1 (edcfbbe)
O           -1.62067181478885        0.13086599181276       -0.42724852653521
N            3.82274250628183       -0.41375616077513        0.73071974558517
C            2.38253210340024       -0.29093616050574        0.43032887277212
C            1.58596866118587       -1.42291605482995        0.39249683809762
C            1.84356948663790        0.96369480835459        0.19169549580325
C           -0.31768019266714       -0.04675710871232       -0.14088661192584
C            0.24072398794832       -1.30058374121678        0.10272147430338
C            0.49888284410721        1.08592332742818       -0.08852558209414
H            2.00099132783508       -2.40144488771445        0.57274606512149
H            2.45811053618208        1.84919674406199        0.22565107831601
H           -0.37943601763031       -2.18273422224468        0.06850990024409
H            0.05396753208584        2.05064532804203       -0.26967255744934
H            8.20246370942003       -0.16962611094472       -1.10561443691868
H            4.39636910340836       -2.00655044781756       -2.02604364885393
H           -2.10746648350533       -0.70732651338393       -0.44501283272954
O            5.90619196600139       -0.71873412887182       -0.54272214102497
O            6.34677227521225       -0.13410666155293        1.57932136522702
O            3.89011020582616       -1.42148294235355       -1.41481106366389
C            6.75788185737808       -0.36303598937606        0.44851483050486
C            4.59949015827464       -0.99155862891761       -0.37040324175982
C            8.16377880567547       -0.32211339211123       -0.03189134501394
H            4.19416161450372        0.51915351117898        0.98370324373431
H            8.63588305984184       -1.27757868366340        0.20130614258900
H            8.71427120962278        0.45517692147906        0.49347939389378
H            3.96341771376255       -0.99067968026665        1.58395351767666
25
 energy: -43.677817910331 gnorm: 0.011315824631 xtb: 6.7.1 (edcfbbe)
O           -1.61392238738602        0.12076571694033       -0.43582779139222
N            3.82194726715453       -0.41880426840011        0.74711430165482
C            2.38096542693162       -0.28343081507558        0.43799645110792
C            1.58989442596083       -1.41983800180880        0.40495758613768
C            1.84727425264048        0.96968951079525        0.18575081818862
C           -0.31180332105109       -0.05162489957807       -0.14483919013433
C            0.24465602378333       -1.30435191339609        0.11003554005502
C            0.50131938151446        1.08353632471217       -0.09941208168892
H            2.00876466250418       -2.39362135300824        0.59605084685724
H            2.45842244713620        1.85705288945526        0.21462609308191
H           -0.37346740787503       -2.18798482018661        0.07706820903635
H            0.05076854745034        2.04373854030334       -0.29183531399945
H            8.19035832572340       -0.18503893211312       -1.10932933440984
H            4.40077715827659       -1.92119300662479       -2.06093852905543
H           -2.09382877222697       -0.72370823418699       -0.45045972642093
O            5.90319219659359       -0.74213157819043       -0.53530834040368
O            6.34159351789668       -0.10775327971916        1.57014422488917
O            3.88348502837948       -1.39673481058594       -1.41278731327139
C            6.75590840815607       -0.36302313003800        0.44762335544681
C            4.59333642117558       -1.00294526545230       -0.35828032322638
C            8.15870360357576       -0.33291301153160       -0.03469369688132
H            4.21368131806548        0.50295237624223        1.00727520345788
H            8.62730666659551       -1.28631893680689        0.20011942778766
H            8.71281387553237        0.44221350295783        0.48229213172453
H            3.94087908949261       -1.00579748760468        1.59497342735772
25
 energy: -43.678233401659 gnorm: 0.012833448411 xtb: 6.7.1 (edcfbbe)
O           -1.60655572682443        0.10824778136002       -0.45216225072739
N            3.81842742638183       -0.42629324837736        0.76669700712345
C            2.37994591373982       -0.28145368543181        0.45184111989665
C            1.59206818573534       -1.42007361134120        0.42284245089497
C            1.85046400729982        0.96867837721739        0.18047208263215
C           -0.30562707125915       -0.05968379124618       -0.15169637377419
C            0.24881419358932       -1.31069749400473        0.11859717292351
C            0.50499046554014        1.07657826182665       -0.11273523274987
H            2.01461513832878       -2.38927860293407        0.62564916722092
H            2.45979653477141        1.85712450343407        0.20192151927804
H           -0.36776934488368       -2.19528394030913        0.08935244025081
H            0.05220436006132        2.03265595201897       -0.31913276713866
H            8.18330750759415       -0.21179150556293       -1.11692500573268
H            4.40408350991144       -1.80129693356337       -2.10880011047792
H           -2.08199943976165       -0.73871392883773       -0.46409826461789
O            5.89569516967040       -0.76073403125172       -0.52028457141452
O            6.34297615059595       -0.05441441104654        1.56147554654471
O            3.87016092972202       -1.36048204799315       -1.40803115420875
C            6.75034278302997       -0.34338819378129        0.44791421773538
C            4.58418546144454       -1.01511435634699       -0.33841288632136
C            8.15607925297695       -0.34926955698800       -0.04000722546873
H            4.23089799072901        0.48500299895725        1.03697228056877
H            8.60553766858951       -1.31626496086645        0.19787322585036
H            8.73390774444062        0.42283525939137        0.46433240129237
H            3.91647734457656       -1.02415371722413        1.60866118631926
25
 energy: -43.678335086564 gnorm: 0.025027275304 xtb: 6.7.1 (edcfbbe)
O           -1.59404165034106        0.10862146584507       -0.45283355484459
N            3.81974361333848       -0.44662503653934        0.77141186679658
C            2.38689637953877       -0.28703773792661        0.45871718942266
C            1.59620945687323       -1.42382371473756        0.43034675529409
C            1.86586460128342        0.96206117408262        0.17502546385865
C           -0.29265938982929       -0.06137550087130       -0.15237429747430
C            0.25487672152261       -1.31425981688245        0.12239104259130
C            0.52013569342683        1.07189335089508       -0.11915388685722
H            2.02057347605068       -2.38934597852835        0.64070141628846
H            2.47815220351750        1.84827160010091        0.18833670418397
H           -0.36430575489325       -2.19643717522865        0.09330578178498
H            0.06880901094305        2.02558228186777       -0.33419484877017
H            8.16461868973010       -0.21760311356147       -1.11680411086476
H            4.37647937283266       -1.70301644721435       -2.12876204837015
H           -2.06686108538288       -0.73862049909206       -0.46425903427283
O            5.88907379299719       -0.80750697837933       -0.50473018050816
O            6.32370643929849        0.01026411362136        1.54967665455758
O            3.85846996145519       -1.33470769701420       -1.41422830302202
C            6.73912467341191       -0.33651196284381        0.45092815946142
C            4.57385181063167       -1.04750439027510       -0.33044548806854
C            8.14355784688035       -0.34913098142638       -0.03720881656730
H            4.26128459982750        0.45204930356520        1.04512913631269
H            8.59581920892091       -1.31548995708746        0.20420710569305
H            8.72048624448918        0.43051694992453        0.45646155213650
H            3.89316023947674       -1.04752813519512        1.61067171713748
25
 energy: -43.678629409087 gnorm: 0.023947297131 xtb: 6.7.1 (edcfbbe)
O           -1.58624812433423        0.10539611846385       -0.47392073568781
N            3.81871984320906       -0.46425613264981        0.79165998473644
C            2.38986744913550       -0.29510289263273        0.47564994163227
C            1.59313632648493       -1.42813063885551        0.45495538263757
C            1.87361875910911        0.95208667832825        0.17024758615792
C           -0.28662805737165       -0.06544525450696       -0.16015972248089
C            0.25563147153469       -1.31718130108040        0.13494164928951
C            0.53068753609122        1.06480029351310       -0.13619042531427
H            2.01460956901494       -2.39317036823288        0.67798401589636
H            2.48973435346347        1.83633830429364        0.17427926393455
H           -0.36628927561946       -2.19774130048551        0.11290089749506
H            0.08582346810699        2.01794995613651       -0.36907122386093
H            8.15140264323833       -0.23166403145821       -1.12159880034853
H            4.38686979364070       -1.57540798148406       -2.18610604843793
H           -2.06207070568621       -0.73806327008335       -0.47939167122326
O            5.88361236804991       -0.83395352670010       -0.49058674475580
O            6.33145345601601        0.06146272567666        1.53448067602766
O            3.84020131793767       -1.30195332272252       -1.40888241602187
C            6.73948170914659       -0.33269319632709        0.44687268140118
C            4.56722079909450       -1.06692234737713       -0.31170427302364
C            8.13478345001445       -0.35732786770967       -0.04366417578632
H            4.27529667405132        0.42647848930258        1.07587433117315
H            8.58426418722392       -1.31482195009092        0.20095016596329
H            8.70809311576184        0.41535478136615        0.44653905217011
H            3.87975402868637       -1.07329684758489        1.62625658432548
25
 energy: -43.678758103469 gnorm: 0.021919931838 xtb: 6.7.1 (edcfbbe)
O           -1.59223760952352        0.11660357552957       -0.47061514158958
N            3.81865201766313       -0.46286188005071        0.78281620494354
C            2.38866145265056       -0.30444981506752        0.47156401755211
C            1.58559693299923       -1.43296104907995        0.45015748878379
C            1.87099020862544        0.94539779677237        0.17288360774145
C           -0.29261241483821       -0.06012577924131       -0.15848447524018
C            0.24839389143449       -1.31321523310202        0.13387528373255
C            0.53012166428670        1.06710722979051       -0.13253699349747
H            2.00018932909701       -2.40358458887141        0.66773956132161
H            2.49245521286708        1.82639731079184        0.18008314161404
H           -0.37712512800584       -2.19155366021212        0.11315947248665
H            0.09270033686946        2.02516272428228       -0.36084026395777
H            8.16413293005011       -0.20739976036929       -1.11541759805433
H            4.39548743636214       -1.64958832591306       -2.15383046376904
H           -2.07511877205539       -0.72255773053272       -0.47419367594622
O            5.88617618160022       -0.79669284487080       -0.50387782755219
O            6.33881535430228        0.00793617294195        1.53353081775467
O            3.85006579248848       -1.32304768144952       -1.41050360910702
C            6.73911758014433       -0.32782103706628        0.44388148340077
C            4.57387950192574       -1.05025007494652       -0.32737900638102
C            8.13858048167365       -0.34355128811621       -0.04117151947383
H            4.25164905063775        0.43866698859205        1.06103637930325
H            8.58814565881198       -1.30541530467106        0.19526383439139
H            8.71108998597461        0.42372053989615        0.46414726337415
H            3.90521907995853       -1.06318116793720        1.62102799406806
25
 energy: -43.679043125366 gnorm: 0.010335942428 xtb: 6.7.1 (edcfbbe)
O           -1.59175492775045        0.11897083618371       -0.47115434847080
N            3.81739221321819       -0.46998840453692        0.78590517044518
C            2.38732266714392       -0.31102123026062        0.47176790248193
C            1.58131668071081       -1.43796628873519        0.45026803927282
C            1.87289064721661        0.94004729228969        0.17566006110074
C           -0.29316037511382       -0.06054710029591       -0.15886922598790
C            0.24407215438823       -1.31447538325962        0.13335736330090
C            0.53272812718827        1.06478775297046       -0.13140064471248
H            1.99174840641877       -2.41038800202174        0.66797673649803
H            2.49718953986997        1.81879138570016        0.18657565854184
H           -0.38400742903818       -2.19114039909826        0.11176392718030
H            0.09868844105271        2.02436617915118       -0.35873668803419
H            8.18065758823751       -0.22979820660300       -1.12212971984686
H            4.39489847146113       -1.63635018777594       -2.15939626673007
H           -2.07719940246361       -0.72043351813149       -0.47364891759170
O            5.88801624247162       -0.79255833384961       -0.50202246860939
O            6.31903018183605        0.06517674289865        1.53106376887106
O            3.85644712259612       -1.31687848417772       -1.41694291203669
C            6.73513837919948       -0.31084961537523        0.44309242714678
C            4.57586170992058       -1.04799039376831       -0.33132205791375
C            8.14365986494932       -0.34928753511092       -0.04170986651077
H            4.24479364276202        0.43152338012218        1.06952288637071
H            8.57926449815074       -1.32310389433245        0.20963205409152
H            8.72995096663749        0.42600673745920        0.45195880004359
H            3.90808074493648       -1.07415821234322        1.62110429699857
25
 energy: -43.679325904044 gnorm: 0.008030440446 xtb: 6.7.1 (edcfbbe)
O           -1.58451661406262        0.12413992446772       -0.47781671075755
N            3.81736861037203       -0.48787510853542        0.79362323712698
C            2.39025863015590       -0.32020244315502        0.47864176262098
C            1.57785985313910       -1.44282501230406        0.46210738677066
C            1.88313633158435        0.93153484794881        0.17051041677388
C           -0.28742030935489       -0.05971270602205       -0.16164867761196
C            0.24231146134618       -1.31478721977386        0.14063385634089
C            0.54430351187973        1.06127081240799       -0.14081564321433
H            1.98355696387447       -2.41546359331154        0.68727868686502
H            2.51212765165005        1.80728349741200        0.17489997146548
H           -0.39025220038421       -2.18839115437585        0.12401396609343
H            0.11626492189252        2.02138198893889       -0.37744344776133
H            8.16927369478395       -0.22514210725431       -1.12032412854049
H            4.39125771393408       -1.57312503943664       -2.18469185325160
H           -2.07405144487468       -0.71253195737233       -0.47549400944981
O            5.88550397778618       -0.81375768635968       -0.49507598715510
O            6.31814791379772        0.09381393928378        1.51930089455791
O            3.84960925545309       -1.30198732499829       -1.41976685225417
C            6.73195220443270       -0.30731602882705        0.44012337781388
C            4.57229666598753       -1.06648991145956       -0.32493231019651
C            8.13598889333110       -0.34465047653696       -0.04131124088005
H            4.25607403225921        0.40821933061649        1.08301905363956
H            8.57471073545030       -1.31166928943289        0.20972979465154
H            8.71670321907245        0.42905076831380        0.45248057577801
H            3.90056048249373       -1.09803293313483        1.62527385647404
25
 energy: -43.679590206837 gnorm: 0.011646512850 xtb: 6.7.1 (edcfbbe)
O           -1.57373995964473        0.13857877960364       -0.48884429770889
N            3.81632706786793       -0.52239140762253        0.80527226395441
C            2.39316668995646       -0.34249493397717        0.48897381926029
C            1.56672148988919       -1.45513602083683        0.48102640351094
C            1.90091928687966        0.91166972810499        0.16406400548065
C           -0.28000394999631       -0.05666543086751       -0.16519183822456
C            0.23408003517098       -1.31436492393488        0.15359652002390
C            0.56544187928275        1.05444448533789       -0.15466682890237
H            1.95968580737157       -2.43068621720616        0.71746524656208
H            2.54126616278682        1.77965041921752        0.16011046622464
H           -0.40879511707777       -2.18069850916937        0.14503607838024
H            0.15152933668493        2.01749348957222       -0.40525893024410
H            8.16663526819600       -0.22056315494029       -1.11879364082335
H            4.39300610043128       -1.48324705200792       -2.21654327078765
H           -2.07406752631769       -0.69156809769991       -0.47750889101788
O            5.88298343062347       -0.83123599201625       -0.48925332615124
O            6.30700365380546        0.15262596487805        1.49366819994098
O            3.84418535110715       -1.28284622716981       -1.42615358932261
C            6.72268610169710       -0.28597479888030        0.43149445312635
C            4.56962566035956       -1.08956312875404       -0.32277766701449
C            8.12733863739107       -0.33442742473284       -0.04000232840664
H            4.26412879040268        0.36736631400363        1.10687832577604
H            8.56019927111576       -1.30056517854851        0.21753315873967
H            8.70568425543347        0.43763398866126        0.45349586462387
H            3.89701843258315       -1.14429955391560        1.62869577889905
25
 energy: -43.679925261506 gnorm: 0.009531485153 xtb: 6.7.1 (edcfbbe)
O           -1.56369701951010        0.16395158348113       -0.49488078806965
N            3.81616483202814       -0.56304875594548        0.81012689277279
C            2.39597364618860       -0.37173947972472        0.49454945208027
C            1.55066250700950       -1.47044982969193        0.49631667891641
C            1.92166847340885        0.88732602749413        0.15828735068530
C           -0.27427610140880       -0.04845214281791       -0.16619215419390
C            0.22017093452801       -1.31018983893951        0.16676370004565
C            0.58998008689988        1.04918305795408       -0.16526184739529
H            1.92480550079135       -2.45183933298628        0.74144087457312
H            2.57706099010390        1.74459625273014        0.14775675925140
H           -0.43680073875402       -2.16641519500998        0.16764216178560
H            0.19447490757815        2.01764717016780       -0.42572843726355
H            8.17056389721765       -0.20331344201453       -1.11269976591020
H            4.39665226690548       -1.43697744891260       -2.23214898564843
H           -2.08048150463938       -0.65671542266252       -0.47342529355011
O            5.88391359359708       -0.83839390361857       -0.49120052619971
O            6.28802537339458        0.20299338064015        1.46365326039919
O            3.84640244073984       -1.27779550016399       -1.43728440192165
C            6.71230888853374       -0.26451498057181        0.41895087054600
C            4.57168110768913       -1.10854125649423       -0.33181016020476
C            8.11939256373765       -0.31309428197749       -0.03472535118141
H            4.26454744060101        0.32290650406464        1.12592770446073
H            8.55061601792957       -1.27403882335066        0.23005674484824
H            8.68873795165169        0.45921363028492        0.46354760127182
H            3.90447809977845       -1.19956285483528        1.62265363580151
25
 energy: -43.680155410054 gnorm: 0.004057344567 xtb: 6.7.1 (edcfbbe)
O           -1.56117741551490        0.16941519502386       -0.49397801822621
N            3.81633372709657       -0.57185990295962        0.80904464640865
C            2.39526937853108       -0.37531899361717        0.49479374217424
C            1.54815354721814       -1.47178048878208        0.49718811170721
C            1.92514669067397        0.88435655486543        0.15862380169287
C           -0.27298835993396       -0.04621292029917       -0.16453543571180
C            0.21746249646459       -1.30836390596253        0.16938251859438
C            0.59366165751258        1.04881607082810       -0.16409331555712
H            1.91963468483807       -2.45321457509230        0.74313489237804
H            2.58215083038560        1.73943143570136        0.14824155789671
H           -0.44177695855409       -2.16227917317087        0.17007764740909
H            0.19936722606987        2.01725253938015       -0.42435907010949
H            8.17990104874018       -0.20837020630468       -1.11140644031326
H            4.39638309477753       -1.44249039520633       -2.23176881882846
H           -2.07947428676762       -0.65000991415986       -0.47223395752324
O            5.88527558497694       -0.83786503529459       -0.49364533817038
O            6.27341940358472        0.22621307462805        1.44802241939166
O            3.84892147116812       -1.28211084271590       -1.43960356038072
C            6.70740269252600       -0.25436410334848        0.41381977310583
C            4.57319750045608       -1.10737772090907       -0.33544548535362
C            8.12049326832118       -0.30964832480190       -0.03194846602824
H            4.26645164608232        0.31016659785465        1.13239161221508
H            8.54649973885807       -1.27382304300996        0.24149873111636
H            8.69101123870323        0.46820787937910        0.46395629077819
H            3.90230624978563       -1.21603468492663        1.61515813723358
25
 energy: -43.680619136512 gnorm: 0.009167627818 xtb: 6.7.1 (edcfbbe)
O           -1.55324380713352        0.18969727666527       -0.49023710355768
N            3.81730847221689       -0.60420522879456        0.80666799409515
C            2.39479832530293       -0.38944472896668        0.49471170645635
C            1.53956580480190       -1.47816538567521        0.50025366935419
C            1.93885987289967        0.87407014833836        0.15915436047184
C           -0.26821490031012       -0.03783296077787       -0.15973160686541
C            0.20879996748569       -1.30318751975580        0.17641815236382
C            0.60780625749435        1.04887096705034       -0.16048453901410
H            1.90163703041147       -2.46139358100424        0.74809781542936
H            2.60265009789266        1.72222823201156        0.14866069987311
H           -0.45917057448711       -2.14951550061324        0.17862572598848
H            0.21876948783594        2.01866071073287       -0.42042020226688
H            8.20640723596335       -0.22481277491763       -1.10467347471902
H            4.39527242113685       -1.46278428876721       -2.23453426303336
H           -2.07742092419732       -0.62547679896994       -0.46783960662333
O            5.88947644951169       -0.83574670481204       -0.50158166715147
O            6.23227178526951        0.31470139106737        1.39513094645593
O            3.85510847381031       -1.29892276936112       -1.44670485208290
C            6.69254962801295       -0.21326345712511        0.39347470687126
C            4.57816490600617       -1.10551594190729       -0.34696190647739
C            8.12107404370802       -0.29744104971277       -0.02228631739323
H            4.27712469085247        0.26333091645114        1.15883787946724
H            8.52708273862691       -1.26687295745647        0.28294849147867
H            8.69407332538525        0.49198511063000        0.46420017575914
H            3.89227534750292       -1.27622798723005        1.59058919101954
25
 energy: -43.681114817352 gnorm: 0.018131889154 xtb: 6.7.1 (edcfbbe)
O           -1.54209683642721        0.21947551300352       -0.48424844199947
N            3.81964542923722       -0.65005855748295        0.80464721105487
C            2.39698988641359       -0.40906012983965        0.49440297356531
C            1.52884372729593       -1.48677063499028        0.50392514692588
C            1.95976194117554        0.86045543174666        0.15924305736138
C           -0.26036846169591       -0.02474689292668       -0.15405879291413
C            0.19882491453933       -1.29557407171391        0.18360525666547
C            0.62943175572222        1.05060850774720       -0.15656070980826
H            1.87786773428129       -2.47380109276347        0.75297163322098
H            2.63376630882239        1.69953810993890        0.14814763782172
H           -0.48122177595011       -2.13209415342554        0.18785669601994
H            0.24870248606959        2.02361042848825       -0.41545896253310
H            8.23157138883517       -0.23774154803925       -1.09328346199112
H            4.39416080674593       -1.49738322706878       -2.24010119205048
H           -2.07499421680047       -0.58979432829611       -0.46066305529694
O            5.89317651290316       -0.83727342286723       -0.50980969482285
O            6.18184559316394        0.43215297618737        1.32469796467019
O            3.86082331634809       -1.32712928660764       -1.45434396708090
C            6.67237573245592       -0.15922636725513        0.36627189780256
C            4.58351544444347       -1.10823297425036       -0.36064701116519
C            8.11627937102356       -0.27621302011271       -0.00935927997387
H            4.29906855596786        0.19568916415574        1.19631969769439
H            8.49883433468758       -1.24751312472790        0.33364831952057
H            8.69028464492468        0.52336916857937        0.46627944123713
H            3.87593756181694       -1.35955135037956        1.55883361197513
25
 energy: -43.681700952224 gnorm: 0.021102239461 xtb: 6.7.1 (edcfbbe)
O           -1.52619006495375        0.25579055863696       -0.47951746043011
N            3.82482428448249       -0.70387809816799        0.80309684559272
C            2.40346366702696       -0.43193888875864        0.49627178233850
C            1.51808775497885       -1.49590663454750        0.51163777681498
C            1.98781525372241        0.84433141179377        0.15842587837511
C           -0.24800507229826       -0.00808584917388       -0.14905169249098
C            0.19019218573455       -1.28551593026406        0.19225816849083
C            0.65910881642177        1.05345714096591       -0.15507071938076
H            1.85102537590542       -2.48825541306606        0.76278671232120
H            2.67531482360262        1.67246231500247        0.14417125237682
H           -0.50413988245707       -2.11078407930334        0.19996714421657
H            0.29044162266673        2.03095893322697       -0.41560858344189
H            8.24528652751447       -0.22831076467972       -1.07675703197855
H            4.39031990893406       -1.54207877097293       -2.24831997072397
H           -2.07051663836128       -0.54601212824737       -0.45338801331970
O            5.89269365610991       -0.83996005126679       -0.51900487924470
O            6.12740224156605        0.53529712977276        1.25345061240764
O            3.86254430126074       -1.36547495829814       -1.46064069232779
C            6.64633143162255       -0.10349239703770        0.33608952360091
C            4.58703466744370       -1.11712026541462       -0.37512376170165
C            8.10166985150449       -0.24270454542010        0.00482723958994
H            4.33318524309481        0.11575552234503        1.23473735587100
H            8.46312881646630       -1.21274068823992        0.37505496016984
H            8.67381208284652        0.55926797986559        0.47749451213554
H            3.85819530116443       -1.45232641165061        1.52452901663764
25
 energy: -43.682521555281 gnorm: 0.010714555427 xtb: 6.7.1 (edcfbbe)
O           -1.51023135149844        0.28450669688295       -0.47821054592975
N            3.83205417204024       -0.74257471867801        0.80148542667430
C            2.41396443758526       -0.44889401423545        0.50029641621152
C            1.51291575094886       -1.50132900137864        0.52269576140306
C            2.01369946511841        0.83175606175702        0.15563671486739
C           -0.23417635594339        0.00601401441986       -0.14696657966794
C            0.18845745954986       -1.27644710495533        0.19980999885811
C            0.68728912327618        1.05652492957762       -0.15833657107294
H            1.83277562343005       -2.49881243712864        0.77631399745975
H            2.71349440813941        1.65126332052223        0.13595001986612
H           -0.51651111561856       -2.09372736026954        0.21203408706577
H            0.33091752080265        2.03848988818447       -0.42382286504359
H            8.23300898650723       -0.18594819488011       -1.05992789816972
H            4.38477157376888       -1.58080611637197       -2.25800748459021
H           -2.06468615553065       -0.51090302687403       -0.44846865984729
O            5.88599486266587       -0.84294059432285       -0.52564321165554
O            6.09375609272122        0.55720583263065        1.21994373989013
O            3.85709376693334       -1.40150171899686       -1.46270511132237
C            6.62435182353226       -0.07723464712057        0.31800134511422
C            4.58569836714794       -1.13037280918256       -0.38485072780871
C            8.07750714497403       -0.20550342131093        0.01418675541733
H            4.36805920296199        0.05824477731517        1.25162188943937
H            8.43345488964687       -1.16872879402309        0.38118924448975
H            8.64161755608715        0.58575021466350        0.49865882367305
H            3.84774890675259       -1.51129665912455        1.50143141057724
25
 energy: -43.682951385078 gnorm: 0.006445006824 xtb: 6.7.1 (edcfbbe)
O           -1.49335007504215        0.31428118865209       -0.47179999614052
N            3.83841316585550       -0.77886468905246        0.79499544227483
C            2.42503393045207       -0.46754895661144        0.50356669455433
C            1.50941692911321       -1.50793392194327        0.52938437577181
C            2.03887387146143        0.81741934478127        0.15687290482425
C           -0.21952576835960        0.02075291524089       -0.14150229747662
C            0.18839781688283       -1.26694551779881        0.20612581597024
C            0.71539538927966        1.05965463527265       -0.15576820920143
H            1.81669120294480       -2.51010937036933        0.78375314019380
H            2.75074703392645        1.62783265184937        0.13542474497532
H           -0.52590902279018       -2.07640438597102        0.21985453992419
H            0.37304935762359        2.04694617114555       -0.42268111652225
H            8.22643764460254       -0.15750356161155       -1.04683646806866
H            4.38432989639088       -1.61473930986829       -2.27014661745739
H           -2.05797048240095       -0.47427901203070       -0.44082418883373
O            5.88109712922252       -0.85772230106032       -0.53363081574306
O            6.04674455113035        0.59156767916146        1.18341447081267
O            3.85361578951957       -1.44239273707295       -1.46972739483898
C            6.60047661380896       -0.06356236681071        0.30444892437440
C            4.58365739548338       -1.15339280689463       -0.39666829173902
C            8.05266474711228       -0.17185305320735        0.02476940498349
H            4.39208127197403        0.01085090241983        1.24748564654045
H            8.41277194412930       -1.12476553091615        0.40411717469359
H            8.59616815841121        0.62551885540158        0.51558414836145
H            3.84371766526733       -1.55407170560511        1.48210394366580
25
 energy: -43.683261868646 gnorm: 0.009111617145 xtb: 6.7.1 (edcfbbe)
O           -1.47903625834261        0.33680573752412       -0.46565428342275
N            3.84166432747048       -0.80274642676995        0.78813117458872
C            2.43399432701871       -0.48288234567476        0.50538524706971
C            1.50768674668288       -1.51340310568648        0.53258685067182
C            2.05759934252281        0.80501041294413        0.15836301112277
C           -0.20726893844662        0.03236348278236       -0.13668537200276
C            0.18952246284397       -1.25877543322571        0.21162382710740
C            0.73740939197183        1.06180939978233       -0.15343067611185
H            1.80536034840711       -2.51812370314491        0.78921109066404
H            2.77897473179158        1.60764484693777        0.13597914546473
H           -0.53135640315740       -2.06207580647342        0.22755671115316
H            0.40841439019601        2.05332337025136       -0.42162847837128
H            8.22273261617499       -0.12609203389281       -1.03883084639254
H            4.38684196495512       -1.63598576203790       -2.27931126112933
H           -2.05151226021678       -0.44589633317935       -0.43363233654749
O            5.87472981825962       -0.86618357845120       -0.54448792818850
O            6.01196226715298        0.58328928519112        1.17083358402040
O            3.85083729948581       -1.48126190698039       -1.47523175355679
C            6.58038159525376       -0.05979459250259        0.29435443838823
C            4.58087225495324       -1.17984735979861       -0.40528051726852
C            8.03204762414388       -0.14460463998564        0.03112664655653
H            4.39998176418578       -0.01082509413400        1.22593589860352
H            8.40311857230238       -1.09038485445013        0.41775050781487
H            8.55113889672932        0.66215663281913        0.53200078749840
H            3.84692927365994       -1.57078507474366        1.47565050816643
25
 energy: -43.683575124852 gnorm: 0.008076713784 xtb: 6.7.1 (edcfbbe)
O           -1.46183109443541        0.36824119453193       -0.46081027483160
N            3.84241920893912       -0.84102188241135        0.78362653644862
C            2.44088082810927       -0.50430079837204        0.50635743519243
C            1.50004514257248       -1.52131406039105        0.53586051255516
C            2.08104821074494        0.78856837377021        0.15927140981253
C           -0.19397523699092        0.04823476337061       -0.13199503928081
C            0.18487779244488       -1.24746061515036        0.21929951228874
C            0.76469097706126        1.06447602362958       -0.15167058151602
H            1.78407374259440       -2.52894333493408        0.79602542047007
H            2.81495060838192        1.58006352422691        0.13623363217959
H           -0.54679335061935       -2.04086290330823        0.23921577881342
H            0.45192968575517        2.06053942974504       -0.42129836673879
H            8.22499959258317       -0.09444895901490       -1.03030959917468
H            4.39100967727109       -1.66436624505631       -2.28556805322313
H           -2.04442018117915       -0.40676112252702       -0.42695098119101
O            5.86988021325529       -0.87280955050161       -0.55672595443010
O            5.96956851266953        0.59975496712238        1.14482729368423
O            3.85266994512934       -1.52827968846457       -1.48019182869043
C            6.55710851739406       -0.04447753196787        0.27835191432307
C            4.58068694245136       -1.20975056981843       -0.41429571212232
C            8.01365244970966       -0.11008256955451        0.03725626416680
H            4.40860144519993       -0.04958730411573        1.22010211382054
H            8.39466736825081       -1.04950578697193        0.43759730916427
H            8.50834576221225        0.71233538512163        0.54297520089226
H            3.84393939649343       -1.61550562185726        1.46513203328601
25
 energy: -43.683917690785 gnorm: 0.006722840152 xtb: 6.7.1 (edcfbbe)
O           -1.44594279964824        0.40238306710769       -0.45618129444183
N            3.83949983857908       -0.87872649065556        0.78085929391578
C            2.44433415398667       -0.52801760129130        0.50389274217107
C            1.48808646563751       -1.53011262696757        0.53668049190399
C            2.10295155827713        0.76995029329785        0.15683535034995
C           -0.18274278101216        0.06500172791572       -0.12881561644242
C            0.17620520906827       -1.23506167148683        0.22549144690637
C            0.79089263871653        1.06637239405537       -0.15204512034890
H            1.75791328508644       -2.54042644389669        0.79881411030342
H            2.84910872063572        1.54933554253636        0.13440993431160
H           -0.56766185047402       -2.01668493624590        0.25072956065659
H            0.49515040162146        2.06687847128908       -0.42140858591568
H            8.21911835911265       -0.05168495800574       -1.02644534953180
H            4.40256559413341       -1.69083911000472       -2.28579037811806
H           -2.03944330492133       -0.36385166139894       -0.41969911689689
O            5.86665693817164       -0.87811603222414       -0.56467638423038
O            5.93935874113824        0.59089951178071        1.13798228546996
O            3.86217595273879       -1.57793089010706       -1.48073366390778
C            6.53864680075858       -0.04265581184960        0.27103110107058
C            4.58370316055750       -1.24672926520826       -0.41626240053654
C            7.99793829227995       -0.07165022202018        0.03712462709767
H            4.40502089716109       -0.07916332103149        1.21069701943420
H            8.40153772771849       -1.00195198279099        0.44162670372997
H            8.46580590816130        0.76926612107712        0.54443293125297
H            3.84214624851351       -1.65374898677358        1.46376628769493
25
 energy: -43.684237831665 gnorm: 0.006288246638 xtb: 6.7.1 (edcfbbe)
O           -1.43053846636255        0.44222481543103       -0.44988626752905
N            3.83646505098699       -0.92056195807196        0.77986691379287
C            2.44587028578729       -0.55489532575282        0.49849475724561
C            1.47284852045252       -1.54068285238095        0.53537337305217
C            2.12600873414145        0.74898562452513        0.15223294623574
C           -0.17237974482987        0.08312796495244       -0.12609258347413
C            0.16458345811507       -1.22240341874120        0.22884259911870
C            0.81825836958448        1.06769425931897       -0.15290812781085
H            1.72698153505963       -2.55489053174981        0.79722789760955
H            2.88507217235006        1.51538825564609        0.13019172446784
H           -0.59365917791197       -1.99001358701747        0.25899863288099
H            0.53889927100668        2.07306338703558       -0.42017418650247
H            8.20974647263058       -0.00529162208648       -1.02716735132119
H            4.41794119476619       -1.72475371358563       -2.28273073686397
H           -2.03706931985170       -0.31373089219250       -0.41053289260925
O            5.86543684836402       -0.88125271295541       -0.56771151260665
O            5.91106883198704        0.58872488942129        1.13434707305303
O            3.87845857782083       -1.63329968775666       -1.47710665052796
C            6.51988289196449       -0.03338950116687        0.26556386275528
C            4.59130847833464       -1.28629990028915       -0.41269562633643
C            7.98242033635154       -0.02846344375201        0.03388626940638
H            4.40111986413823       -0.11477705775048        1.21035843006785
H            8.40755920748482       -0.94921773394492        0.44098673964169
H            8.42978120890658        0.82467610147062        0.53975828247871
H            3.83696155472086       -1.69722624150517        1.46319240967418
25
 energy: -43.684570042415 gnorm: 0.006758095025 xtb: 6.7.1 (edcfbbe)
O           -1.41452998267868        0.48641934600883       -0.43914274987907
N            3.83386899974971       -0.96234793206113        0.78013171269312
C            2.44704060382177       -0.58304802465321        0.48941055282779
C            1.45761835846231       -1.55180934773892        0.52905849873978
C            2.14972047124851        0.72680065644189        0.14540491616615
C           -0.16132064584665        0.10230029966479       -0.12367539105600
C            0.15361320246254       -1.20936088009823        0.22770931199971
C            0.84688175874554        1.06876117020463       -0.15468162821752
H            1.69485189614176       -2.57051380787789        0.78932558218662
H            2.92177040006147        1.47973213657568        0.12287467047194
H           -0.61961374817995       -1.96160075617220        0.26235327570717
H            0.58329588862869        2.07922484849824       -0.41832444241249
H            8.18683577905631        0.04700461428285       -1.03388985393414
H            4.43957836310979       -1.76561771729520       -2.27715660013182
H           -2.03588890332170       -0.25744939359156       -0.39580048496671
O            5.86555883696256       -0.88627739558939       -0.56445842305998
O            5.88444500071680        0.57880869438699        1.14137648748238
O            3.90175389970147       -1.69486430140741       -1.46958072428478
C            6.50110692339591       -0.02735281950891        0.26675989370692
C            4.60277020528217       -1.33002484019479       -0.40311223827409
C            7.96375715158264        0.01917139531306        0.02656256628450
H            4.39476318507072       -0.15098578117964        1.21409729511463
H            8.41496975287617       -0.88950322142471        0.43251519992186
H            8.39163970867162        0.88304075933300        0.52874258549314
H            3.82853905027606       -1.73777258481478        1.46581596331941
25
 energy: -43.684936563036 gnorm: 0.007551417704 xtb: 6.7.1 (edcfbbe)
O           -1.39480874643749        0.53963454333145       -0.42270495730487
N            3.83169447856101       -1.01102200257408        0.78236141855726
C            2.44910826297178       -0.61490796886983        0.47745530946112
C            1.44169687478120       -1.56418774091054        0.51778164781520
C            2.17799947996030        0.70161189805188        0.13605625692075
C           -0.14708019253263        0.12522344077572       -0.12134515960495
C            0.14329133339761       -1.19418080981279        0.22201173185387
C            0.88122693021318        1.07050035182712       -0.15786646591088
H            1.65874527137261       -2.58861696409187        0.77413385342190
H            2.96475814079620        1.43917032301009        0.11261076213774
H           -0.64634961399193       -1.92888538974661        0.25949493105238
H            0.63494362471804        2.08687970064810       -0.41672778743193
H            8.14917614494396        0.10770812851529       -1.04709245286565
H            4.46699200275833       -1.82058121972088       -2.26743470591716
H           -2.03391619014863       -0.18904826703337       -0.37288313320967
O            5.86582437046885       -0.89352813005264       -0.55562493378544
O            5.85399156022633        0.56835764890542        1.15364147803955
O            3.93167093253558       -1.77008001060626       -1.45656042015750
C            6.47875467464336       -0.01756644035716        0.27100417856511
C            4.61805023395487       -1.37986803432275       -0.38811429207088
C            7.93849900957986        0.07617220825207        0.01562172306695
H            4.38970452498742       -0.19872422369535        1.22590085059603
H            8.42035449168039       -0.81679759665344        0.42000087415814
H            8.34549632510913        0.95160340308827        0.51201368706299
H            3.81320223144775       -1.78613173085539        1.46858158144827
25
 energy: -43.685297276734 gnorm: 0.008129272832 xtb: 6.7.1 (edcfbbe)
O           -1.37174971945123        0.59515334276878       -0.40290241520676
N            3.82935988754569       -1.05998591005815        0.78722131682797
C            2.45250304250034       -0.64561427016102        0.46491973085109
C            1.42802121334461       -1.57541499978009        0.50200219355198
C            2.20773294633199        0.67688834523253        0.12584227483587
C           -0.12996100737610        0.14975629645473       -0.11975146384951
C            0.13623286322369       -1.17777178258652        0.21179499014892
C            0.91809862985005        1.07308375104046       -0.16234464238570
H            1.62413740284942       -2.60577686155828        0.75213299522065
H            3.00898787886867        1.39878280361027        0.10121044107369
H           -0.66856725060560       -1.89538486413921        0.24910909873062
H            0.68964980498202        2.09511337143816       -0.41699342418747
H            8.09636661381987        0.17224594957893       -1.06637857742226
H            4.49687401909409       -1.88407938355154       -2.25144763619722
H           -2.02860932924801       -0.11691832567672       -0.34424244204514
O            5.86510326449606       -0.90493487654686       -0.54198886461273
O            5.82349111551327        0.54966914334650        1.17358994901585
O            3.96377112997812       -1.85025988991589       -1.43748838565393
C            6.45541546879550       -0.01169465736565        0.27981856939925
C            4.63422082462038       -1.43012873572615       -0.36873656028262
C            7.90767637495084        0.13657199387490        0.00097895117729
H            4.38429627530725       -0.25149108558822        1.24368232416739
H            8.42771741977743       -0.73626258644739        0.40130791558722
H            8.29084480987017        1.02670711136977        0.48905873908141
H            3.79141247695811       -1.83551876251043        1.47192089807230
25
 energy: -43.685636314909 gnorm: 0.007740013978 xtb: 6.7.1 (edcfbbe)
O           -1.34674537102804        0.64374920716509       -0.38743568220672
N            3.82640732730499       -1.10380989047346        0.79518691939827
C            2.45682397664264       -0.67033071679458        0.45658936461855
C            1.41799058385640       -1.58338585868314        0.48687947515990
C            2.23517171421219        0.65653266460793        0.11842120717920
C           -0.11172180034025        0.17260864220920       -0.11944894361759
C            0.13303066694864       -1.16193520299064        0.20055954577220
C            0.95287045385113        1.07643648297113       -0.16670244922157
H            1.59555483681197       -2.61887528798274        0.72951590599468
H            3.04880139595256        1.36456553632161        0.09310800751706
H           -0.68355316488808       -1.86576788099431        0.23382240491010
H            0.74110891925040        2.10276241011416       -0.41967805408917
H            8.03711315016810        0.23107890333559       -1.08889966726584
H            4.52335574616268       -1.94769861651523       -2.23034255941218
H           -2.01752126551143       -0.05353562393802       -0.32091827089279
O            5.86245805629604       -0.91609529030453       -0.52594032661708
O            5.79921145081571        0.53028716178648        1.19621761500785
O            3.99156185419620       -1.92350646578781       -1.41451680753345
C            6.43463620985336       -0.00615997652401        0.29005948585859
C            4.64748662936501       -1.47017314922039       -0.34879080090464
C            7.87483278576287        0.19122034501709       -0.01587252255504
H            4.38026533637313       -0.30546617961256        1.26774963977123
H            8.43219468932051       -0.66081029440158        0.37688938942962
H            8.23642435739790        1.09474782160592        0.46304271766876
H            3.76526761722151       -1.88370362380785        1.47282038192803
25
 energy: -43.685967791570 gnorm: 0.006512208204 xtb: 6.7.1 (edcfbbe)
O           -1.31876362645142        0.68757637913432       -0.37972692447420
N            3.82261689124958       -1.14433347542432        0.80582446285013
C            2.46264331931990       -0.69081470927274        0.45384519473537
C            1.41055613204416       -1.58875619482036        0.47466871849197
C            2.26209567642562        0.63910689002672        0.11500048176940
C           -0.09147118943986        0.19426254383614       -0.12225562789395
C            0.13298304290513       -1.14604428923723        0.18900491979493
C            0.98764605909675        1.08023100329735       -0.17114576061690
H            1.57116503093101       -2.62829410776027        0.71093028528674
H            3.08663942256399        1.33446230810420        0.09118771375009
H           -0.69354436542756       -1.83839656357675        0.21672498478961
H            0.79292478763992        2.11000188006080       -0.42412635154668
H            7.97346724126140        0.28932496946030       -1.11371187682797
H            4.54646770225690       -2.01117867196714       -2.20465514568353
H           -2.00222853904013        0.00409331859341       -0.30567258708753
O            5.85666980591358       -0.92652117095606       -0.51078655053378
O            5.77891816908616        0.50270979832809        1.22379393777026
O            4.01416983568689       -1.99290691206285       -1.38819818329097
C            6.41513360834435       -0.00476108711328        0.30149208804532
C            4.65661925678994       -1.50475083734950       -0.32930275267963
C            7.83957178187454        0.24319922313923       -0.03552816315727
H            4.37476027484881       -0.35919531975532        1.29366628321610
H            8.43822619101095       -0.58642268324001        0.34429114163359
H            8.17778634675601        1.16078683870208        0.43506178592767
H            3.73797330034905       -1.93064401304308        1.47193390162891
25
 energy: -43.686294694316 gnorm: 0.005738233887 xtb: 6.7.1 (edcfbbe)
O           -1.28866866714904        0.72541655881236       -0.38391903185925
N            3.81827083046994       -1.18326748935329        0.81954683024473
C            2.46947711688100       -0.70703434666034        0.45840890204336
C            1.40499463070518       -1.59126319481072        0.46869873776229
C            2.28851745732896        0.62489189511164        0.11717531742169
C           -0.07003130621900        0.21397066758542       -0.12817091620343
C            0.13510393050216       -1.13039443004984        0.17942313843410
C            1.02193272275691        1.08405752844340       -0.17482518098002
H            1.55020922867672       -2.63343878211175        0.70226342267821
H            3.12270927221403        1.30888634214958        0.09747449603305
H           -0.69966724511811       -1.81336111620745        0.20062957432382
H            0.84414689893291        2.11619867042841       -0.43000390917794
H            7.91098620601378        0.34468486913438       -1.13845114408782
H            4.56431877712967       -2.07564140583076       -2.17580787776199
H           -1.98290826214973        0.05387205666763       -0.30546786677044
O            5.84733997811660       -0.93078038944801       -0.49943084302636
O            5.76476020192996        0.47934674725211        1.24929507658714
O            4.03038893046570       -2.05581470543771       -1.36076523114068
C            6.39722778493444        0.00043933455904        0.30986323877284
C            4.66075968633940       -1.52959632628048       -0.31282166657598
C            7.80320505856107        0.29132788915290       -0.05695687699616
H            4.37119620437336       -0.41629321124579        1.32681282604560
H            8.43687731795159       -0.51801361346862        0.30528787215906
H            8.12177108629985        1.21782948472605        0.40861788494341
H            3.71010831604791       -1.98328791601402        1.46543920302818
25
 energy: -43.686598314584 gnorm: 0.005404701922 xtb: 6.7.1 (edcfbbe)
O           -1.25926443506535        0.75782075810517       -0.39836441704055
N            3.81380334530267       -1.21700792375540        0.83383944794530
C            2.47614518698488       -0.71966225590303        0.46767399876574
C            1.40041905097724       -1.59123966319872        0.46866041752225
C            2.31274372926491        0.61361404410940        0.12419285448856
C           -0.04914226190484        0.23138161898342       -0.13677604488014
C            0.13820562865488       -1.11527381387822        0.17186751441122
C            1.05376844101364        1.08770329355619       -0.17688761925541
H            1.53243911186504       -2.63478584961686        0.70260583449070
H            3.15494099125953        1.28776394194259        0.11128521399151
H           -0.70365899751292       -1.78999137564081        0.18714004731262
H            0.89207140650222        2.12156727407948       -0.43429827476792
H            7.84994929761069        0.39862706165031       -1.16389379355431
H            4.57958504747971       -2.13512413395998       -2.14731810356577
H           -1.96290241878666        0.09633068552538       -0.31982010100213
O            5.83492678841410       -0.93489196753580       -0.49317943824910
O            5.75623271421947        0.44273422353140        1.28032363629603
O            4.04228610735998       -2.11202548954036       -1.33449936936966
C            6.38103776597607       -0.00481121369159        0.31928233151308
C            4.66039566069234       -1.55361111195588       -0.29820145908408
C            7.76838971881367        0.33618652686626       -0.08060944529676
H            4.36538848827328       -0.46563946816081        1.35634237490206
H            8.44313088542081       -0.45192183707583        0.26209316567253
H            8.06398103793280        1.27415069026162        0.38170960096889
H            3.68815386524675       -2.02915889759343        1.45914760368249
25
 energy: -43.686906637632 gnorm: 0.005770083925 xtb: 6.7.1 (edcfbbe)
O           -1.22894838928803        0.78348438423294       -0.42649571827552
N            3.81057808277129       -1.24890298736991        0.85025591240291
C            2.48297393054509       -0.72894309962991        0.48428223023191
C            1.39715447311080       -1.58897635511122        0.47707948373655
C            2.33617500105692        0.60520084109244        0.13797564928889
C           -0.02759805331702        0.24578964232242       -0.14815490896482
C            0.14260177174523       -1.10147504197758        0.16756615798038
C            1.08449868056315        1.09065528830983       -0.17661962479224
H            1.51723713154803       -2.63284614136387        0.71568980037032
H            3.18509883843948        1.27095431805861        0.13407964338650
H           -0.70551948646169       -1.76899489762181        0.17663729708584
H            0.93744714407139        2.12539052311461       -0.43731909178789
H            7.79408683688422        0.44659561673750       -1.18694069879837
H            4.58908571874484       -2.19531175101831       -2.11863131230206
H           -1.94005916004242        0.12948317522783       -0.35335597310009
O            5.81881367039880       -0.92705412047476       -0.49472521069997
O            5.75419463515990        0.42028362741519        1.30310902020895
O            4.04839161828610       -2.16211827303589       -1.30887086033177
C            6.36569370325040        0.00171548179064        0.32112214772506
C            4.65617345989778       -1.56527337461697       -0.28810584265160
C            7.73358461746078        0.37562250854709       -0.10401184826505
H            4.36564751704251       -0.51797345162127        1.39420455965379
H            8.43033075885281       -0.39753027064790        0.21731532232937
H            8.01619222558646        1.31433416546045        0.36057724627909
H            3.66919142968775       -2.08137469071534        1.44565259518667
25
 energy: -43.687207928522 gnorm: 0.007159418018 xtb: 6.7.1 (edcfbbe)
O           -1.19420921205442        0.81497676984721       -0.46135049612867
N            3.80716031616631       -1.28539661759388        0.86865784575618
C            2.48904954642606       -0.74147978504069        0.50162783913475
C            1.39138136355246       -1.58685717683995        0.48634339878945
C            2.36292944038985        0.59480719647267        0.15496456382114
C           -0.00322686494444        0.26362248496723       -0.16074438209680
C            0.14586300952877       -1.08470639335908        0.16228790674165
C            1.11993724061264        1.09473415531214       -0.17420289357623
H            1.49639357257892       -2.63159565858578        0.73035249134365
H            3.22001560710323        1.25031461884284        0.16200752445116
H           -0.71065433719394       -1.74191475843822        0.16435322675052
H            0.98974809631318        2.13115894548698       -0.43693488061164
H            7.72149749418835        0.50533378816984       -1.21754509358292
H            4.60440784853022       -2.26626781704281       -2.08527431485433
H           -1.91443562051837        0.16951830373659       -0.39756471826201
O            5.79881523187632       -0.92130322543421       -0.49680536105316
O            5.75594440071816        0.38010382268380        1.33807822118884
O            4.05995459402915       -2.22338142929408       -1.27856636920127
C            6.34772330061098       -0.00091111568956        0.32708816849513
C            4.65246945659231       -1.58578095328497       -0.27340730291079
C            7.69305596670303        0.42422894849067       -0.13381579083439
H            4.36513235777602       -0.57423256965077        1.43316028076277
H            8.42764595778662       -0.32728122711705        0.16483521780218
H            7.95589394358896        1.37025621902071        0.32999977659774
H            3.65053344563380       -2.13521140855442        1.43477111737350
25
 energy: -43.687479290999 gnorm: 0.009446095810 xtb: 6.7.1 (edcfbbe)
O           -1.15122402437825        0.84310218555373       -0.51274068069353
N            3.80575654011633       -1.32087852062067        0.89176245664045
C            2.49580175031227       -0.75251896685636        0.52718112320163
C            1.38743560707127       -1.58256295733307        0.50184370676552
C            2.39146276825816        0.58572895149777        0.18205978606565
C            0.02698879742890        0.28105713492357       -0.17724536824444
C            0.15321059998621       -1.06694860737446        0.15605028418818
C            1.15916843975450        1.09926690839853       -0.16700948569156
H            1.47626063749807       -2.62775185630494        0.75152658509114
H            3.25565955279489        1.23108637932998        0.20375140140353
H           -0.71136584379002       -1.71289347699514        0.14726009775027
H            1.04601317264685        2.13707698891484       -0.43153966621635
H            7.63253154978539        0.56458688306169       -1.25359505574065
H            4.61776831162735       -2.34541088352168       -2.04415502260896
H           -1.87865804515414        0.20451049169181       -0.46733104573896
O            5.76990858309659       -0.91118043312896       -0.50322996758644
O            5.76590399311027        0.33564893398764        1.37541439791170
O            4.07030379964807       -2.28480890602066       -1.24024787099356
C            6.32678329620734       -0.00321830163776        0.33024389909673
C            4.64545613732800       -1.60419943345869       -0.25548752687666
C            7.64321802201323        0.47325736319651       -0.16981207305539
H            4.36926792767865       -0.63312765606765        1.47642143854691
H            8.41246243032804       -0.25434606027435        0.10229219198057
H            7.88803087621816        1.42439781020303        0.29419081212194
H            3.63488127640761       -2.18713885405912        1.42471155857828
25
 energy: -43.687655046315 gnorm: 0.008846629350 xtb: 6.7.1 (edcfbbe)
O           -1.12144600018961        0.86053634164412       -0.54687459568394
N            3.80748982571703       -1.34369245905302        0.90590512436311
C            2.49994154126392       -0.76209595410675        0.54428525065776
C            1.38472775583836       -1.58208502802138        0.51205764294584
C            2.41063927466709        0.57892185162234        0.20314051231372
C            0.04807192462805        0.29238815087484       -0.18667623461357
C            0.15807276410035       -1.05608866928870        0.15219499988326
C            1.18584781451803        1.10297890248751       -0.15857849789633
H            1.46141093176098       -2.62832098929646        0.76417345367844
H            3.27999286130455        1.21743703364879        0.23547568146899
H           -0.71333522535786       -1.69302450484084        0.13592448719869
H            1.08298066681263        2.14275705361620       -0.42195406597712
H            7.58048473447981        0.59709811519921       -1.27187223866694
H            4.62336899747247       -2.39746332098932       -2.01984570704784
H           -1.85288859321609        0.22469829313728       -0.51905875621175
O            5.74793731946051       -0.89975129363323       -0.51248054380668
O            5.76934084138228        0.31835933278980        1.38556143068279
O            4.07599978719850       -2.33006675938881       -1.21525788872334
C            6.31014591824148        0.00243355612180        0.32440565747954
C            4.64171651213910       -1.61643388940549       -0.24510630923641
C            7.60954788565871        0.50325426369685       -0.19003968242625
H            4.37650797406466       -0.66820535632023        1.49965766672721
H            8.39257975719095       -0.21063009150426        0.06997557206914
H            7.84488979923621        1.45661735882099        0.27513858972407
H            3.62900108762141       -2.21688682070543        1.42216442699330
25
 energy: -43.687833291289 gnorm: 0.008040507293 xtb: 6.7.1 (edcfbbe)
O           -1.09134182013844        0.87109547565865       -0.57836494373521
N            3.80949407414662       -1.35879696754799        0.92247894671443
C            2.50281352400420       -0.76778627836591        0.55852014922069
C            1.38471914939392       -1.58019977444618        0.51718440471850
C            2.42545437853609        0.57509246801856        0.22315281811632
C            0.06941741703146        0.30135455440227       -0.19655795943757
C            0.16599077444257       -1.04618823887736        0.14551075128422
C            1.20899662277895        1.10703313941345       -0.15077638475542
H            1.45051718672165       -2.62628077060958        0.77052715057032
H            3.29721548270745        1.20830911177490        0.26613878894180
H           -0.71042676668255       -1.67448092749435        0.12180053200837
H            1.11274218918215        2.14758223941643       -0.41203896748763
H            7.52262428837471        0.62597469315498       -1.29439507298741
H            4.62942035362725       -2.44024780377425       -1.99137583140611
H           -1.82191688423828        0.23470926493501       -0.57311995870048
O            5.72363795791187       -0.89141633360221       -0.51727217764355
O            5.77903080646754        0.28914195129253        1.40245795347011
O            4.08496761630436       -2.36424273681402       -1.18566716093557
C            6.29504307816641        0.00080886173219        0.32252505673547
C            4.63979619273642       -1.63111037659331       -0.22856001657485
C            7.57452914351957        0.52807356137701       -0.21388326767933
H            4.38196690315157       -0.69170187677373        1.52135202579548
H            8.37358832694992       -0.17112154446302        0.02976797456695
H            7.80376304156481        1.48056211257157        0.25117789670221
H            3.62098311933306       -2.23342868727960        1.43173326839366
25
 energy: -43.687955375604 gnorm: 0.004223575511 xtb: 6.7.1 (edcfbbe)
O           -1.08784349614908        0.87639164640256       -0.57503812950648
N            3.80963317287294       -1.36145851151666        0.92489671830954
C            2.50390740081542       -0.77104564972531        0.55721210528446
C            1.38459926368749       -1.58308615497295        0.51252477974828
C            2.42767430370008        0.57242654158389        0.22292519284487
C            0.07166793158115        0.30284893356891       -0.19741920980330
C            0.16678758896184       -1.04592428630591        0.14160765173657
C            1.21245445138094        1.10740841390593       -0.15035844086080
H            1.44853332884668       -2.62957078990113        0.76340906085967
H            3.29998350873022        1.20505186951930        0.26893033260369
H           -0.71035910983994       -1.67331526353486        0.11574572787762
H            1.11741141113196        2.14885837081716       -0.40953734324187
H            7.51611013011345        0.63040221496748       -1.29596779517682
H            4.62563694338064       -2.43830307532192       -1.99124406940672
H           -1.81892116583983        0.23986979645307       -0.57291434112583
O            5.72019077632906       -0.89081797782936       -0.51589761227222
O            5.77926077585978        0.28296603628751        1.40386352395994
O            4.08784547730480       -2.37287610913517       -1.18065781122696
C            6.29260868635117        0.00170722571113        0.32244094806593
C            4.64406235766420       -1.63834982800680       -0.22399346212527
C            7.56943062698988        0.53162594029033       -0.21594027225541
H            4.37990202925254       -0.68751496976193        1.51922055495272
H            8.37150950132955       -0.16669634252961        0.02283635266719
H            7.79774528718452        1.48459296869856        0.25053763492910
H            3.62319497435384       -2.23245588255821        1.44513387905750
25
 energy: -43.688096368618 gnorm: 0.004004792129 xtb: 6.7.1 (edcfbbe)
O           -1.07918373500755        0.88919987173334       -0.56729879179014
N            3.80922456865218       -1.36794196110627        0.93186863307364
C            2.50664894627151       -0.77905650545813        0.55453498431998
C            1.38516285760372       -1.58939517938308        0.49923566538330
C            2.43368908008167        0.56606683569247        0.22538964428156
C            0.07789877080094        0.30696858380607       -0.19892048259647
C            0.16987858745827       -1.04486552595643        0.12997763253331
C            1.22174810379874        1.10801475903068       -0.14771693121121
H            1.44504354976977       -2.63743223977270        0.74266658806328
H            3.30785387884160        1.19636126548719        0.27686666173684
H           -0.70897922263151       -1.66995657022405        0.09803460861210
H            1.13003327811364        2.15121645752313       -0.40191792218270
H            7.49631379567260        0.64037963691552       -1.30186859598285
H            4.61497610928604       -2.43269313271040       -1.98984121778390
H           -1.81140637428627        0.25295020296977       -0.57331292947895
O            5.71258462318614       -0.89252475544202       -0.51158909682783
O            5.77891920133471        0.27293644832169        1.40805551688456
O            4.09378456480709       -2.39410593177084       -1.16664489436940
C            6.28861983207169        0.00039625219017        0.32445564260408
C            4.65343940547734       -1.65805277572807       -0.21093411922375
C            7.55581553159540        0.54070693517760       -0.22250603883935
H            4.37701528277728       -0.68031295075629        1.51578699420018
H            8.36602019794334       -0.15260223954772        0.00707334332361
H            7.78056133130627        1.49507341166673        0.24501001646470
H            3.62736399106863       -2.22859577555230        1.47591106470080
25
 energy: -43.688149007945 gnorm: 0.004253968371 xtb: 6.7.1 (edcfbbe)
O           -1.07306296029284        0.89618672837626       -0.56478397289448
N            3.80878163176246       -1.37189095526544        0.93744744729348
C            2.50868711417908       -0.78332166993593        0.55442888525648
C            1.38651892386257       -1.59224258283192        0.49105625568572
C            2.43821419365744        0.56300180541381        0.22955965331844
C            0.08292358342665        0.30965864917822       -0.20005673197520
C            0.17299667880385       -1.04402313919669        0.12148334473046
C            1.22830007739779        1.10843374150935       -0.14467213581463
H            1.44458060387876       -2.64169352119181        0.72874053761094
H            3.31330137804951        1.19179292453778        0.28496120221078
H           -0.70661471614268       -1.66789863905271        0.08430187955491
H            1.13868619910016        2.15263259059589       -0.39526038519976
H            7.48106422215419        0.64624074050717       -1.30672469812777
H            4.60820743371185       -2.43071971291407       -1.98661495499945
H           -1.80612917823387        0.26091932722554       -0.57533463980408
O            5.70771632982407       -0.89485701404608       -0.50937993096880
O            5.77800916852117        0.26999162580582        1.41042558396500
O            4.09657112277857       -2.40682498619457       -1.15668684738420
C            6.28487784297416       -0.00014346442562        0.32490647632736
C            4.65735992848718       -1.67025114370290       -0.20196619893187
C            7.54635459704220        0.54627168000823       -0.22766716703783
H            4.37726125967696       -0.67998381572655        1.51676725674773
H            8.36117193951551       -0.14316608300413       -0.00247856854797
H            7.76891263586360        1.50130610406653        0.23940295869612
H            3.62833614599490       -2.22668407263008        1.49046072618403
25
 energy: -43.688210385355 gnorm: 0.002759778180 xtb: 6.7.1 (edcfbbe)
O           -1.06603241797762        0.90239218233914       -0.56417526455379
N            3.80814316609597       -1.37560726808695        0.94486392983225
C            2.51130443997466       -0.78654922899896        0.55574703941594
C            1.38938201210650       -1.59430984370448        0.48155602592082
C            2.44336540387393        0.56140366892583        0.23692682657695
C            0.08923964612340        0.31251971244243       -0.20169119830172
C            0.17771507416522       -1.04328280429605        0.11045486134327
C            1.23542439458502        1.10947123891106       -0.13954611891563
H            1.44646876640640       -2.64554793255045        0.71220050813383
H            3.31884076278930        1.18900889099384        0.29798900265588
H           -0.70210393421866       -1.66641918937089        0.06586524099810
H            1.14768973876087        2.15480592895753       -0.38538354256461
H            7.46289832938939        0.65146985388433       -1.31327239965003
H            4.60096303067958       -2.43059204450734       -1.98039904913703
H           -1.80005451505522        0.26873149714126       -0.57893433291225
O            5.70243551055873       -0.89853457165060       -0.50738423887233
O            5.77636608579474        0.26984222002119        1.41181993357683
O            4.09906667768072       -2.42046523056746       -1.14449461787356
C            6.27986467435526       -0.00081957747846        0.32444770873269
C            4.65984496055566       -1.68308220728754       -0.19130904745513
C            7.53546303827194        0.55178402282775       -0.23447479401228
H            4.37900259863146       -0.68271926974963        1.52096243384612
H            8.35456498300112       -0.13323648155360       -0.01294076206127
H            7.75587094858863        1.50755572733068        0.23118051735050
H            3.62730278085624       -2.22508417686654        1.50230731382183
25
 energy: -43.688267977316 gnorm: 0.002368779896 xtb: 6.7.1 (edcfbbe)
O           -1.05794195976417        0.90783433602168       -0.56624063240820
N            3.80758221988403       -1.37925125945812        0.95374067046021
C            2.51435878546460       -0.78834594519852        0.55874842324353
C            1.39348415720698       -1.59572203178150        0.47127900378924
C            2.44855251234464        0.56170093941582        0.24783231336361
C            0.09650878775254        0.31550010932340       -0.20406787941823
C            0.18371183409675       -1.04275174339040        0.09724763653604
C            1.24246300606210        1.11168403959135       -0.13172517816008
H            1.45037847174706       -2.64889270764880        0.69393017770791
H            3.32366176359468        1.18881128645600        0.31730790184517
H           -0.69560855429595       -1.66581670955712        0.04288179571723
H            1.15614556363361        2.15850219298095       -0.37136309247345
H            7.44367184230018        0.65624192619696       -1.32159004805393
H            4.59410536147805       -2.43415743545218       -1.97153268660219
H           -1.79292370356331        0.27585210614991       -0.58541031325375
O            5.69718049545787       -0.90318905956125       -0.50542144879607
O            5.77416700785002        0.27125050442691        1.41160554489384
O            4.10131658956847       -2.43526502474178       -1.13059464867476
C            6.27378329448514       -0.00137547745624        0.32273454485551
C            4.66100465956238       -1.69540090106588       -0.17976492025275
C            7.52362461720545        0.55734146643926       -0.24310156700045
H            4.38103859882835       -0.68730251640519        1.52800773177160
H            8.34679653807400       -0.12337234062040       -0.02517936271273
H            7.74186871094284        1.51412201739475        0.22071710482257
H            3.62409555607692       -2.22526265495351        1.51227490469550
25
 energy: -43.688325250049 gnorm: 0.003099477889 xtb: 6.7.1 (edcfbbe)
O           -1.04956928467238        0.91241142579555       -0.57067685858400
N            3.80725080999789       -1.38257223553255        0.96302047764720
C            2.51737096020148       -0.78875583507738        0.56300654371730
C            1.39819175274846       -1.59662675989810        0.46076710176127
C            2.45285114400008        0.56365036503615        0.26164126988735
C            0.10375179623833        0.31838884964426       -0.20699187990855
C            0.19024548228209       -1.04242134776903        0.08295057707701
C            1.24844585853187        1.11495361520544       -0.12151556743077
H            1.45553129400016       -2.65163491145612        0.67510331561430
H            3.32687842613777        1.19099481554736        0.34172084648204
H           -0.68792794828110       -1.66601580437846        0.01735920093292
H            1.16285099119621        2.16352546738165       -0.35372351130009
H            7.42557503183466        0.66040527182876       -1.33111510207002
H            4.58820897012007       -2.44159898122696       -1.96090038537288
H           -1.78516840531890        0.28155070857365       -0.59508585760108
O            5.69243798589808       -0.90805455964556       -0.50339694601290
O            5.77223035189375        0.27339079901764        1.41006767628886
O            4.10333408496558       -2.45060209002156       -1.11582052859513
C            6.26757042067612       -0.00142891433041        0.31991626269263
C            4.66125219100927       -1.70582350726383       -0.16846258269408
C            7.51216549632655        0.56252747307871       -0.25299469573548
H            4.38245043777115       -0.69210891996643        1.53651128926102
H            8.33894140676884       -0.11463322625377       -0.03881805755367
H            7.72867335424392        1.52039778746140        0.20898893166223
H            3.61948354742326       -2.22718436864428        1.52076445572984
25
 energy: -43.688397569363 gnorm: 0.003669451569 xtb: 6.7.1 (edcfbbe)
O           -1.04010311754301        0.91703066937020       -0.57766640306684
N            3.80712754692270       -1.38598076884041        0.97347270310606
C            2.52046428168745       -0.78810337131498        0.56882323390893
C            1.40379575736154       -1.59724038356600        0.44860535205393
C            2.45644720127174        0.56715985189264        0.28007623045362
C            0.11152514751608        0.32167202629981       -0.21056912923107
C            0.19789312849230       -1.04206902102313        0.06598039530573
C            1.25386502388433        1.11959276291933       -0.10755160112704
H            1.46214131502699       -2.65423285286436        0.65306360690945
H            3.32855830642341        1.19538139280741        0.37413434134471
H           -0.67837963303223       -1.66673666537825       -0.01355882900774
H            1.16832861795037        2.17038742710384       -0.32997316233301
H            7.40648404426483        0.66448141590110       -1.34301423521020
H            4.58305986256727       -2.45459398550290       -1.94706223603516
H           -1.77579240348135        0.28658571043037       -0.60960280966406
O            5.68772185036235       -0.91361458706562       -0.50088994848559
O            5.77056613377732        0.27642625140083        1.40723423169455
O            4.10557836923352       -2.46851410220791       -1.09829432522459
C            6.26093413780445       -0.00093457363938        0.31586229968222
C            4.66089482402315       -1.71526547062745       -0.15630131032082
C            7.49993722329550        0.56800240359357       -0.26535397781279
H            4.38304160936977       -0.69724175723118        1.54696928140087
H            8.33041221608023       -0.10586112501209       -0.05559912088118
H            7.71504323060668        1.52717855956284        0.19447537891376
H            3.61348148212782       -2.23077468990217        1.52905600952156
25
 energy: -43.688496507815 gnorm: 0.004008401217 xtb: 6.7.1 (edcfbbe)
O           -1.02788244418768        0.92307761400920       -0.58799027470901
N            3.80721329024698       -1.39025841987736        0.98655417496415
C            2.52391594775967       -0.78690772713951        0.57699512494866
C            1.41087423265146       -1.59787566851877        0.43280931029401
C            2.45976243690971        0.57209703721719        0.30620404440704
C            0.12102037883782        0.32609034444151       -0.21520692940329
C            0.20774951006384       -1.04134479408396        0.04373125608985
C            1.25966554863653        1.12610410509166       -0.08743872756561
H            1.47064931848568       -2.65733472494925        0.62398574536718
H            3.32890448834735        1.20163855067706        0.41961188209423
H           -0.66568573251323       -1.66748128335138       -0.05459069804770
H            1.17365338549380        2.17985677311678       -0.29613042260914
H            7.38266702327648        0.66956084645238       -1.35920425821376
H            4.57795529774924       -2.47558595368794       -1.92789728928403
H           -1.76284889451750        0.29216765381099       -0.63221941509006
O            5.68203323076882       -0.92052029474229       -0.49735653892437
O            5.76910034731293        0.28046880345164        1.40314087902373
O            4.10856776865538       -2.49212207642427       -1.07495816642669
C            6.25306173009140        0.00037140601781        0.31019828428057
C            4.66025264894285       -1.72519072636744       -0.14147694864326
C            7.48486840068092        0.57488092049869       -0.28220630940031
H            4.38259263869841       -0.70318788638642        1.56054110871221
H            8.32000303339498       -0.09527191460971       -0.07872943161171
H            7.69884838656059        1.53572818066598        0.17481367386811
H            3.60608418364680       -2.23622564820649        1.53913590177448
25
 energy: -43.688626076425 gnorm: 0.004545289200 xtb: 6.7.1 (edcfbbe)
O           -1.01157082945781        0.93175617721146       -0.60212320670430
N            3.80745008296745       -1.39589697272168        1.00334014217170
C            2.52782874129941       -0.78576678697769        0.58806920066713
C            1.41992939409936       -1.59873027792410        0.41168084468291
C            2.46289355953182        0.57808885115126        0.34260128298466
C            0.13316171191072        0.33232910667820       -0.22097283882810
C            0.22078069606255       -1.03978686831710        0.01410551451190
C            1.26641122424551        1.13474581270924       -0.05894333170245
H            1.48149582608972       -2.66138530628306        0.58439514102815
H            3.32769807446185        1.20908194681044        0.48248158410196
H           -0.64861180300865       -1.66754933073755       -0.10975524176097
H            1.17938550516012        2.19236214351084       -0.24835641883915
H            7.35100273932544        0.67615652419409       -1.38120345811262
H            4.57290123777812       -2.50716127958051       -1.90124990413183
H           -1.74450303797939        0.29931960358865       -0.66611335973124
O            5.67444706187431       -0.92921553835844       -0.49251005620748
O            5.76756331412323        0.28600748284586        1.39759434370494
O            4.11275766015079       -2.52356887978822       -1.04339628003348
C            6.24334667804085        0.00276586482572        0.30258730138363
C            4.65955088377969       -1.73656807955877       -0.12272959881888
C            7.46528991057176        0.58385764407814       -0.30519987198465
H            4.38092162028638       -0.71013421527458        1.57797036700516
H            8.30659878459645       -0.08160507305521       -0.11068903019854
H            7.67847084967308        1.54689595676861        0.14791446484482
H            3.59782627041046       -2.24326338868948        1.55281838586192
25
 energy: -43.688779337550 gnorm: 0.005730610635 xtb: 6.7.1 (edcfbbe)
O           -0.99070686152706        0.94353827425844       -0.61970198569336
N            3.80774418690181       -1.40297569410417        1.02397642499154
C            2.53219771106905       -0.78532683322967        0.60182119970142
C            1.43124306274508       -1.59976398779105        0.38487367619506
C            2.46571768999291        0.58417285272925        0.38917589412494
C            0.14827545368524        0.34058022743639       -0.22758348418431
C            0.23741140573853       -1.03689077599445       -0.02289415067756
C            1.27422864916695        1.14489694772541       -0.02215523199093
H            1.49512215912915       -2.66634553964981        0.53270664472907
H            3.32472832884776        1.21606781920244        0.56217389262572
H           -0.62655966122033       -1.66592036310189       -0.17916454871384
H            1.18562546131797        2.20699726411747       -0.18662880080237
H            7.31026661978996        0.68434159593589       -1.40885380394112
H            4.56804091041702       -2.54924579220307       -1.86669682772758
H           -1.72006651970426        0.30895859728122       -0.71107393551658
O            5.66440656455146       -0.93952272206446       -0.48643063586001
O            5.76567248296115        0.29295162018477        1.39084427688185
O            4.11808281911164       -2.56226660495838       -1.00336688424262
C            6.23153181330952        0.00628189662339        0.29322778537662
C            4.65899884237528       -1.74980316631952       -0.09986796726249
C            7.44051308734122        0.59492489198996       -0.33432871502552
H            4.37805705102865       -0.71771574635376        1.59890540960031
H            8.28949535079499       -0.06471497673131       -0.15180681173609
H            7.65330197004731        1.56062798585349        0.11373522231130
H            3.58969757812223       -2.25111265373047        1.57142933273167
25
 energy: -43.688934666689 gnorm: 0.007038458662 xtb: 6.7.1 (edcfbbe)
O           -0.96701321370592        0.95760096743630       -0.63839765365489
N            3.80797887071155       -1.41130296206925        1.04547853641138
C            2.53656525822381       -0.78642261724251        0.61617966127902
C            1.44366380779390       -1.60053382319749        0.35624185769651
C            2.46802425206363        0.58818122324890        0.43918429646146
C            0.16509647751463        0.35003338744353       -0.23416976246866
C            0.25606842858315       -1.03219874481407       -0.06202206528178
C            1.28260223914438        1.15433991506596        0.01734022773617
H            1.50992761427978       -2.67061323563778        0.47673247863155
H            3.32046788259966        1.21941233676430        0.64719125750947
H           -0.60172914864512       -1.66101813774360       -0.25264712925384
H            1.19218403365818        2.22046287143817       -0.12021359801458
H            7.26395977909581        0.69378822506955       -1.43798929809166
H            4.56497098359222       -2.59616046570178       -1.82899575213820
H           -1.69164727168849        0.32139523636303       -0.76029070269621
O            5.65287231020279       -0.95012742617940       -0.47997391850956
O            5.76290881791501        0.29971329973524        1.38411893489696
O            4.12405304869642       -2.60229301386365       -0.96083433806818
C            6.21848828542660        0.01024472733415        0.28366720835141
C            4.65883582823861       -1.76376876994171       -0.07613381654654
C            7.41242653713116        0.60712755232838       -0.36546327491538
H            4.37440538563916       -0.72559968384732        1.62022818149383
H            8.26980329890374       -0.04593875229657       -0.19688725565439
H            7.62484892387768        1.57559467225417        0.07726415815109
H            3.58326372674090       -2.25918166484045        1.59270774257006
25
 energy: -43.689099138109 gnorm: 0.007048937330 xtb: 6.7.1 (edcfbbe)
O           -0.94110017214683        0.97371946734324       -0.65680671541266
N            3.80813327527153       -1.42126006621216        1.06572593074457
C            2.54068344684644       -0.78996806505922        0.63002690509055
C            1.45611361157974       -1.60079751552460        0.32933893406315
C            2.47016413884922        0.58814378196327        0.48749111217444
C            0.18315245760554        0.36015585766372       -0.24027639688639
C            0.27557596057097       -1.02529023833325       -0.09914823093660
C            1.29179998774938        1.16131588882423        0.05524023136906
H            1.52412197930966       -2.67307085490751        0.42355929876582
H            3.31597039971048        1.21618217106296        0.72852621462216
H           -0.57591571619212       -1.65149303866004       -0.32270556766670
H            1.19985580144272        2.23014233237403       -0.05658721656025
H            7.21395865111935        0.70472429416632       -1.46543755574847
H            4.56505538989755       -2.64345771049719       -1.79203063780961
H           -1.66035522750277        0.33762712080612       -0.80869995226859
O            5.64038888150764       -0.95996936551702       -0.47382816175696
O            5.75843768514314        0.30511898663795        1.37838885982147
O            4.13020724500626       -2.63913692739550       -0.92063434618095
C            6.20440651602645        0.01430362761422        0.27501501949339
C            4.65918277767991       -1.77784472606022       -0.05403842232746
C            7.38176891748529        0.62021338519725       -0.39552115542961
H            4.37056617691910       -0.73443716947543        1.64010659472066
H            8.24780155917883       -0.02557858376260       -0.24215134088448
H            7.59335451820850        1.59126360035762        0.04227770925353
H            3.57969789472725       -2.26787113550007        1.61448486564489
25
 energy: -43.689275518227 gnorm: 0.005489824577 xtb: 6.7.1 (edcfbbe)
O           -0.91150717344463        0.99350840367320       -0.67378474929578
N            3.80806278382902       -1.43329591893429        1.08589554224050
C            2.54492332910148       -0.79687293984365        0.64377272564384
C            1.46889664269925       -1.60125499100367        0.30240916006014
C            2.47325376673468        0.58340261083839        0.53493847902222
C            0.20379827117717        0.37142589284778       -0.24613753316139
C            0.29671034031067       -1.01626420402987       -0.13647867530277
C            1.30330002651112        1.16590749795796        0.09267987324122
H            1.53752980557283       -2.67462892197142        0.37110104597102
H            3.31255683470374        1.20539991198726        0.80799779899646
H           -0.54839818768321       -1.63719219162950       -0.39311282798887
H            1.21065096328460        2.23628277211677        0.00580699875750
H            7.15653424909662        0.71752904177877       -1.49189258072448
H            4.56901239136030       -2.69222075458340       -1.75442367204895
H           -1.62475572354079        0.35993964502205       -0.85637165173605
O            5.62556577060464       -0.96888968903262       -0.46819925439441
O            5.75110619626861        0.30994802158912        1.37372267363932
O            4.13709107492030       -2.67471312806009       -0.88138546658896
C            6.18766264955607        0.01894984120067        0.26695310510476
C            4.66050371854984       -1.79441847904165       -0.03202161297691
C            7.34602068709504        0.63500684090319       -0.42542509501298
H            4.36748479052291       -0.74443187598911        1.65895654524236
H            8.22109602264862       -0.00221327583101       -0.28904541412866
H            7.55645700508536        1.60846927591357        0.00746674885189
H            3.57946992102894       -2.27663826877231        1.63889381248386
25
 energy: -43.689421598632 gnorm: 0.004901227577 xtb: 6.7.1 (edcfbbe)
O           -0.87836135391516        1.01664313791210       -0.68883696079488
N            3.80751921279513       -1.44614351986957        1.10891345604929
C            2.55011130830630       -0.80529501458982        0.65860382068464
C            1.48338117069956       -1.60237505439741        0.27101820734424
C            2.47819422812642        0.57773547874400        0.58628829407709
C            0.22786337826322        0.38398032032831       -0.25273050830446
C            0.32079546893657       -1.00667860184120       -0.17953037804027
C            1.31759845822560        1.17090451219323        0.13395114804345
H            1.55232419388511       -2.67746713801398        0.31165358487822
H            3.31074292899271        1.19298701118220        0.89524212290291
H           -0.51740718260099       -1.62154273195630       -0.47332907494744
H            1.22466150586709        2.24327369397712        0.07456526892345
H            7.08928405141651        0.73114980042936       -1.52064195381974
H            4.57550833327569       -2.74562744179343       -1.71208449978788
H           -1.58508779140725        0.38676986686481       -0.90723850670360
O            5.60746940566693       -0.97841833970938       -0.46289954644107
O            5.74153434134643        0.31559423371970        1.36892544326678
O            4.14531627592022       -2.71533787585535       -0.83815219323732
C            6.16744202477117        0.02341613575534        0.25821885686730
C            4.66259167910909       -1.81631976674216       -0.00609536299008
C            7.30379749148024        0.65155825364576       -0.45833978979723
H            4.36633108142267       -0.75467816840766        1.67859072829284
H            8.18885182531979        0.02472200458652       -0.34082017235720
H            7.51275734468187        1.62776287741846       -0.03139913013632
H            3.57980677540829       -2.28387855647445        1.66844312192208
25
 energy: -43.689536127586 gnorm: 0.004912333990 xtb: 6.7.1 (edcfbbe)
O           -0.84275718880471        1.04196128699896       -0.69986640615665
N            3.80641617730197       -1.46153685826418        1.12765088853919
C            2.55575727483788       -0.81710135140252        0.67067398027940
C            1.49821569709956       -1.60133822795012        0.24534810596173
C            2.48447901803304        0.56574141506872        0.62859140199975
C            0.25424284185505        0.39716374947962       -0.25786412011126
C            0.34629909520888       -0.99287041771427       -0.21493009561140
C            1.33431358949489        1.17120709464168        0.16765295459199
H            1.56621645434515       -2.67589001092222        0.26352196276800
H            3.31108299269697        1.16985576697254        0.96510249790243
H           -0.48501265438616       -1.59739497818741       -0.53935670219757
H            1.24188322829469        2.24325256324736        0.13119345761104
H            7.01547818557147        0.74727176172868       -1.54243522259340
H            4.59198366166091       -2.79628977406004       -1.67367534169179
H           -1.54269517975030        0.42024028611776       -0.95024765138290
O            5.58754224655444       -0.98595452174789       -0.45993747179039
O            5.72787666796420        0.31569433314067        1.36728723115937
O            4.15406363081268       -2.74871312397829       -0.80444387166243
C            6.14415520352278        0.02546722475864        0.25229256305286
C            4.66540982764097       -1.83972091702713        0.01557543679136
C            7.25573568118296        0.66942720014580       -0.48579958991238
H            4.36782155725028       -0.76813403285536        1.69325974607218
H            8.15108042213692        0.05498707530002       -0.38882237967787
H            7.46065644518105        1.64789480750142       -0.06316664502864
H            3.58278128028762       -2.29248523388622        1.69471124698211
25
 energy: -43.689588877864 gnorm: 0.007325185916 xtb: 6.7.1 (edcfbbe)
O           -0.80173043490758        1.06921498350675       -0.71802533437152
N            3.80568938735303       -1.47736220313808        1.15680511008856
C            2.56382631616612       -0.82491340671030        0.68936032977538
C            1.51911688235344       -1.60045631022775        0.20508909612545
C            2.49122216611757        0.56175457696450        0.69356708414765
C            0.28517098919312        0.41329817080076       -0.26552809278458
C            0.37883247971558       -0.98004466628291       -0.26923216005433
C            1.35214908293779        1.17898256976754        0.22031765932404
H            1.58858319894061       -2.67708537092451        0.18920590900840
H            3.30878608194336        1.15817321051415        1.07425251193036
H           -0.44262579432274       -1.57787732620443       -0.64077963943967
H            1.25874258684935        2.25351355919752        0.21826255252036
H            6.92844073737064        0.76445963914417       -1.57804263484556
H            4.60362200656855       -2.86547659783533       -1.61830722104908
H           -1.49306574183792        0.45255190197231       -1.01489619932171
O            5.56428924033544       -0.99911457997229       -0.45449705817324
O            5.71652188733721        0.31931031452802        1.36138493365604
O            4.16482283002417       -2.80237701420741       -0.75015509105742
C            6.11691388963297        0.02850795621301        0.24056404906132
C            4.66722764804176       -1.86803641636507        0.04925588955431
C            7.19989955945377        0.69022124610904       -0.52725994142479
H            4.36896497925088       -0.78319253762067        1.71843366640467
H            8.10798051505645        0.08969469622688       -0.45470787793394
H            7.40101923538804        1.67203229097284       -0.11099428710297
H            3.57862642703153       -2.30304356932246        1.72824272185690
25
 energy: -43.689652536158 gnorm: 0.003303602524 xtb: 6.7.1 (edcfbbe)
O           -0.80774639447198        1.06465352199881       -0.71410284102501
N            3.80602725094846       -1.47561453580023        1.15134326974053
C            2.56379702683035       -0.82265626831517        0.68535810150948
C            1.51775266609261       -1.59865007061205        0.21206230087396
C            2.49082213948129        0.56243322646841        0.68011374807358
C            0.28122240090267        0.41120504242149       -0.26399964587107
C            0.37544105603653       -0.98050534572438       -0.25888245484813
C            1.34977423664312        1.17742580623165        0.20986174003814
H            1.58765347920319       -2.67456943439551        0.20237034176940
H            3.30915347507225        1.16024299722094        1.05334624362908
H           -0.44676652461934       -1.57896022733365       -0.62120421110995
H            1.25625890152525        2.25110089633704        0.20203561033469
H            6.93965993086347        0.76285334425543       -1.57043363253028
H            4.60565845410106       -2.85552647633565       -1.62625755991463
H           -1.50005348772606        0.44878839056992       -1.00133983797142
O            5.56761751920780       -0.99783308396621       -0.45642903776647
O            5.71810283101288        0.31526769431085        1.36279737212464
O            4.16376671388342       -2.79467373616791       -0.75990432268800
C            6.11918553456556        0.02652886255547        0.24197913758623
C            4.66687293049696       -1.86396087336520        0.04361944662987
C            7.20542686850917        0.68751145970325       -0.51958949135988
H            4.37030158189223       -0.78302728469108        1.71422009347078
H            8.11107329128953        0.08561720446228       -0.44385289094444
H            7.40533981284509        1.66839378920460       -0.10065451449182
H            3.57668446140766       -2.30330978192682        1.71985901063535
25
 energy: -43.689709646295 gnorm: 0.002094708753 xtb: 6.7.1 (edcfbbe)
O           -0.79142817226388        1.07567415785823       -0.71778574078576
N            3.80625040536052       -1.48352470280837        1.16110533842017
C            2.56898440783031       -0.82411264306214        0.69088989221275
C            1.52902366723005       -1.59477812325272        0.19840023607763
C            2.49423296728334        0.56042585255155        0.69972107026975
C            0.29427397960414        0.41851106064402       -0.26561446387653
C            0.39074761196119       -0.97260723994535       -0.27633255616281
C            1.35688991550336        1.17961148238031        0.22667241818647
H            1.60070490502342       -2.67026438653732        0.17747263513378
H            3.30824424290997        1.15424398395696        1.08486675847743
H           -0.42629144296225       -1.56745554862482       -0.65364061411738
H            1.26267832885361        2.25269973303086        0.22970169063770
H            6.90009904598889        0.77214244893291       -1.58105185496123
H            4.61672547848529       -2.88179845155856       -1.60380183963934
H           -1.47927854215324        0.46342445529451       -1.02273321273394
O            5.55888578599139       -1.00511711918640       -0.45499241614723
O            5.71481598734005        0.30865919017617        1.36285350135551
O            4.16864092461198       -2.81420296629924       -0.74137540268227
C            6.10645759760455        0.02370951002747        0.23809713134991
C            4.66781876253177       -1.87556899341617        0.05624498108002
C            7.17831034558475        0.69675352124231       -0.53370590103458
H            4.37275458344496       -0.79320247927820        1.72444604537327
H            8.08991706634161        0.10264012218132       -0.46997745764213
H            7.37330806776941        1.67839518914610       -0.11425488203049
H            3.57026023611795       -2.31152293634715        1.72711061913392
25
 energy: -43.689768044058 gnorm: 0.003059989294 xtb: 6.7.1 (edcfbbe)
O           -0.75771621192009        1.09825450901153       -0.72821359667193
N            3.80669841771150       -1.49953822166404        1.18294170642065
C            2.57935091142033       -0.82765520510510        0.70200415268319
C            1.55177246344193       -1.58826430342769        0.16692798137634
C            2.50146293448465        0.55657267122294        0.74257260661980
C            0.32137210402474        0.43276232872256       -0.27304676210359
C            0.42191584380211       -0.95748624605749       -0.31646468661601
C            1.37193713842123        1.18413572393694        0.26073336799835
H            1.62702735606634       -2.66299562591034        0.12159659065171
H            3.30595773527782        1.14448805229684        1.16190812522594
H           -0.38484439662254       -1.54519352664048       -0.72676785817838
H            1.27560234131899        2.25767607778625        0.29091671943256
H            6.81861922183877        0.79019466714701       -1.60584616070261
H            4.63650802094702       -2.93615450216729       -1.55593817481470
H           -1.43693336611049        0.49443205540774       -1.06288965217522
O            5.54155611025205       -1.02103532302464       -0.45031127703730
O            5.70948289841809        0.29788224372429        1.36202147434270
O            4.17944138815641       -2.85699159453110       -0.69911114836277
C            6.08115290886999        0.01965039068729        0.22921373589067
C            4.67076047251290       -1.90081338273374        0.08475938048075
C            7.12316399318154        0.71577824249163       -0.56531982007894
H            4.37568061279424       -0.81273092898889        1.74788982093859
H            8.04702566002795        0.13783942583675       -0.52591535842328
H            7.30930174397931        1.69929884450418       -0.14604221660911
H            3.55672985369830       -2.32737125541883        1.74469702560712
25
 energy: -43.689781549094 gnorm: 0.003869300380 xtb: 6.7.1 (edcfbbe)
O           -0.74146898898452        1.11116736616988       -0.72925728597624
N            3.80715612587951       -1.50796773779664        1.19309966603392
C            2.58467931421695       -0.82940931015172        0.70731138223864
C            1.56324888450807       -1.58465012501741        0.15266994654826
C            2.50502806786531        0.55450137412204        0.76424775525620
C            0.33402542070799        0.44098615122262       -0.27235240984540
C            0.43729055051600       -0.94961716033785       -0.33468460741114
C            1.37880139652233        1.18679794723419        0.28040124613668
H            1.64085016840650       -2.65889478547809        0.09420321048528
H            3.30559598923112        1.13715860826054        1.19119136212862
H           -0.36411155069064       -1.53386015348754       -0.76211737083696
H            1.28194005052958        2.25871641301307        0.31861939936219
H            6.77771627809071        0.79773416463194       -1.61740171049237
H            4.64744221773112       -2.96109291288188       -1.53274075181641
H           -1.41545298077778        0.50937224313602       -1.08766199307850
O            5.53438693816205       -1.02972346444576       -0.44707128252256
O            5.70749427692242        0.29288203422340        1.36121017713105
O            4.18581105847195       -2.87693028047985       -0.67877739525787
C            6.06889677321814        0.01781382401169        0.22489480443109
C            4.67321521100420       -1.91339948115864        0.09877217334342
C            7.09486624176948        0.72491382395301       -0.58050946205194
H            4.37582576995525       -0.82339477035479        1.76095554611695
H            8.02440872011652        0.15612041887235       -0.55262153755740
H            7.27616794930710        1.70962636377026       -0.16159769291716
H            3.54921227331374       -2.33611543392451        1.75153280644613
25
 energy: -43.689797120328 gnorm: 0.001558667770 xtb: 6.7.1 (edcfbbe)
O           -0.74037162935354        1.11227640710654       -0.72935083584095
N            3.80707583370330       -1.50903869849513        1.19300019371028
C            2.58520200395473       -0.82982405726784        0.70597244460756
C            1.56411258484885       -1.58414323840957        0.15136493696833
C            2.50577825405968        0.55349235272476        0.76338348091026
C            0.33507852935249        0.44133189748390       -0.27364324952220
C            0.43831949486398       -0.94853542458145       -0.33550171393243
C            1.37970660202355        1.18614253943137        0.27921737967313
H            1.64191960036114       -2.65772087253161        0.09289429537960
H            3.30584069250466        1.13612060895956        1.19264807614155
H           -0.36289692560907       -1.53158137528422       -0.76183221755462
H            1.28230338788119        2.25836559486602        0.31947126103426
H            6.77302380568268        0.79776914147260       -1.61761584658710
H            4.64986004296756       -2.96183935107435       -1.53133452228229
H           -1.41420237726860        0.51186282594481       -1.08493110167789
O            5.53529205292723       -1.03110962619430       -0.44569148785101
O            5.70845753638991        0.29194455109243        1.36182714389207
O            4.18789527459880       -2.87816290342900       -0.67762553705661
C            6.06870556317805        0.01718285907882        0.22548845680163
C            4.67456929112856       -1.91460357380732        0.09984467209558
C            7.09165563272731        0.72563826445909       -0.58126247659064
H            4.37398306267558       -0.82511195873986        1.76307517448318
H            8.02221793979259        0.15897587431026       -0.55482185026352
H            7.27188887201517        1.71063716117491       -0.16250048089846
H            3.54761103058724       -2.33733388118405        1.75023978025480
25
 energy: -43.689787879992 gnorm: 0.004033372665 xtb: 6.7.1 (edcfbbe)
O           -0.73870373843365        1.11396899934917       -0.72948436048424
N            3.80695241248722       -1.51066341391183        1.19285635076264
C            2.58599292687211       -0.83045440782177        0.70394940334212
C            1.56541940255460       -1.58337684542121        0.14937835907891
C            2.50691625710435        0.55196350638148        0.76209136071457
C            0.33667555876911        0.44186373971049       -0.27558460410344
C            0.43987836596134       -0.94689378021995       -0.33674804699743
C            1.38108067240885        1.18515504849577        0.27744983415021
H            1.64353769637072       -2.65594920501348        0.09088028150960
H            3.30621363716932        1.13454389123195        1.19487029334419
H           -0.36105677759582       -1.52812924667567       -0.76143693091755
H            1.28285930801127        2.25783638013906        0.32078237042173
H            6.76589052880519        0.79782486203097       -1.61795205020656
H            4.65352382751265       -2.96298655178822       -1.52919031810890
H           -1.41229874570838        0.51563976544271       -1.08083345134741
O            5.53666596582112       -1.03321223661405       -0.44359364216972
O            5.70993100229218        0.29052316192330        1.36277008747360
O            4.19106407203001       -2.88005122241710       -0.67586005502246
C            6.06842085847547        0.01622840519944        0.22639039602419
C            4.67662704346588       -1.91643380506588        0.10148120084533
C            7.08678105618207        0.72674186512676       -0.58241824560324
H            4.37118006002043       -0.82771765074236        1.76629954174123
H            8.01889653070099        0.16331711225608       -0.55818354125539
H            7.26539391210853        1.71217596096291       -0.16388710478506
H            3.54518432260751       -2.33917921545222        1.74828884748759
25
 energy: -43.689806979729 gnorm: 0.002450345345 xtb: 6.7.1 (edcfbbe)
O           -0.72753134697939        1.12178637740224       -0.73329675505934
N            3.80654542721737       -1.51560727424920        1.19935132272966
C            2.58806770773733       -0.83278858480405        0.70799255249955
C            1.57077176864822       -1.58217458942183        0.14054897317126
C            2.50876193794609        0.54944634893908        0.77623591026974
C            0.34478780252645        0.44667640174555       -0.27590487976312
C            0.44828281427333       -0.94200596104127       -0.34793199666016
C            1.38592094386728        1.18620516532151        0.28968450946214
H            1.64954215724079       -2.65527889412843        0.07189415051441
H            3.30578030075984        1.12909357193385        1.21843695174037
H           -0.34984289589657       -1.52104186710306       -0.78541944995288
H            1.28755796303340        2.25856621467046        0.34004867649366
H            6.74146323886638        0.80303476125470       -1.62577736714928
H            4.65849857847088       -2.98055551176988       -1.51532892872137
H           -1.39877067433756        0.52562076454495       -1.09567597438638
O            5.53136538769759       -1.03637189330544       -0.44177056274941
O            5.70804908358931        0.28962744011359        1.36290217488036
O            4.19535393891832       -2.89358755618374       -0.66258121467101
C            6.06165291893626        0.01672682021258        0.22438860293794
C            4.67791790570017       -1.92346085479767        0.10960548518594
C            7.07083092585805        0.73268839927136       -0.59248220315644
H            4.37008201218803       -0.83336849550571        1.77337146696419
H            8.00658709800152        0.17382113607574       -0.57601367162474
H            7.24766969239641        1.71885009089660       -0.17510178772589
H            3.54368146933354       -2.34316689296553        1.75513999066532
25
 energy: -43.689813079336 gnorm: 0.002112365561 xtb: 6.7.1 (edcfbbe)
O           -0.71888840122365        1.12857839445273       -0.73466009751740
N            3.80610641260156       -1.52003866746634        1.20380412259159
C            2.58964328216141       -0.83503073994024        0.71058590305709
C            1.57484825375459       -1.58154409183556        0.13271249443161
C            2.50996839413492        0.54731844282827        0.78773714589218
C            0.35097973100975        0.45053170033995       -0.27570400305381
C            0.45483211262092       -0.93842064317789       -0.35765180916495
C            1.38948015093417        1.18721709411053        0.30050361903970
H            1.65339722751983       -2.65372979492049        0.05950476542510
H            3.30565614833583        1.12364792568363        1.23379663835593
H           -0.34153718988779       -1.51452188246115       -0.80131830399492
H            1.29137637832963        2.25876912021003        0.35489447923322
H            6.72254687099324        0.80578880233723       -1.63121586203712
H            4.66276128675592       -2.99337136857265       -1.50514268275345
H           -1.38783115511553        0.53320299583234       -1.10941952706256
O            5.52812003881680       -1.03881448582288       -0.44004396654005
O            5.70671167379994        0.29005816834664        1.36267987750471
O            4.20000159425550       -2.90378274981372       -0.65241312195448
C            6.05689457991421        0.01769716222499        0.22298793185229
C            4.67965350280882       -1.92858006000669        0.11565077871777
C            7.05829035515104        0.73737666580302       -0.60008665966097
H            4.36809368784387       -0.83919032565987        1.77960392004961
H            7.99615057079833        0.18241848619812       -0.58920242739451
H            7.23346204789504        1.72456045781457       -0.18447893752156
H            3.54230860178469       -2.34740548939818        1.75919169839944
25
 energy: -43.689817851711 gnorm: 0.000784571542 xtb: 6.7.1 (edcfbbe)
O           -0.71845815662469        1.12860697361296       -0.73517138457182
N            3.80588042046180       -1.52015368403998        1.20372301728570
C            2.58952738957246       -0.83508896834568        0.71052347635878
C            1.57474090270087       -1.58121830242077        0.13340743357504
C            2.50972664853806        0.54700422515740        0.78722298350798
C            0.35115016929128        0.45060443195953       -0.27593956643154
C            0.45488546854406       -0.93801055016590       -0.35704500317252
C            1.38954297553227        1.18699518926220        0.29956510900535
H            1.65353220273002       -2.65363836542078        0.05945363710801
H            3.30528739990957        1.12321768821301        1.23389522392072
H           -0.34137249153577       -1.51414226571159       -0.80159105645551
H            1.29114149911792        2.25848743974658        0.35460375578031
H            6.72081104467082        0.80534778190479       -1.63060117635010
H            4.66232852632968       -2.99242043178757       -1.50535761077800
H           -1.38727172998056        0.53363851972002       -1.10878925489030
O            5.52828807795664       -1.03868813392325       -0.43984967406823
O            5.70778868102974        0.28957907965334        1.36322091522848
O            4.20119765259334       -2.90380439502377       -0.65182831919195
C            6.05775708016911        0.01733798901091        0.22357077145903
C            4.67997736492800       -1.92827055116104        0.11582144093381
C            7.05802268803033        0.73737293153936       -0.60012260391160
H            4.36740041810974       -0.83960680059094        1.78003984529564
H            7.99599812568937        0.18287156483673       -0.59046802253869
H            7.23302133762133        1.72467878481427       -0.18479437024159
H            3.54212246060766       -2.34796503373342        1.75882640903749
